Gene_id	Chromosome	Gene_Start	Gene_End
OG_0001862	NC_062234.1	6844	33931
OG_0017668	NC_062234.1	30180	91203
OG_0018902	NC_062234.1	92324	112890
OG_0007990	NC_062234.1	98551	125945
OG_0015315	NC_062234.1	112777	187524
OG_0011938	NC_062234.1	173752	195590
OG_0004227	NC_062234.1	190231	219095
OG_0008089	NC_062234.1	216969	238298
OG_0011295	NC_062234.1	229789	253322
OG_0018299	NC_062234.1	236416	256975
OG_0005705	NC_062234.1	244253	266447
OG_0017097	NC_062234.1	251672	272502
OG_0012726	NC_062234.1	288184	308789
OG_0013683	NC_062234.1	315742	339368
OG_0012045	NC_062234.1	340521	363679
OG_0017582	NC_062234.1	352494	373630
OG_0016935	NC_062234.1	355969	377286
OG_0001411	NC_062234.1	379603	401024
OG_0009735	NC_062234.1	396400	421066
OG_0000540	NC_062234.1	418236	442221
OG_0011586	NC_062234.1	434412	456616
OG_0017878	NC_062234.1	438196	458616
OG_0002571	NC_062234.1	444998	472020
OG_0008165	NC_062234.1	456882	480836
OG_0018362	NC_062234.1	467023	489689
OG_0008340	NC_062234.1	502345	536718
OG_0011856	NC_062234.1	568115	592708
OG_0000314	NC_062234.1	576224	606251
OG_0009448	NC_062234.1	658250	686080
OG_0016393	NC_062234.1	674612	695911
OG_0017446	NC_062234.1	697399	718799
OG_0014347	NC_062234.1	788565	855553
OG_0014345	NC_062234.1	924166	1014937
OG_0007911	NC_062234.1	1112679	1140380
OG_0016131	NC_062234.1	1124481	1155899
OG_0017381	NC_062234.1	1148253	1174937
OG_0017349	NC_062234.1	1156795	1177757
OG_0009358	NC_062234.1	1162297	1198181
OG_0000404	NC_062234.1	1181690	1218224
OG_0006163	NC_062234.1	1210666	1231370
OG_0002510	NC_062234.1	1218884	1239888
OG_0007806	NC_062234.1	1229546	1251680
OG_0012449	NC_062234.1	1232994	1256438
OG_0013256	NC_062234.1	1249024	1271211
OG_0016666	NC_062234.1	1257987	1282794
OG_0003207	NC_062234.1	1264549	1286545
OG_0002752	NC_062234.1	1278490	1362415
OG_0007605	NC_062234.1	1359486	1407990
OG_0006310	NC_062234.1	1393267	1424278
OG_0014066	NC_062234.1	1409922	1475500
OG_0018619	NC_062234.1	1482614	1503861
OG_0012472	NC_062234.1	1500836	1539432
OG_0008059	NC_062234.1	1521898	1549709
OG_0000602	NC_062234.1	1552499	1612140
OG_0016457	NC_062234.1	1602903	1630602
OG_0008025	NC_062234.1	1669686	1721293
OG_0013585	NC_062234.1	1705075	1794118
OG_0014115	NC_062234.1	1780466	1810712
OG_0013527	NC_062234.1	1792345	1820753
OG_0002039	NC_062234.1	2105643	2191181
OG_0002038	NC_062234.1	2174222	2204054
OG_0015206	NC_062234.1	2187054	2228115
OG_0000949	NC_062234.1	2232682	2253719
OG_0013107	NC_062234.1	2378571	2423952
OG_0003329	NC_062234.1	2470929	2494969
OG_0009075	NC_062234.1	2479319	2541397
OG_0016259	NC_062234.1	2690274	2721703
OG_0017060	NC_062234.1	2702444	2726263
OG_0015263	NC_062234.1	3026954	3057456
OG_0006339	NC_062234.1	3051945	3097942
OG_0005857	NC_062234.1	3083052	3106407
OG_0012987	NC_062234.1	3142026	3182257
OG_0012938	NC_062234.1	3163853	3196066
OG_0011215	NC_062234.1	3186097	3211597
OG_0014502	NC_062234.1	3205825	3254186
OG_0006386	NC_062234.1	3243450	3265363
OG_0007949	NC_062234.1	3249899	3273591
OG_0001913	NC_062234.1	3254150	3277824
OG_0012613	NC_062234.1	3283039	3306589
OG_0006735	NC_062234.1	3290999	3313187
OG_0017026	NC_062234.1	3527891	3566638
OG_0017078	NC_062234.1	3558924	3617870
OG_0012643	NC_062234.1	3608767	3638235
OG_0007808	NC_062234.1	3640070	3661452
OG_0016675	NC_062234.1	3669809	3694155
OG_0017903	NC_062234.1	3719435	3739803
OG_0011687	NC_062234.1	3768741	3804381
OG_0017090	NC_062234.1	3838268	3861446
OG_0018088	NC_062234.1	4173423	4195124
OG_0018486	NC_062234.1	4177246	4198681
OG_0016865	NC_062234.1	4204739	4242740
OG_0014529	NC_062234.1	4227904	4249400
OG_0006567	NC_062234.1	4230280	4253444
OG_0005154	NC_062234.1	4253994	4281139
OG_0014650	NC_062234.1	4271725	4293516
OG_0016002	NC_062234.1	4293208	4374441
OG_0014393	NC_062234.1	4402922	4474879
OG_0007293	NC_062234.1	4571750	4678511
OG_0011893	NC_062234.1	4909706	4945672
OG_0009534	NC_062234.1	4966088	4988487
OG_0008763	NC_062234.1	5002159	5022761
OG_0018881	NC_062234.1	5055505	5075945
OG_0014654	NC_062234.1	5107152	5215228
OG_0016185	NC_062234.1	5247589	5270676
OG_0009384	NC_062234.1	5425266	5483837
OG_0011653	NC_062234.1	5477106	5501741
OG_0018269	NC_062234.1	5496848	5517385
OG_0009062	NC_062234.1	5509544	5533295
OG_0015516	NC_062234.1	5522693	5543417
OG_0001101	NC_062234.1	5525606	5557663
OG_0012820	NC_062234.1	5571590	5593390
OG_0009087	NC_062234.1	5578632	5600177
OG_0017004	NC_062234.1	5612107	5632844
OG_0008320	NC_062234.1	5620917	5654438
OG_0016198	NC_062234.1	5689126	5726558
OG_0016199	NC_062234.1	5706998	5741924
OG_0007962	NC_062234.1	5767596	5788366
OG_0018465	NC_062234.1	5818377	5839542
OG_0012821	NC_062234.1	5841325	5864016
OG_0012126	NC_062234.1	5848101	5871400
OG_0002145	NC_062234.1	5887742	5919266
OG_0016922	NC_062234.1	5928599	5966317
OG_0003517	NC_062234.1	6076849	6106643
OG_0002258	NC_062234.1	6375691	6398564
OG_0011620	NC_062234.1	6387894	6456485
OG_0012061	NC_062234.1	6460044	6481953
OG_0005439	NC_062234.1	6492594	6514655
OG_0013389	NC_062234.1	6495980	6524655
OG_0013387	NC_062234.1	6521453	6554393
OG_0011654	NC_062234.1	6543314	6565128
OG_0014157	NC_062234.1	6549491	6574682
OG_0001028	NC_062234.1	6588771	6619004
OG_0000455	NC_062234.1	6669332	6699447
OG_0012049	NC_062234.1	6721941	6743592
OG_0000863	NC_062234.1	6729387	6751044
OG_0019118	NC_062234.1	6736572	6757576
OG_0001816	NC_062234.1	6743798	6771184
OG_0013507	NC_062234.1	6880451	6903139
OG_0016169	NC_062234.1	6944202	6987602
OG_0000277	NC_062234.1	6971721	6993559
OG_0013854	NC_062234.1	6990161	7016129
OG_0009263	NC_062234.1	6999329	7030510
OG_0011841	NC_062234.1	7028320	7051636
OG_0007377	NC_062234.1	7040509	7068283
OG_0017911	NC_062234.1	7054516	7075120
OG_0014419	NC_062234.1	7059692	7083338
OG_0015618	NC_062234.1	7068012	7095014
OG_0008385	NC_062234.1	7076760	7099070
OG_0008103	NC_062234.1	7082197	7107900
OG_0016576	NC_062234.1	7096777	7144537
OG_0002350	NC_062234.1	7127372	7149185
OG_0013980	NC_062234.1	7183112	7225353
OG_0017616	NC_062234.1	7267654	7293553
OG_0015377	NC_062234.1	7277274	7300633
OG_0013770	NC_062234.1	7296813	7318679
OG_0011650	NC_062234.1	7328948	7352001
OG_0016640	NC_062234.1	7350445	7372531
OG_0000552	NC_062234.1	7369528	7450946
OG_0016093	NC_062234.1	7551758	7575060
OG_0000542	NC_062234.1	7757143	7784366
OG_0017168	NC_062234.1	7817767	7839766
OG_0014062	NC_062234.1	7920371	7948054
OG_0014457	NC_062234.1	7950858	7981370
OG_0007970	NC_062234.1	7963621	7985661
OG_0007483	NC_062234.1	7983562	8006835
OG_0007188	NC_062234.1	8019552	8045758
OG_0011548	NC_062234.1	8033046	8102269
OG_0001001	NC_062234.1	8088523	8139970
OG_0009996	NC_062234.1	8178052	8198664
OG_0015590	NC_062234.1	8185471	8214876
OG_0012128	NC_062234.1	8289436	8312160
OG_0013157	NC_062234.1	8327473	8352405
OG_0014092	NC_062234.1	8335405	8361208
OG_0011376	NC_062234.1	8358449	8388739
OG_0011377	NC_062234.1	8371320	8395306
OG_0018741	NC_062234.1	8378585	8403474
OG_0005563	NC_062234.1	8430552	8461712
OG_0007579	NC_062234.1	8446734	8473485
OG_0008369	NC_062234.1	8456733	8487640
OG_0002236	NC_062234.1	8551249	8573078
OG_0016403	NC_062234.1	8577148	8601592
OG_0005529	NC_062234.1	8596120	8623031
OG_0018744	NC_062234.1	8606090	8626690
OG_0014160	NC_062234.1	8620357	8642580
OG_0006468	NC_062234.1	8627728	8649353
OG_0014294	NC_062234.1	8655029	8678830
OG_0015535	NC_062234.1	8662723	8683845
OG_0002458	NC_062234.1	8671668	8693297
OG_0006905	NC_062234.1	8719230	8745018
OG_0005818	NC_062234.1	8726262	8747423
OG_0000342	NC_062234.1	8731890	8808120
OG_0007858	NC_062234.1	8847964	8876725
OG_0017134	NC_062234.1	8875455	8900805
OG_0012036	NC_062234.1	8883515	8905191
OG_0000265	NC_062234.1	8886271	8915223
OG_0003360	NC_062234.1	8927170	8952090
OG_0003359	NC_062234.1	8935427	8957865
OG_0001706	NC_062234.1	9017718	9041879
OG_0015542	NC_062234.1	9162601	9183647
OG_0017189	NC_062234.1	9173578	9201500
OG_0011599	NC_062234.1	9184340	9205841
OG_0006640	NC_062234.1	9190883	9213396
OG_0006808	NC_062234.1	9377453	9405491
OG_0000351	NC_062234.1	9458831	9500582
OG_0001592	NC_062234.1	9551018	9575398
OG_0017437	NC_062234.1	9613388	9648652
OG_0012535	NC_062234.1	9647979	9669406
OG_0002368	NC_062234.1	9654016	9678054
OG_0012223	NC_062234.1	9658623	9682691
OG_0005475	NC_062234.1	9742107	9763564
OG_0017500	NC_062234.1	9787230	9808896
OG_0005817	NC_062234.1	9796430	9817788
OG_0015294	NC_062234.1	9848315	9871527
OG_0012319	NC_062234.1	9856672	9878776
OG_0001148	NC_062234.1	9873938	9894905
OG_0003002	NC_062234.1	9953936	10131442
OG_0009092	NC_062234.1	10117196	10140321
OG_0002279	NC_062234.1	10136260	10161289
OG_0015541	NC_062234.1	10238346	10261240
OG_0018583	NC_062234.1	10458704	10480250
OG_0007004	NC_062234.1	10484354	10506956
OG_0003169	NC_062234.1	10522292	10544754
OG_0003166	NC_062234.1	10559667	10583799
OG_0017583	NC_062234.1	10579252	10601388
OG_0011652	NC_062234.1	10606897	10671023
OG_0013229	NC_062234.1	10655774	10681922
OG_0006765	NC_062234.1	10761455	10783557
OG_0018439	NC_062234.1	10923586	10946313
OG_0011738	NC_062234.1	10988317	11016005
OG_0018182	NC_062234.1	11030826	11051170
OG_0013063	NC_062234.1	11036215	11069885
OG_0012594	NC_062234.1	11062144	11086893
OG_0013912	NC_062234.1	11070076	11110054
OG_0015475	NC_062234.1	11133498	11155025
OG_0002539	NC_062234.1	11149375	11171389
OG_0007906	NC_062234.1	11165355	11200677
OG_0009579	NC_062234.1	11186995	11209217
OG_0008112	NC_062234.1	11250842	11271681
OG_0006423	NC_062234.1	11265783	11286571
OG_0006764	NC_062234.1	11275927	11299037
OG_0005912	NC_062234.1	11287886	11326278
OG_0005877	NC_062234.1	11308953	11329651
OG_0006829	NC_062234.1	11324347	11345207
OG_0016746	NC_062234.1	11325937	11349577
OG_0015654	NC_062234.1	11341081	11381195
OG_0012306	NC_062234.1	11388735	11411152
OG_0017113	NC_062234.1	11631628	11721351
OG_0005930	NC_062234.1	12036984	12058676
OG_0002245	NC_062234.1	12040064	12063995
OG_0016077	NC_062234.1	12063371	12087006
OG_0000159	NC_062234.1	12071827	12093356
OG_0011264	NC_062234.1	12074473	12103444
OG_0002573	NC_062234.1	12090671	12119108
OG_0007443	NC_062234.1	12105637	12134056
OG_0006516	NC_062234.1	12159689	12180378
OG_0005597	NC_062234.1	12197146	12224713
OG_0006723	NC_062234.1	12206715	12227410
OG_0012291	NC_062234.1	12257648	12285349
OG_0016575	NC_062234.1	12373712	12405651
OG_0007063	NC_062234.1	12386938	12418269
OG_0012927	NC_062234.1	12427689	12452543
OG_0016769	NC_062234.1	12443667	12470547
OG_0006842	NC_062234.1	12506241	12536749
OG_0016099	NC_062234.1	12559657	12592109
OG_0007044	NC_062234.1	12948457	13001483
OG_0015058	NC_062234.1	13041865	13146750
OG_0015057	NC_062234.1	13135491	13162529
OG_0015056	NC_062234.1	13147165	13173329
OG_0000729	NC_062234.1	13161156	13215904
OG_0011959	NC_062234.1	13205121	13226326
OG_0001408	NC_062234.1	13208949	13242816
OG_0015087	NC_062234.1	13236616	13260177
OG_0012763	NC_062234.1	13248371	13269155
OG_0012762	NC_062234.1	13250760	13271096
OG_0014534	NC_062234.1	13313569	13336286
OG_0008322	NC_062234.1	13325092	13353810
OG_0006490	NC_062234.1	13355364	13379929
OG_0012107	NC_062234.1	13369445	13429333
OG_0007545	NC_062234.1	13413291	13448646
OG_0009493	NC_062234.1	13441930	13464086
OG_0015950	NC_062234.1	13450634	13474311
OG_0005500	NC_062234.1	13455318	13476022
OG_0001507	NC_062234.1	13599739	13647719
OG_0018715	NC_062234.1	13645001	13665704
OG_0007236	NC_062234.1	13646794	13684201
OG_0019020	NC_062234.1	13664687	13685131
OG_0006548	NC_062234.1	13669216	13696764
OG_0001506	NC_062234.1	13677787	13699647
OG_0006336	NC_062234.1	13681891	13713258
OG_0001833	NC_062234.1	13724241	13800421
OG_0011373	NC_062234.1	13795461	13823328
OG_0012814	NC_062234.1	13805924	13827297
OG_0018337	NC_062234.1	13841360	13861728
OG_0015528	NC_062234.1	13856616	13877460
OG_0009163	NC_062234.1	14037580	14058583
OG_0006699	NC_062234.1	14078526	14099429
OG_0018561	NC_062234.1	14080675	14101235
OG_0000426	NC_062234.1	14087326	14148251
OG_0011892	NC_062234.1	14396524	14425519
OG_0017408	NC_062234.1	14416477	14437684
OG_0009363	NC_062234.1	14422637	14472918
OG_0006970	NC_062234.1	14455846	14478444
OG_0011795	NC_062234.1	14580021	14601076
OG_0011796	NC_062234.1	14581510	14602358
OG_0017834	NC_062234.1	14666587	14688323
OG_0002112	NC_062234.1	14710724	14732385
OG_0009127	NC_062234.1	14715450	14739462
OG_0001280	NC_062234.1	75270	96247
OG_0012738	NC_062234.1	85342	106539
OG_0011406	NC_062234.1	96287	117318
OG_0012084	NC_062234.1	112264	133830
OG_0011665	NC_062234.1	206637	232376
OG_0011283	NC_062234.1	219503	243078
OG_0017065	NC_062234.1	234141	255932
OG_0012152	NC_062234.1	237197	262229
OG_0007389	NC_062234.1	259555	285294
OG_0007390	NC_062234.1	269032	291881
OG_0018699	NC_062234.1	296977	317393
OG_0007415	NC_062234.1	321519	343810
OG_0012046	NC_062234.1	344467	366375
OG_0002275	NC_062234.1	347707	370404
OG_0001050	NC_062234.1	354069	375089
OG_0009552	NC_062234.1	364104	385853
OG_0011980	NC_062234.1	381658	403510
OG_0018710	NC_062234.1	402713	427089
OG_0006333	NC_062234.1	429262	453731
OG_0006807	NC_062234.1	439666	461634
OG_0012161	NC_062234.1	446990	467532
OG_0014825	NC_062234.1	452279	472984
OG_0005847	NC_062234.1	458514	479224
OG_0012846	NC_062234.1	461763	485807
OG_0007145	NC_062234.1	471389	509047
OG_0008341	NC_062234.1	517472	544755
OG_0008033	NC_062234.1	637879	676464
OG_0014885	NC_062234.1	686733	707122
OG_0015503	NC_062234.1	1122474	1143842
OG_0014285	NC_062234.1	1139803	1162494
OG_0017228	NC_062234.1	1159401	1181364
OG_0018178	NC_062234.1	1180458	1200763
OG_0000847	NC_062234.1	1216090	1238137
OG_0013523	NC_062234.1	1221510	1242016
OG_0000578	NC_062234.1	1236987	1260843
OG_0006663	NC_062234.1	1252927	1283960
OG_0015156	NC_062234.1	1267016	1297951
OG_0013777	NC_062234.1	1344053	1372452
OG_0015490	NC_062234.1	1355226	1378269
OG_0009547	NC_062234.1	1377299	1398288
OG_0009623	NC_062234.1	1390193	1412517
OG_0007687	NC_062234.1	1405819	1429222
OG_0002575	NC_062234.1	1458936	1479961
OG_0002246	NC_062234.1	1461180	1486521
OG_0001727	NC_062234.1	1474003	1500522
OG_0000107	NC_062234.1	1533345	1571947
OG_0014913	NC_062234.1	1617035	1637432
OG_0011456	NC_062234.1	1628823	1688263
OG_0000374	NC_062234.1	1671359	1698991
OG_0002130	NC_062234.1	1778176	1799861
OG_0013163	NC_062234.1	1925038	1971096
OG_0001424	NC_062234.1	2326567	2349643
OG_0009381	NC_062234.1	2408524	2432412
OG_0017034	NC_062234.1	2475166	2495903
OG_0012856	NC_062234.1	2476895	2498717
OG_0018926	NC_062234.1	2522826	2543263
OG_0017480	NC_062234.1	2662532	2691347
OG_0009458	NC_062234.1	2708909	2731909
OG_0016515	NC_062234.1	2721839	2758616
OG_0012454	NC_062234.1	3047424	3071419
OG_0016279	NC_062234.1	3086627	3110795
OG_0013055	NC_062234.1	3091679	3117079
OG_0012138	NC_062234.1	3238615	3262757
OG_0007054	NC_062234.1	3245513	3268024
OG_0012755	NC_062234.1	3293447	3316996
OG_0014584	NC_062234.1	3517280	3547202
OG_0006318	NC_062234.1	3619844	3656562
OG_0002150	NC_062234.1	3644982	3731720
OG_0014081	NC_062234.1	3715658	3737509
OG_0013410	NC_062234.1	3721204	3750865
OG_0005193	NC_062234.1	3738898	3763190
OG_0015447	NC_062234.1	3757088	3781966
OG_0007680	NC_062234.1	3786653	3818362
OG_0007292	NC_062234.1	3927749	3973118
OG_0011631	NC_062234.1	4179826	4203167
OG_0006457	NC_062234.1	4225339	4247187
OG_0007725	NC_062234.1	4237156	4269134
OG_0001290	NC_062234.1	4265120	4289022
OG_0013729	NC_062234.1	4275040	4296104
OG_0014942	NC_062234.1	4624192	4645040
OG_0016419	NC_062234.1	4793829	4862082
OG_0002240	NC_062234.1	4872390	4894933
OG_0003283	NC_062234.1	4889059	4927447
OG_0001262	NC_062234.1	5196927	5218366
OG_0011900	NC_062234.1	5218191	5250455
OG_0007859	NC_062234.1	5253894	5281098
OG_0006769	NC_062234.1	5262148	5302095
OG_0014359	NC_062234.1	5336925	5359981
OG_0014361	NC_062234.1	5342503	5374338
OG_0016268	NC_062234.1	5361186	5389239
OG_0016269	NC_062234.1	5370720	5395575
OG_0008079	NC_062234.1	5456843	5477352
OG_0012914	NC_062234.1	5468907	5490829
OG_0014586	NC_062234.1	5482518	5511195
OG_0018636	NC_062234.1	5493981	5514665
OG_0018268	NC_062234.1	5499206	5519736
OG_0017463	NC_062234.1	5523521	5544948
OG_0012685	NC_062234.1	5543960	5565732
OG_0005743	NC_062234.1	5551510	5581790
OG_0005744	NC_062234.1	5561887	5584289
OG_0016722	NC_062234.1	5589221	5610242
OG_0012083	NC_062234.1	5615305	5637712
OG_0005398	NC_062234.1	5635071	5659402
OG_0005555	NC_062234.1	5640626	5664196
OG_0013285	NC_062234.1	5645819	5669221
OG_0005556	NC_062234.1	5650528	5675343
OG_0005399	NC_062234.1	5669765	5698170
OG_0012034	NC_062234.1	5722609	5744118
OG_0007963	NC_062234.1	5789356	5810132
OG_0017227	NC_062234.1	5811527	5837933
OG_0017129	NC_062234.1	5820595	5844152
OG_0001581	NC_062234.1	5834765	5860202
OG_0018060	NC_062234.1	5846049	5866599
OG_0012441	NC_062234.1	5920172	5941884
OG_0016334	NC_062234.1	5923270	5946021
OG_0016200	NC_062234.1	5950340	6021597
OG_0018835	NC_062234.1	6004648	6047219
OG_0002317	NC_062234.1	6058077	6093928
OG_0006305	NC_062234.1	6442513	6463047
OG_0006304	NC_062234.1	6457021	6477942
OG_0006303	NC_062234.1	6464479	6488190
OG_0009567	NC_062234.1	6470584	6508928
OG_0001874	NC_062234.1	6489606	6511869
OG_0002449	NC_062234.1	6509190	6540213
OG_0007005	NC_062234.1	6545745	6566917
OG_0000487	NC_062234.1	6571955	6639738
OG_0013078	NC_062234.1	6628183	6655503
OG_0002205	NC_062234.1	6637425	6661297
OG_0007810	NC_062234.1	6643830	6669769
OG_0015372	NC_062234.1	6685583	6730334
OG_0001192	NC_062234.1	6733583	6755561
OG_0014277	NC_062234.1	6739184	6760845
OG_0012293	NC_062234.1	6802014	6843382
OG_0017973	NC_062234.1	6912782	6933921
OG_0018135	NC_062234.1	6926245	6948792
OG_0007394	NC_062234.1	6974064	7002859
OG_0018682	NC_062234.1	6996492	7017244
OG_0017421	NC_062234.1	7016702	7042576
OG_0005934	NC_062234.1	7049678	7070395
OG_0014418	NC_062234.1	7055143	7077585
OG_0009747	NC_062234.1	7125988	7174174
OG_0015966	NC_062234.1	7161197	7196071
OG_0013525	NC_062234.1	7274643	7295299
OG_0002508	NC_062234.1	7283516	7309992
OG_0018639	NC_062234.1	7326673	7347350
OG_0001296	NC_062234.1	7334245	7361715
OG_0011649	NC_062234.1	7345177	7368591
OG_0015153	NC_062234.1	7352697	7385348
OG_0000628	NC_062234.1	7432867	7456425
OG_0001492	NC_062234.1	7492847	7517365
OG_0011816	NC_062234.1	7700708	7791131
OG_0011817	NC_062234.1	7772445	7807172
OG_0000361	NC_062234.1	7792977	7822907
OG_0007301	NC_062234.1	7804644	7834331
OG_0015295	NC_062234.1	7820270	7847841
OG_0001852	NC_062234.1	7932547	7954443
OG_0016388	NC_062234.1	7935640	7956424
OG_0012370	NC_062234.1	7937660	7966062
OG_0012395	NC_062234.1	7966541	7997165
OG_0012543	NC_062234.1	7987656	8015924
OG_0017469	NC_062234.1	8013393	8035615
OG_0006923	NC_062234.1	8028869	8051271
OG_0015864	NC_062234.1	8082740	8105267
OG_0009589	NC_062234.1	8127361	8150857
OG_0008301	NC_062234.1	8179685	8201699
OG_0017482	NC_062234.1	8183409	8204509
OG_0000887	NC_062234.1	8226961	8278259
OG_0012573	NC_062234.1	8295479	8340090
OG_0005883	NC_062234.1	8343248	8370523
OG_0006618	NC_062234.1	8351869	8372669
OG_0013292	NC_062234.1	8383852	8404606
OG_0012809	NC_062234.1	8397240	8421018
OG_0002155	NC_062234.1	8404685	8435329
OG_0015018	NC_062234.1	8417362	8439660
OG_0013843	NC_062234.1	8444419	8466104
OG_0011769	NC_062234.1	8472321	8523515
OG_0002568	NC_062234.1	8554701	8576876
OG_0018367	NC_062234.1	8559902	8595324
OG_0016605	NC_062234.1	8608365	8638529
OG_0012948	NC_062234.1	8623759	8645168
OG_0018493	NC_062234.1	8642987	8665707
OG_0015272	NC_062234.1	8647549	8672810
OG_0015599	NC_062234.1	8673434	8699056
OG_0000193	NC_062234.1	8684752	8731340
OG_0002102	NC_062234.1	8813791	8845019
OG_0016505	NC_062234.1	8832384	8853821
OG_0013355	NC_062234.1	8839970	8863316
OG_0016653	NC_062234.1	8857314	8889130
OG_0001450	NC_062234.1	8940577	8967008
OG_0016811	NC_062234.1	9015569	9036114
OG_0017272	NC_062234.1	9024485	9046914
OG_0009453	NC_062234.1	9065771	9136816
OG_0012978	NC_062234.1	9119473	9151197
OG_0012345	NC_062234.1	9151847	9173172
OG_0006472	NC_062234.1	9188122	9209573
OG_0016730	NC_062234.1	9231647	9253916
OG_0000341	NC_062234.1	9243348	9311386
OG_0000350	NC_062234.1	9321171	9356383
OG_0006424	NC_062234.1	9340132	9360929
OG_0018011	NC_062234.1	9650704	9672383
OG_0013454	NC_062234.1	9692689	9729241
OG_0001071	NC_062234.1	9715061	9736406
OG_0013439	NC_062234.1	9722031	9761357
OG_0005359	NC_062234.1	9743998	9770050
OG_0017270	NC_062234.1	9756063	9786116
OG_0009511	NC_062234.1	9772447	9805165
OG_0007359	NC_062234.1	9791296	9813334
OG_0012470	NC_062234.1	9799756	9824674
OG_0001590	NC_062234.1	9829396	9853088
OG_0001229	NC_062234.1	9833840	9861409
OG_0006578	NC_062234.1	9843479	9865886
OG_0013044	NC_062234.1	9852002	9872691
OG_0015075	NC_062234.1	9862677	9893178
OG_0006896	NC_062234.1	9876620	9906741
OG_0003384	NC_062234.1	9907932	9937430
OG_0003385	NC_062234.1	9926017	9956487
OG_0015643	NC_062234.1	10373352	10395079
OG_0002402	NC_062234.1	10454154	10474797
OG_0008156	NC_062234.1	10461156	10490460
OG_0005442	NC_062234.1	10471248	10495145
OG_0017144	NC_062234.1	10476887	10498243
OG_0006646	NC_062234.1	10479432	10502035
OG_0007764	NC_062234.1	10487159	10510879
OG_0005849	NC_062234.1	10492934	10517831
OG_0016489	NC_062234.1	10570877	10598046
OG_0012373	NC_062234.1	10582432	10607456
OG_0010237	NC_062234.1	10588635	10609102
OG_0012375	NC_062234.1	10603195	10624214
OG_0018040	NC_062234.1	10604219	10625129
OG_0014378	NC_062234.1	10662392	10685001
OG_0007843	NC_062234.1	10766776	10789309
OG_0015460	NC_062234.1	10771693	10795060
OG_0007831	NC_062234.1	10817233	10913186
OG_0011415	NC_062234.1	10971339	11000350
OG_0002330	NC_062234.1	11000522	11043058
OG_0014653	NC_062234.1	11033385	11055074
OG_0009378	NC_062234.1	11051901	11078350
OG_0007147	NC_062234.1	11090458	11149277
OG_0002540	NC_062234.1	11143732	11165513
OG_0002546	NC_062234.1	11153250	11176920
OG_0018159	NC_062234.1	11189876	11214329
OG_0007814	NC_062234.1	11205367	11228435
OG_0007043	NC_062234.1	11221149	11253436
OG_0013511	NC_062234.1	11255068	11276444
OG_0016277	NC_062234.1	11258437	11285356
OG_0008184	NC_062234.1	11266926	11292988
OG_0008027	NC_062234.1	11280453	11307017
OG_0018162	NC_062234.1	11307742	11328159
OG_0013939	NC_062234.1	11309836	11333147
OG_0001687	NC_062234.1	11330702	11353041
OG_0013151	NC_062234.1	11333436	11360780
OG_0014527	NC_062234.1	11366563	11389349
OG_0013224	NC_062234.1	11372052	11396924
OG_0016529	NC_062234.1	11384910	11406892
OG_0017941	NC_062234.1	11969981	11991156
OG_0016010	NC_062234.1	12025504	12050663
OG_0005926	NC_062234.1	12046402	12081306
OG_0001864	NC_062234.1	12087107	12108897
OG_0015873	NC_062234.1	12120100	12146447
OG_0001503	NC_062234.1	12144483	12178394
OG_0005586	NC_062234.1	12162211	12206721
OG_0013326	NC_062234.1	12191810	12213405
OG_0007396	NC_062234.1	12271708	12327520
OG_0018032	NC_062234.1	12310167	12331871
OG_0008256	NC_062234.1	12357259	12379508
OG_0013733	NC_062234.1	12377085	12399852
OG_0013205	NC_062234.1	12404290	12435573
OG_0017340	NC_062234.1	12437956	12460693
OG_0007718	NC_062234.1	12453402	12537286
OG_0001308	NC_062234.1	12518285	12558630
OG_0005841	NC_062234.1	12554462	12578702
OG_0002764	NC_062234.1	12879633	12904469
OG_0017073	NC_062234.1	13036396	13057289
OG_0006573	NC_062234.1	13185107	13206780
OG_0007320	NC_062234.1	13197963	13224485
OG_0007237	NC_062234.1	13240736	13267352
OG_0017039	NC_062234.1	13282568	13332699
OG_0013992	NC_062234.1	13317846	13339087
OG_0015283	NC_062234.1	13321546	13343139
OG_0012674	NC_062234.1	13335606	13357667
OG_0017104	NC_062234.1	13353661	13374865
OG_0008198	NC_062234.1	13410675	13432474
OG_0012638	NC_062234.1	13444385	13468979
OG_0017303	NC_062234.1	13458524	13511109
OG_0001462	NC_062234.1	13511507	13541977
OG_0018709	NC_062234.1	13565707	13617935
OG_0012446	NC_062234.1	13666709	13688738
OG_0006787	NC_062234.1	13783183	13811285
OG_0001313	NC_062234.1	13842138	13875823
OG_0009294	NC_062234.1	13861551	13973371
OG_0019169	NC_062234.1	13997588	14017932
OG_0002278	NC_062234.1	14008337	14032575
OG_0011682	NC_062234.1	14022580	14043292
OG_0011681	NC_062234.1	14025651	14056112
OG_0007132	NC_062234.1	14040579	14092519
OG_0008162	NC_062234.1	14074573	14096816
OG_0013927	NC_062234.1	14135039	14217846
OG_0016649	NC_062234.1	14275973	14405433
OG_0001840	NC_062234.1	14408480	14431050
OG_0001962	NC_062234.1	14415241	14435969
OG_0001961	NC_062234.1	14417722	14439473
OG_0003310	NC_062234.1	14437533	14461978
OG_0000717	NC_062234.1	14466188	14503481
OG_0015391	NC_062234.1	14486585	14512202
OG_0014063	NC_062234.1	14498554	14718035
OG_0005502	NC_062234.1	14712638	14733363
OG_0005503	NC_062234.1	14714224	14735010
OG_0005381	NC_062234.1	14729523	14769681
OG_0014450	NC_062234.1	14756680	14796533
OG_0002447	NC_062235.1	41922	65154
OG_0013494	NC_062235.1	45457	66361
OG_0007852	NC_062235.1	53000	76859
OG_0015824	NC_062235.1	80495	101561
OG_0007692	NC_062235.1	161402	219149
OG_0012508	NC_062235.1	220198	242283
OG_0014532	NC_062235.1	222637	244623
OG_0001487	NC_062235.1	225753	247760
OG_0015648	NC_062235.1	233998	269881
OG_0016109	NC_062235.1	267325	291223
OG_0014024	NC_062235.1	290682	331132
OG_0007726	NC_062235.1	315246	342728
OG_0016324	NC_062235.1	346343	368957
OG_0015439	NC_062235.1	368930	393535
OG_0006327	NC_062235.1	374802	407553
OG_0015154	NC_062235.1	402595	432372
OG_0001395	NC_062235.1	417683	445293
OG_0005760	NC_062235.1	431440	453222
OG_0012396	NC_062235.1	476168	501235
OG_0000699	NC_062235.1	517248	538117
OG_0001409	NC_062235.1	530623	551843
OG_0018840	NC_062235.1	532022	558080
OG_0012102	NC_062235.1	560237	608832
OG_0008031	NC_062235.1	642416	667881
OG_0011878	NC_062235.1	717063	741223
OG_0016353	NC_062235.1	776998	814789
OG_0007429	NC_062235.1	878175	904001
OG_0015879	NC_062235.1	888473	911313
OG_0001352	NC_062235.1	893925	922864
OG_0018437	NC_062235.1	910694	932218
OG_0010030	NC_062235.1	938484	959751
OG_0013093	NC_062235.1	990989	1012466
OG_0013301	NC_062235.1	1094315	1117039
OG_0014339	NC_062235.1	1104410	1126362
OG_0013411	NC_062235.1	1130899	1152426
OG_0013415	NC_062235.1	1133494	1156502
OG_0013095	NC_062235.1	1139477	1160795
OG_0014342	NC_062235.1	1161461	1182784
OG_0015572	NC_062235.1	1257317	1298081
OG_0008019	NC_062235.1	1283072	1305547
OG_0005718	NC_062235.1	1333025	1377634
OG_0017404	NC_062235.1	1360375	1384017
OG_0009396	NC_062235.1	1391273	1412932
OG_0001073	NC_062235.1	1394108	1415091
OG_0001791	NC_062235.1	1398009	1421561
OG_0012139	NC_062235.1	1408238	1435148
OG_0003297	NC_062235.1	1654229	1702706
OG_0016132	NC_062235.1	1731287	1856463
OG_0006825	NC_062235.1	1929461	1952064
OG_0001653	NC_062235.1	1933616	1955404
OG_0007766	NC_062235.1	1936821	1959744
OG_0007413	NC_062235.1	1980594	2013300
OG_0000925	NC_062235.1	2003852	2027908
OG_0018028	NC_062235.1	2214844	2236713
OG_0011857	NC_062235.1	2218760	2240016
OG_0000420	NC_062235.1	2421606	2443375
OG_0007617	NC_062235.1	2473456	2500865
OG_0007618	NC_062235.1	2482822	2521693
OG_0017012	NC_062235.1	2521330	2553039
OG_0005864	NC_062235.1	2556925	2581380
OG_0011247	NC_062235.1	2581092	2716743
OG_0001283	NC_062235.1	2872655	2917972
OG_0007272	NC_062235.1	2900133	2926961
OG_0012511	NC_062235.1	2919627	2941033
OG_0003621	NC_062235.1	2931566	2966704
OG_0017698	NC_062235.1	3071787	3093888
OG_0011282	NC_062235.1	3287850	3322973
OG_0001045	NC_062235.1	3308544	3330702
OG_0005430	NC_062235.1	3371256	3396689
OG_0018728	NC_062235.1	3435580	3457209
OG_0001548	NC_062235.1	3490214	3526561
OG_0013855	NC_062235.1	3526060	3553099
OG_0002124	NC_062235.1	3571643	3603611
OG_0006328	NC_062235.1	3645441	3670532
OG_0017792	NC_062235.1	3651327	3674950
OG_0009659	NC_062235.1	3662009	3691724
OG_0003024	NC_062235.1	3685098	3711523
OG_0016159	NC_062235.1	3703652	3742430
OG_0014832	NC_062235.1	3897155	3917613
OG_0000992	NC_062235.1	3936445	3958037
OG_0000957	NC_062235.1	3970231	3993739
OG_0018882	NC_062235.1	4005971	4028255
OG_0015091	NC_062235.1	4079737	4102749
OG_0011246	NC_062235.1	4086498	4108792
OG_0018674	NC_062235.1	4102506	4124980
OG_0002459	NC_062235.1	4105574	4127775
OG_0009125	NC_062235.1	4127597	4149345
OG_0012956	NC_062235.1	4142417	4165404
OG_0018212	NC_062235.1	4158416	4180329
OG_0009478	NC_062235.1	4180184	4231013
OG_0017820	NC_062235.1	4217105	4239174
OG_0003353	NC_062235.1	4767651	4791990
OG_0011320	NC_062235.1	4787304	4822904
OG_0018529	NC_062235.1	4811237	4832337
OG_0011313	NC_062235.1	4817744	4841379
OG_0016671	NC_062235.1	4823008	4853885
OG_0005290	NC_062235.1	4837597	4859003
OG_0012341	NC_062235.1	4889890	4914918
OG_0012348	NC_062235.1	4895407	4919899
OG_0009616	NC_062235.1	4985076	5045916
OG_0014256	NC_062235.1	5051366	5077883
OG_0005861	NC_062235.1	5232872	5255338
OG_0018025	NC_062235.1	5266829	5287521
OG_0001377	NC_062235.1	5290654	5326917
OG_0007565	NC_062235.1	5310431	5343201
OG_0001781	NC_062235.1	5422277	5445121
OG_0015683	NC_062235.1	5489013	5514348
OG_0018488	NC_062235.1	5500773	5521683
OG_0015567	NC_062235.1	5507527	5531554
OG_0002674	NC_062235.1	5522479	5543432
OG_0002411	NC_062235.1	5542554	5563948
OG_0014448	NC_062235.1	5572348	5600772
OG_0005343	NC_062235.1	5584151	5618306
OG_0016437	NC_062235.1	5601067	5622725
OG_0009119	NC_062235.1	5609795	5630762
OG_0018058	NC_062235.1	5610826	5631347
OG_0007751	NC_062235.1	5686165	5708618
OG_0001973	NC_062235.1	5700564	5731673
OG_0001273	NC_062235.1	5716553	5755499
OG_0005337	NC_062235.1	5736824	5758704
OG_0017704	NC_062235.1	5750129	5788065
OG_0001890	NC_062235.1	5774573	5795067
OG_0016409	NC_062235.1	5792163	5825069
OG_0016682	NC_062235.1	6088831	6118619
OG_0016685	NC_062235.1	6100528	6124913
OG_0016684	NC_062235.1	6105885	6129768
OG_0002090	NC_062235.1	6165404	6198318
OG_0018995	NC_062235.1	6211335	6244901
OG_0014220	NC_062235.1	6240940	6261882
OG_0009544	NC_062235.1	6242702	6263942
OG_0013884	NC_062235.1	6297933	6335103
OG_0012891	NC_062235.1	6408672	6437964
OG_0011429	NC_062235.1	6434639	6455586
OG_0005358	NC_062235.1	6680743	6707788
OG_0016225	NC_062235.1	6691046	6718236
OG_0016215	NC_062235.1	6710634	6738429
OG_0016219	NC_062235.1	6722407	6750911
OG_0005356	NC_062235.1	6732466	6759427
OG_0001340	NC_062235.1	6885463	6906776
OG_0015560	NC_062235.1	6912890	6934857
OG_0000536	NC_062235.1	6954068	6984553
OG_0000538	NC_062235.1	6992291	7019777
OG_0009712	NC_062235.1	7033590	7071934
OG_0009711	NC_062235.1	7074565	7107710
OG_0013581	NC_062235.1	7125843	7158417
OG_0001081	NC_062235.1	7200402	7221370
OG_0012336	NC_062235.1	7229684	7251378
OG_0012219	NC_062235.1	7238674	7260186
OG_0017606	NC_062235.1	7270418	7328710
OG_0008029	NC_062235.1	7318060	7345411
OG_0009477	NC_062235.1	7336825	7362272
OG_0017581	NC_062235.1	7351968	7379940
OG_0000024	NC_062235.1	7567787	7631097
OG_0015130	NC_062235.1	7625435	7648445
OG_0000917	NC_062235.1	7652494	7674154
OG_0013531	NC_062235.1	7691698	7712858
OG_0016586	NC_062235.1	7708850	7730406
OG_0002496	NC_062235.1	7841819	7907685
OG_0017035	NC_062235.1	7918821	7990855
OG_0008071	NC_062235.1	7980394	8002146
OG_0017283	NC_062235.1	8017102	8038755
OG_0008544	NC_062235.1	8027281	8047937
OG_0005453	NC_062235.1	8040272	8061243
OG_0011193	NC_062235.1	8045309	8068118
OG_0007163	NC_062235.1	8063670	8091247
OG_0014027	NC_062235.1	8088486	8122244
OG_0010536	NC_062235.1	8112586	8134930
OG_0013888	NC_062235.1	8151980	8174973
OG_0006589	NC_062235.1	8170223	8212693
OG_0018226	NC_062235.1	8218364	8242535
OG_0015770	NC_062235.1	8228538	8249603
OG_0017082	NC_062235.1	8232162	8253668
OG_0015597	NC_062235.1	8256498	8277888
OG_0018310	NC_062235.1	8269217	8290054
OG_0015234	NC_062235.1	8271241	8297569
OG_0013647	NC_062235.1	8279384	8319561
OG_0012465	NC_062235.1	8325044	8352938
OG_0015888	NC_062235.1	8417274	8452922
OG_0017139	NC_062235.1	8433990	8456946
OG_0009539	NC_062235.1	8455789	8481308
OG_0015101	NC_062235.1	8496816	8525951
OG_0000535	NC_062235.1	8508206	8538533
OG_0006826	NC_062235.1	8533727	8556534
OG_0013601	NC_062235.1	8548037	8574989
OG_0012003	NC_062235.1	8561806	8589588
OG_0012004	NC_062235.1	8603327	8648621
OG_0011492	NC_062235.1	8647471	8671895
OG_0005433	NC_062235.1	8652931	8677058
OG_0001539	NC_062235.1	8788979	8824355
OG_0006871	NC_062235.1	8837505	8859629
OG_0012148	NC_062235.1	8860137	8895718
OG_0018425	NC_062235.1	8890105	8910762
OG_0009011	NC_062235.1	8899003	8922072
OG_0019054	NC_062235.1	9205411	9225745
OG_0015213	NC_062235.1	9208461	9232053
OG_0017984	NC_062235.1	9214462	9235129
OG_0012571	NC_062235.1	9286708	9312078
OG_0018422	NC_062235.1	9298767	9319282
OG_0014400	NC_062235.1	9305027	9327549
OG_0011256	NC_062235.1	9315022	9342613
OG_0002506	NC_062235.1	9329135	9353023
OG_0003634	NC_062235.1	9344174	9410309
OG_0013789	NC_062235.1	9407863	9465456
OG_0017132	NC_062235.1	9446501	9468576
OG_0013031	NC_062235.1	9459907	9491900
OG_0011729	NC_062235.1	9552368	9589600
OG_0013514	NC_062235.1	9712694	9733209
OG_0018956	NC_062235.1	9716901	9737572
OG_0016410	NC_062235.1	9718311	9747723
OG_0009425	NC_062235.1	9731712	9769709
OG_0001621	NC_062235.1	9840036	9861472
OG_0001152	NC_062235.1	9957471	9979573
OG_0016343	NC_062235.1	9986820	10007585
OG_0005621	NC_062235.1	9989522	10042791
OG_0000158	NC_062235.1	10034320	10055519
OG_0016325	NC_062235.1	10070468	10106004
OG_0001618	NC_062235.1	10087983	10111514
OG_0015512	NC_062235.1	10482732	10508597
OG_0000768	NC_062235.1	10649075	10674585
OG_0012994	NC_062235.1	10763217	10787372
OG_0000767	NC_062235.1	10823296	10849248
OG_0012771	NC_062235.1	10961996	10991083
OG_0014499	NC_062235.1	11018506	11051824
OG_0012490	NC_062235.1	12591348	12612837
OG_0003666	NC_062235.1	12598024	12627526
OG_0007476	NC_062235.1	12612719	12636491
OG_0001942	NC_062235.1	12633896	12662086
OG_0017347	NC_062235.1	12662015	12683901
OG_0002482	NC_062235.1	12725157	12749990
OG_0006485	NC_062235.1	12733565	12754233
OG_0001137	NC_062235.1	12957982	13032242
OG_0016637	NC_062235.1	13026873	13053289
OG_0017906	NC_062235.1	13056614	13076951
OG_0006774	NC_062235.1	13059409	13081633
OG_0006715	NC_062235.1	13069812	13090852
OG_0007384	NC_062235.1	13080676	13103313
OG_0015595	NC_062235.1	13087102	13114197
OG_0001145	NC_062235.1	13368195	13388951
OG_0013591	NC_062235.1	13403303	13432077
OG_0006632	NC_062235.1	13486177	13507832
OG_0012087	NC_062235.1	13621705	13664360
OG_0015891	NC_062235.1	13770222	13801465
OG_0013528	NC_062235.1	13878922	13901740
OG_0007669	NC_062235.1	13892245	13915510
OG_0006229	NC_062235.1	13903047	13931806
OG_0005437	NC_062235.1	14057534	14079037
OG_0011869	NC_062235.1	14080024	14104273
OG_0012993	NC_062235.1	14086197	14109407
OG_0002469	NC_062235.1	14091409	14112428
OG_0018996	NC_062235.1	14112980	14133930
OG_0018671	NC_062235.1	14123258	14143834
OG_0003007	NC_062235.1	14129685	14152926
OG_0012849	NC_062235.1	14141582	14181016
OG_0007288	NC_062235.1	14164781	14194037
OG_0008205	NC_062235.1	14175484	14197386
OG_0013574	NC_062235.1	14179868	14202817
OG_0000960	NC_062235.1	19006	40729
OG_0009121	NC_062235.1	29795	52542
OG_0001022	NC_062235.1	33986	56610
OG_0018467	NC_062235.1	46396	68993
OG_0000005	NC_062235.1	58741	80520
OG_0014725	NC_062235.1	61239	81883
OG_0018648	NC_062235.1	71866	98193
OG_0000102	NC_062235.1	81788	122687
OG_0001243	NC_062235.1	121530	146308
OG_0016401	NC_062235.1	128290	150354
OG_0012641	NC_062235.1	217048	239658
OG_0012803	NC_062235.1	256295	282063
OG_0016113	NC_062235.1	263731	286861
OG_0005436	NC_062235.1	299321	320212
OG_0012691	NC_062235.1	302090	323346
OG_0017348	NC_062235.1	303650	324603
OG_0001440	NC_062235.1	327082	352655
OG_0014275	NC_062235.1	387777	408996
OG_0009611	NC_062235.1	393306	415651
OG_0001606	NC_062235.1	413347	436673
OG_0001396	NC_062235.1	421387	442406
OG_0002557	NC_062235.1	426000	450837
OG_0017377	NC_062235.1	511427	532401
OG_0018442	NC_062235.1	520072	540692
OG_0018038	NC_062235.1	520694	541633
OG_0011783	NC_062235.1	525800	550022
OG_0005541	NC_062235.1	539604	579187
OG_0008269	NC_062235.1	596215	690943
OG_0017075	NC_062235.1	797846	843084
OG_0018526	NC_062235.1	857261	896627
OG_0008237	NC_062235.1	885599	908042
OG_0015157	NC_062235.1	891566	912777
OG_0016341	NC_062235.1	913463	935382
OG_0013530	NC_062235.1	916168	939671
OG_0018900	NC_062235.1	924753	945581
OG_0004576	NC_062235.1	940625	961871
OG_0018023	NC_062235.1	976080	996385
OG_0014338	NC_062235.1	1019882	1041182
OG_0014341	NC_062235.1	1113355	1134579
OG_0001466	NC_062235.1	1134113	1155654
OG_0001467	NC_062235.1	1136605	1158182
OG_0013282	NC_062235.1	1201229	1223608
OG_0016647	NC_062235.1	1206017	1229511
OG_0014545	NC_062235.1	1236637	1258621
OG_0015964	NC_062235.1	1249171	1276590
OG_0003291	NC_062235.1	1287008	1338321
OG_0013138	NC_062235.1	1365319	1390068
OG_0007842	NC_062235.1	1380433	1404138
OG_0006523	NC_062235.1	1404181	1425863
OG_0009724	NC_062235.1	1435007	1481517
OG_0003296	NC_062235.1	1600277	1636357
OG_0003025	NC_062235.1	1617769	1643065
OG_0002289	NC_062235.1	1684822	1706848
OG_0000982	NC_062235.1	1940857	1964090
OG_0009106	NC_062235.1	1946509	1975012
OG_0002080	NC_062235.1	2010559	2071710
OG_0017597	NC_062235.1	2073863	2100892
OG_0017598	NC_062235.1	2138449	2175839
OG_0001182	NC_062235.1	2211915	2234203
OG_0014909	NC_062235.1	2414049	2440473
OG_0011875	NC_062235.1	2423922	2474300
OG_0009725	NC_062235.1	2506620	2532002
OG_0017506	NC_062235.1	2518830	2540776
OG_0006941	NC_062235.1	2760151	2782952
OG_0013873	NC_062235.1	2783737	2814089
OG_0011630	NC_062235.1	2907890	2932957
OG_0013938	NC_062235.1	2923658	2950834
OG_0017432	NC_062235.1	2965146	3018353
OG_0007321	NC_062235.1	3034091	3091002
OG_0014117	NC_062235.1	3075898	3105443
OG_0000750	NC_062235.1	3090059	3277626
OG_0018594	NC_062235.1	3277755	3300304
OG_0015203	NC_062235.1	3295356	3327393
OG_0012372	NC_062235.1	3313342	3341967
OG_0015032	NC_062235.1	3345747	3374026
OG_0016139	NC_062235.1	3359422	3390344
OG_0001419	NC_062235.1	3424752	3454777
OG_0011361	NC_062235.1	3439682	3496101
OG_0002516	NC_062235.1	3483472	3509778
OG_0017316	NC_062235.1	3512133	3538281
OG_0005713	NC_062235.1	3534171	3557655
OG_0008122	NC_062235.1	3557151	3582157
OG_0006952	NC_062235.1	3584217	3605419
OG_0018523	NC_062235.1	3594554	3649213
OG_0001648	NC_062235.1	3630760	3663975
OG_0001796	NC_062235.1	3657883	3680911
OG_0005677	NC_062235.1	3692632	3722251
OG_0014340	NC_062235.1	3816303	3837688
OG_0005065	NC_062235.1	3884137	3948233
OG_0006780	NC_062235.1	3981239	4015832
OG_0005364	NC_062235.1	4024015	4081789
OG_0005896	NC_062235.1	4064310	4091817
OG_0002327	NC_062235.1	4097711	4122048
OG_0000837	NC_062235.1	4111275	4146870
OG_0000784	NC_062235.1	4130343	4161782
OG_0005762	NC_062235.1	4163010	4192508
OG_0015379	NC_062235.1	4174261	4199403
OG_0002221	NC_062235.1	4223860	4264406
OG_0007921	NC_062235.1	4267193	4310588
OG_0017591	NC_062235.1	4776884	4806799
OG_0018566	NC_062235.1	4813674	4834612
OG_0005291	NC_062235.1	4834982	4856382
OG_0012644	NC_062235.1	4844542	4906055
OG_0000915	NC_062235.1	5049208	5070302
OG_0012248	NC_062235.1	5063177	5092510
OG_0018317	NC_062235.1	5218152	5238932
OG_0017532	NC_062235.1	5225533	5247739
OG_0017166	NC_062235.1	5237128	5261483
OG_0012501	NC_062235.1	5247765	5281735
OG_0009061	NC_062235.1	5269169	5305307
OG_0008143	NC_062235.1	5425745	5447890
OG_0011301	NC_062235.1	5503251	5526939
OG_0016514	NC_062235.1	5518106	5561623
OG_0014075	NC_062235.1	5545783	5591803
OG_0002456	NC_062235.1	5614621	5664669
OG_0012338	NC_062235.1	5673280	5705451
OG_0015017	NC_062235.1	5689999	5714466
OG_0011391	NC_062235.1	5743172	5769454
OG_0007346	NC_062235.1	5771319	5793373
OG_0002374	NC_062235.1	5775491	5796222
OG_0002435	NC_062235.1	5807271	5844432
OG_0005666	NC_062235.1	5843827	5880532
OG_0014216	NC_062235.1	5868689	5892975
OG_0000131	NC_062235.1	5881369	5941218
OG_0017077	NC_062235.1	5989099	6025515
OG_0000120	NC_062235.1	6043313	6078336
OG_0001335	NC_062235.1	6068588	6104800
OG_0017768	NC_062235.1	6112213	6157974
OG_0007675	NC_062235.1	6156104	6180533
OG_0013547	NC_062235.1	6164191	6184797
OG_0002134	NC_062235.1	6182224	6209418
OG_0001609	NC_062235.1	6191794	6226646
OG_0008066	NC_062235.1	6209421	6230403
OG_0015322	NC_062235.1	6231555	6259909
OG_0009437	NC_062235.1	6384891	6413792
OG_0012955	NC_062235.1	6397636	6427634
OG_0008260	NC_062235.1	6422894	6447483
OG_0003324	NC_062235.1	6428528	6450771
OG_0011837	NC_062235.1	6432976	6453904
OG_0016212	NC_062235.1	6791116	6814990
OG_0016213	NC_062235.1	6795986	6819466
OG_0013833	NC_062235.1	6826387	6848246
OG_0011291	NC_062235.1	6893327	6931139
OG_0013846	NC_062235.1	6915112	6937958
OG_0012954	NC_062235.1	6919368	6942059
OG_0012953	NC_062235.1	6934843	6961322
OG_0009710	NC_062235.1	7000630	7032022
OG_0008352	NC_062235.1	7088303	7127448
OG_0001571	NC_062235.1	7138881	7160555
OG_0015762	NC_062235.1	7149902	7202782
OG_0017336	NC_062235.1	7189841	7211037
OG_0017385	NC_062235.1	7191981	7215461
OG_0001297	NC_062235.1	7208886	7246859
OG_0006624	NC_062235.1	7232315	7258154
OG_0016301	NC_062235.1	7240257	7261441
OG_0015304	NC_062235.1	7248230	7280259
OG_0005294	NC_062235.1	7310369	7337453
OG_0011596	NC_062235.1	7326011	7349039
OG_0001997	NC_062235.1	7344030	7365425
OG_0018161	NC_062235.1	7349723	7370099
OG_0010402	NC_062235.1	7378690	7399001
OG_0017083	NC_062235.1	7410854	7548563
OG_0006515	NC_062235.1	7562443	7583753
OG_0007065	NC_062235.1	7600535	7623938
OG_0012730	NC_062235.1	7621073	7643071
OG_0015501	NC_062235.1	7628749	7650614
OG_0002166	NC_062235.1	7631200	7652882
OG_0009550	NC_062235.1	7649084	7670605
OG_0011216	NC_062235.1	7656473	7701311
OG_0016005	NC_062235.1	7682431	7709437
OG_0016585	NC_062235.1	7704348	7725832
OG_0016584	NC_062235.1	7713776	7735299
OG_0018336	NC_062235.1	7956698	7978582
OG_0007715	NC_062235.1	7971162	7996847
OG_0005931	NC_062235.1	7982225	8004138
OG_0015620	NC_062235.1	7988769	8035474
OG_0018443	NC_062235.1	8019249	8039755
OG_0000653	NC_062235.1	8042140	8063167
OG_0008234	NC_062235.1	8048336	8075641
OG_0005823	NC_062235.1	8107058	8130900
OG_0017165	NC_062235.1	8155207	8176783
OG_0002440	NC_062235.1	8158281	8186511
OG_0002056	NC_062235.1	8195353	8225976
OG_0000524	NC_062235.1	8210085	8235948
OG_0013598	NC_062235.1	8224048	8245074
OG_0006522	NC_062235.1	8230219	8251082
OG_0006912	NC_062235.1	8335645	8371892
OG_0011257	NC_062235.1	8388854	8435647
OG_0007772	NC_062235.1	8438899	8461374
OG_0013592	NC_062235.1	8445351	8474155
OG_0017489	NC_062235.1	8464949	8487607
OG_0011272	NC_062235.1	8469955	8500740
OG_0011271	NC_062235.1	8485810	8514531
OG_0000537	NC_062235.1	8519130	8546765
OG_0005905	NC_062235.1	8539128	8564734
OG_0018090	NC_062235.1	8545105	8567429
OG_0001025	NC_062235.1	8555597	8576617
OG_0012208	NC_062235.1	8631553	8672199
OG_0002430	NC_062235.1	8658634	8734424
OG_0002431	NC_062235.1	8745174	8781058
OG_0009474	NC_062235.1	8810884	8855918
OG_0004396	NC_062235.1	8840537	8864288
OG_0006815	NC_062235.1	8845746	8867015
OG_0004705	NC_062235.1	8879089	8907088
OG_0015569	NC_062235.1	8891667	8913421
OG_0001087	NC_062235.1	8904596	8926261
OG_0018435	NC_062235.1	8957426	8978197
OG_0018540	NC_062235.1	8960373	8983102
OG_0018880	NC_062235.1	8985953	9072481
OG_0013294	NC_062235.1	9121570	9164070
OG_0015273	NC_062235.1	9153380	9195199
OG_0016270	NC_062235.1	9178423	9221409
OG_0015427	NC_062235.1	9205941	9227512
OG_0018838	NC_062235.1	9212482	9234005
OG_0001705	NC_062235.1	9217181	9240785
OG_0002154	NC_062235.1	9266765	9304077
OG_0015446	NC_062235.1	9299581	9321280
OG_0004911	NC_062235.1	9307815	9330178
OG_0012052	NC_062235.1	9325540	9347258
OG_0005648	NC_062235.1	9335479	9358336
OG_0005403	NC_062235.1	9344576	9366548
OG_0015776	NC_062235.1	9448721	9472343
OG_0012053	NC_062235.1	9478406	9506742
OG_0001857	NC_062235.1	9702373	9728520
OG_0016467	NC_062235.1	9714074	9736048
OG_0015593	NC_062235.1	9960736	9982819
OG_0003281	NC_062235.1	10031135	10079789
OG_0007239	NC_062235.1	10559860	10581581
OG_0007166	NC_062235.1	10944226	10981037
OG_0016710	NC_062235.1	10987785	11008669
OG_0013178	NC_062235.1	10991492	11023451
OG_0016794	NC_062235.1	11004924	11027139
OG_0015266	NC_062235.1	11054481	11096738
OG_0002776	NC_062235.1	11673482	11697504
OG_0001749	NC_062235.1	12223451	12597665
OG_0017997	NC_062235.1	12587733	12608712
OG_0011638	NC_062235.1	12610842	12631939
OG_0004326	NC_062235.1	12650128	12674336
OG_0018612	NC_062235.1	12731992	12752665
OG_0016870	NC_062235.1	12776716	12810968
OG_0014389	NC_062235.1	12791602	12815198
OG_0012727	NC_062235.1	12798731	12819967
OG_0016385	NC_062235.1	12802617	12823515
OG_0002627	NC_062235.1	12824889	12884459
OG_0001033	NC_062235.1	12919701	12941187
OG_0002095	NC_062235.1	13057393	13079026
OG_0009718	NC_062235.1	13066630	13089288
OG_0014555	NC_062235.1	13074041	13099730
OG_0017203	NC_062235.1	13085263	13106264
OG_0013611	NC_062235.1	13099145	13127504
OG_0013612	NC_062235.1	13137983	13163465
OG_0018560	NC_062235.1	13366621	13387458
OG_0017069	NC_062235.1	13370651	13393228
OG_0011785	NC_062235.1	13496653	13520861
OG_0014274	NC_062235.1	13559794	13580435
OG_0012494	NC_062235.1	13563432	13587589
OG_0012493	NC_062235.1	13568736	13590813
OG_0006508	NC_062235.1	13575269	13595823
OG_0016999	NC_062235.1	13692050	13712928
OG_0007657	NC_062235.1	13826726	13855257
OG_0016673	NC_062235.1	13838278	13886213
OG_0008081	NC_062235.1	13882253	13903356
OG_0014382	NC_062235.1	14000677	14028026
OG_0005805	NC_062235.1	14045034	14075970
OG_0001173	NC_062235.1	14056185	14076936
OG_0013233	NC_062235.1	14061842	14084049
OG_0001714	NC_062235.1	14068485	14090318
OG_0012992	NC_062235.1	14074116	14097111
OG_0007283	NC_062235.1	14092687	14113908
OG_0005820	NC_062235.1	14109161	14129986
OG_0015957	NC_062235.1	14124377	14146868
OG_0003037	NC_062235.1	14137055	14160513
OG_0001573	NC_062235.1	14167364	14189670
OG_0018856	NC_062236.1	109018	129754
OG_0013123	NC_062236.1	395029	415565
OG_0013122	NC_062236.1	397820	420083
OG_0011356	NC_062236.1	473102	515037
OG_0013977	NC_062236.1	497978	520028
OG_0016658	NC_062236.1	504381	527197
OG_0012232	NC_062236.1	512879	535276
OG_0000958	NC_062236.1	542636	566606
OG_0015434	NC_062236.1	608365	632254
OG_0007214	NC_062236.1	615626	637442
OG_0013742	NC_062236.1	646743	670496
OG_0014960	NC_062236.1	702017	725416
OG_0006057	NC_062236.1	807496	829480
OG_0003589	NC_062236.1	861305	884907
OG_0000993	NC_062236.1	900928	923270
OG_0018372	NC_062236.1	1121206	1171832
OG_0011834	NC_062236.1	1323668	1345046
OG_0016892	NC_062236.1	1332986	1369021
OG_0014621	NC_062236.1	1429896	1522356
OG_0018263	NC_062236.1	1550635	1571287
OG_0015071	NC_062236.1	1558347	1581715
OG_0014057	NC_062236.1	1866859	1901727
OG_0017433	NC_062236.1	1887307	1911535
OG_0014931	NC_062236.1	1904567	1936157
OG_0017742	NC_062236.1	1932117	2065666
OG_0011175	NC_062236.1	2052470	2080529
OG_0017998	NC_062236.1	2140268	2161737
OG_0009439	NC_062236.1	2168166	2211893
OG_0012222	NC_062236.1	2287160	2308713
OG_0000336	NC_062236.1	2295912	2333938
OG_0000509	NC_062236.1	2323117	2354567
OG_0000511	NC_062236.1	2374295	2413405
OG_0006332	NC_062236.1	2397506	2425926
OG_0006934	NC_062236.1	2419886	2472164
OG_0000175	NC_062236.1	2484825	2513592
OG_0009597	NC_062236.1	2505756	2527774
OG_0016012	NC_062236.1	2521272	2619413
OG_0008401	NC_062236.1	2690972	2735348
OG_0009264	NC_062236.1	2735841	2768717
OG_0016361	NC_062236.1	2756199	2793662
OG_0001836	NC_062236.1	2776495	2836432
OG_0006674	NC_062236.1	2821061	2843360
OG_0002005	NC_062236.1	2873318	2895862
OG_0013773	NC_062236.1	2884821	2906500
OG_0009310	NC_062236.1	2906413	2952145
OG_0013741	NC_062236.1	2933663	2955532
OG_0014069	NC_062236.1	2936147	3077937
OG_0009513	NC_062236.1	3060539	3083938
OG_0015557	NC_062236.1	3159542	3229054
OG_0018891	NC_062236.1	3214731	3235454
OG_0014456	NC_062236.1	3399859	3473681
OG_0005927	NC_062236.1	3492103	3520258
OG_0016785	NC_062236.1	3506525	3537642
OG_0014987	NC_062236.1	3561458	3590559
OG_0016837	NC_062236.1	3576340	3600660
OG_0001668	NC_062236.1	3593917	3615519
OG_0012855	NC_062236.1	3701180	3738025
OG_0007404	NC_062236.1	3722015	3749565
OG_0000308	NC_062236.1	3756761	3828378
OG_0016738	NC_062236.1	3812388	3834174
OG_0008210	NC_062236.1	3845988	3868825
OG_0015673	NC_062236.1	4089923	4135283
OG_0015674	NC_062236.1	4154487	4188542
OG_0012672	NC_062236.1	4180377	4215614
OG_0016143	NC_062236.1	4332305	4378057
OG_0016142	NC_062236.1	4366274	4396625
OG_0006795	NC_062236.1	4382250	4484082
OG_0012807	NC_062236.1	4469106	4493106
OG_0007486	NC_062236.1	4476083	4500435
OG_0018018	NC_062236.1	4507100	4527611
OG_0007472	NC_062236.1	4510453	4532067
OG_0014636	NC_062236.1	4515327	4540362
OG_0012362	NC_062236.1	4526115	4555902
OG_0000364	NC_062236.1	4554701	4576839
OG_0013303	NC_062236.1	4558528	4580381
OG_0000345	NC_062236.1	4620611	4657253
OG_0002078	NC_062236.1	4755974	4783567
OG_0017422	NC_062236.1	4766226	4798655
OG_0001078	NC_062236.1	4953911	4977034
OG_0001860	NC_062236.1	4993489	5016804
OG_0001261	NC_062236.1	5012459	5041009
OG_0011211	NC_062236.1	5037368	5065569
OG_0018622	NC_062236.1	5046199	5072799
OG_0017696	NC_062236.1	5076377	5110936
OG_0015477	NC_062236.1	5104125	5124697
OG_0012949	NC_062236.1	5220784	5243118
OG_0018700	NC_062236.1	5265868	5287210
OG_0017386	NC_062236.1	5292285	5314276
OG_0001741	NC_062236.1	5494011	5518410
OG_0014201	NC_062236.1	5524589	5570414
OG_0015363	NC_062236.1	5676081	5703467
OG_0015086	NC_062236.1	5689674	5719071
OG_0000819	NC_062236.1	5717805	5740285
OG_0001723	NC_062236.1	5722505	5751722
OG_0002410	NC_062236.1	5860506	5886470
OG_0018142	NC_062236.1	5929226	5951886
OG_0014797	NC_062236.1	5975981	5996370
OG_0003330	NC_062236.1	6098453	6120761
OG_0000232	NC_062236.1	6197076	6222145
OG_0007308	NC_062236.1	6222147	6276898
OG_0001882	NC_062236.1	6287242	6333781
OG_0017860	NC_062236.1	6352510	6373238
OG_0011324	NC_062236.1	6362015	6405079
OG_0012310	NC_062236.1	6602609	6629857
OG_0011434	NC_062236.1	6662076	6720583
OG_0016972	NC_062236.1	6704606	6728598
OG_0011774	NC_062236.1	6727888	6762006
OG_0015425	NC_062236.1	6743497	6765255
OG_0009595	NC_062236.1	6757330	6778736
OG_0018845	NC_062236.1	6777181	6803601
OG_0012376	NC_062236.1	6815429	6846377
OG_0015549	NC_062236.1	6854562	6875830
OG_0003153	NC_062236.1	6868055	6899240
OG_0018912	NC_062236.1	7056961	7077508
OG_0018606	NC_062236.1	7097268	7117741
OG_0012475	NC_062236.1	7125486	7146088
OG_0018152	NC_062236.1	7161186	7182368
OG_0018391	NC_062236.1	7188215	7214532
OG_0015583	NC_062236.1	7234911	7270006
OG_0011951	NC_062236.1	7319876	7340535
OG_0014485	NC_062236.1	7482544	7533596
OG_0001010	NC_062236.1	7543714	7565924
OG_0017515	NC_062236.1	7546838	7570977
OG_0002389	NC_062236.1	7915537	7990829
OG_0005747	NC_062236.1	8013247	8057951
OG_0002441	NC_062236.1	8071019	8108251
OG_0002416	NC_062236.1	8097278	8117890
OG_0013850	NC_062236.1	8100883	8121980
OG_0006414	NC_062236.1	8141837	8164305
OG_0000693	NC_062236.1	8152533	8217244
OG_0018716	NC_062236.1	8286898	8362966
OG_0015874	NC_062236.1	8355292	8382586
OG_0016950	NC_062236.1	8376850	8399177
OG_0015380	NC_062236.1	8379916	8409601
OG_0015202	NC_062236.1	8435203	8468331
OG_0013719	NC_062236.1	8493470	8518572
OG_0013404	NC_062236.1	8505881	8527170
OG_0017610	NC_062236.1	8521787	8591134
OG_0011572	NC_062236.1	8615842	8637499
OG_0006388	NC_062236.1	8733479	8800860
OG_0006387	NC_062236.1	8867865	8928975
OG_0011948	NC_062236.1	8928997	8953340
OG_0017159	NC_062236.1	9102077	9123349
OG_0003186	NC_062236.1	9154475	9180705
OG_0007485	NC_062236.1	9179779	9246613
OG_0013035	NC_062236.1	9240529	9275084
OG_0014177	NC_062236.1	9310284	9346390
OG_0012481	NC_062236.1	9332043	9354632
OG_0002017	NC_062236.1	9344431	9368496
OG_0014466	NC_062236.1	9376598	9403008
OG_0001032	NC_062236.1	9406970	9437092
OG_0012775	NC_062236.1	9489055	9514102
OG_0011252	NC_062236.1	9606388	9739409
OG_0003377	NC_062236.1	9789478	9816724
OG_0007904	NC_062236.1	9809773	9832686
OG_0013268	NC_062236.1	9815290	9836361
OG_0006475	NC_062236.1	9817421	9838191
OG_0003381	NC_062236.1	9822406	9848331
OG_0014631	NC_062236.1	9921542	9958490
OG_0017608	NC_062236.1	10019076	10060603
OG_0000183	NC_062236.1	10198175	10220160
OG_0014445	NC_062236.1	10213941	10250965
OG_0017092	NC_062236.1	10257028	10293369
OG_0001159	NC_062236.1	10317074	10338996
OG_0015753	NC_062236.1	10333191	10370026
OG_0009317	NC_062236.1	10356391	10377473
OG_0015602	NC_062236.1	10361423	10413794
OG_0005836	NC_062236.1	10417059	10437820
OG_0002766	NC_062236.1	10418484	10439725
OG_0017152	NC_062236.1	10541869	10565408
OG_0012325	NC_062236.1	10646014	10667246
OG_0000332	NC_062236.1	10678585	10700288
OG_0016308	NC_062236.1	10684146	10705036
OG_0018763	NC_062236.1	10692364	10713136
OG_0018420	NC_062236.1	10694485	10723562
OG_0015713	NC_062236.1	10711100	10757129
OG_0007674	NC_062236.1	10742911	10771125
OG_0001993	NC_062236.1	10756494	10788270
OG_0000817	NC_062236.1	10771767	10801228
OG_0012326	NC_062236.1	10824523	10849290
OG_0001788	NC_062236.1	10912225	11019719
OG_0001202	NC_062236.1	11005188	11026844
OG_0009528	NC_062236.1	11009681	11031623
OG_0009529	NC_062236.1	11014681	11035127
OG_0007407	NC_062236.1	11039065	11107937
OG_0007051	NC_062236.1	11120535	11142946
OG_0013615	NC_062236.1	11166716	11188074
OG_0006983	NC_062236.1	11173848	11195559
OG_0005432	NC_062236.1	11182459	11203475
OG_0016144	NC_062236.1	11193244	11237718
OG_0017438	NC_062236.1	11221296	11257156
OG_0009689	NC_062236.1	11294506	11345663
OG_0009690	NC_062236.1	11343491	11388386
OG_0009691	NC_062236.1	11465273	11486358
OG_0017511	NC_062236.1	11469358	11495260
OG_0014638	NC_062236.1	11498946	11523657
OG_0006398	NC_062236.1	11514938	11536710
OG_0013230	NC_062236.1	11521331	11551542
OG_0000473	NC_062236.1	11544567	11578441
OG_0005618	NC_062236.1	11573309	11598849
OG_0002524	NC_062236.1	11615464	11652764
OG_0006810	NC_062236.1	11646911	11669115
OG_0007888	NC_062236.1	11655927	11681542
OG_0001817	NC_062236.1	11665437	11687890
OG_0017141	NC_062236.1	11671496	11699787
OG_0017169	NC_062236.1	11703733	11739175
OG_0005386	NC_062236.1	11757168	11789528
OG_0000396	NC_062236.1	11812324	11847947
OG_0011580	NC_062236.1	11835633	11863285
OG_0000867	NC_062236.1	11871178	11893042
OG_0016416	NC_062236.1	11907594	11948223
OG_0017339	NC_062236.1	12054603	12088735
OG_0016502	NC_062236.1	12203816	12237523
OG_0013848	NC_062236.1	12218751	12240545
OG_0014670	NC_062236.1	12263273	12285375
OG_0000442	NC_062236.1	12271290	12352409
OG_0012260	NC_062236.1	12370183	12452963
OG_0000403	NC_062236.1	12515075	12557446
OG_0009571	NC_062236.1	12621179	12641904
OG_0018444	NC_062236.1	12632673	12653905
OG_0002574	NC_062236.1	12693179	12726492
OG_0015959	NC_062236.1	13139932	13198179
OG_0017130	NC_062236.1	13303089	13324570
OG_0015506	NC_062236.1	13308784	13329401
OG_0012717	NC_062236.1	13437778	13458961
OG_0018877	NC_062236.1	13448495	13469740
OG_0007146	NC_062236.1	13464598	13505210
OG_0007663	NC_062236.1	13527346	13553969
OG_0000774	NC_062236.1	132994	165860
OG_0006895	NC_062236.1	338493	362357
OG_0018991	NC_062236.1	460229	492260
OG_0001172	NC_062236.1	495859	517172
OG_0012265	NC_062236.1	580409	622054
OG_0013042	NC_062236.1	613247	634671
OG_0001601	NC_062236.1	657983	701001
OG_0011234	NC_062236.1	1229893	1342069
OG_0012478	NC_062236.1	1353435	1375282
OG_0012477	NC_062236.1	1356940	1426284
OG_0013305	NC_062236.1	1507162	1528247
OG_0001343	NC_062236.1	1511927	1560069
OG_0014068	NC_062236.1	1565957	1682456
OG_0002117	NC_062236.1	1663707	1691108
OG_0018570	NC_062236.1	1676970	1698500
OG_0011700	NC_062236.1	1682454	1704532
OG_0002303	NC_062236.1	1717353	1800737
OG_0001449	NC_062236.1	1794564	1822241
OG_0005757	NC_062236.1	1822842	1862426
OG_0006445	NC_062236.1	1883733	1905621
OG_0008357	NC_062236.1	2073117	2103420
OG_0001734	NC_062236.1	2219880	2242696
OG_0012300	NC_062236.1	2226690	2277916
OG_0005761	NC_062236.1	2262612	2304739
OG_0006713	NC_062236.1	2288930	2310131
OG_0012790	NC_062236.1	2405920	2456325
OG_0007833	NC_062236.1	2458266	2500528
OG_0017823	NC_062236.1	2483806	2504437
OG_0014365	NC_062236.1	2494877	2525259
OG_0012422	NC_062236.1	2718933	2753405
OG_0018711	NC_062236.1	2774750	2795878
OG_0009144	NC_062236.1	2819776	2840698
OG_0018821	NC_062236.1	2825929	2868859
OG_0006343	NC_062236.1	2850627	2882289
OG_0018298	NC_062236.1	2876685	2897179
OG_0007570	NC_062236.1	2886535	2908522
OG_0016137	NC_062236.1	2889649	2922491
OG_0005474	NC_062236.1	2909100	2931718
OG_0007793	NC_062236.1	2932279	2953064
OG_0005375	NC_062236.1	3064829	3089350
OG_0008211	NC_062236.1	3071935	3111463
OG_0012784	NC_062236.1	3127552	3160401
OG_0014017	NC_062236.1	3148620	3170480
OG_0013905	NC_062236.1	3220901	3255764
OG_0013908	NC_062236.1	3239779	3309661
OG_0018160	NC_062236.1	3290781	3312630
OG_0002199	NC_062236.1	3297070	3325470
OG_0016835	NC_062236.1	3583730	3613261
OG_0017797	NC_062236.1	3602910	3663306
OG_0018879	NC_062236.1	3645783	3667196
OG_0000977	NC_062236.1	3680729	3707087
OG_0001076	NC_062236.1	3693102	3717772
OG_0009136	NC_062236.1	4032626	4059583
OG_0012417	NC_062236.1	4079767	4103714
OG_0013353	NC_062236.1	4184862	4208803
OG_0013701	NC_062236.1	4209453	4349552
OG_0018964	NC_062236.1	4395001	4417556
OG_0013451	NC_062236.1	4419472	4440835
OG_0013452	NC_062236.1	4432819	4456082
OG_0018035	NC_062236.1	4508005	4528773
OG_0008132	NC_062236.1	4535970	4557767
OG_0000359	NC_062236.1	4542198	4566934
OG_0001859	NC_062236.1	4699766	4722606
OG_0006749	NC_062236.1	4735097	4771661
OG_0000043	NC_062236.1	4784713	4821582
OG_0008180	NC_062236.1	4831785	4864827
OG_0018807	NC_062236.1	4944022	4972039
OG_0013219	NC_062236.1	5022071	5048478
OG_0012095	NC_062236.1	5053398	5089422
OG_0008330	NC_062236.1	5126257	5199369
OG_0007965	NC_062236.1	5206496	5233007
OG_0001599	NC_062236.1	5216148	5238031
OG_0013781	NC_062236.1	5224020	5248274
OG_0002488	NC_062236.1	5254820	5276567
OG_0015500	NC_062236.1	5257338	5278746
OG_0015994	NC_062236.1	5268237	5308409
OG_0017415	NC_062236.1	5294785	5316196
OG_0014574	NC_062236.1	5303387	5332537
OG_0013949	NC_062236.1	5343810	5376675
OG_0016319	NC_062236.1	5489841	5511049
OG_0017830	NC_062236.1	5499321	5519930
OG_0015787	NC_062236.1	5684017	5707313
OG_0013066	NC_062236.1	5700472	5723773
OG_0013714	NC_062236.1	5705735	5734787
OG_0016751	NC_062236.1	5734142	5760278
OG_0006691	NC_062236.1	5765397	5858539
OG_0012278	NC_062236.1	5857549	5878841
OG_0016469	NC_062236.1	5868308	5892076
OG_0018251	NC_062236.1	5911019	5932130
OG_0001127	NC_062236.1	5913804	5941544
OG_0008200	NC_062236.1	5940462	5962240
OG_0009365	NC_062236.1	5944757	5978950
OG_0014614	NC_062236.1	5961675	5987639
OG_0013262	NC_062236.1	6342234	6365250
OG_0013974	NC_062236.1	6353791	6375104
OG_0008217	NC_062236.1	6392877	6432362
OG_0007767	NC_062236.1	6413179	6437845
OG_0002253	NC_062236.1	6418422	6440161
OG_0012471	NC_062236.1	6534950	6576479
OG_0005915	NC_062236.1	6711770	6743814
OG_0013208	NC_062236.1	6746508	6769684
OG_0000436	NC_062236.1	6759791	6793240
OG_0006568	NC_062236.1	6775389	6796447
OG_0011225	NC_062236.1	6827434	6872865
OG_0013418	NC_062236.1	6858457	6913819
OG_0011977	NC_062236.1	6992132	7018979
OG_0012473	NC_062236.1	7000955	7022584
OG_0012474	NC_062236.1	7018590	7039318
OG_0016413	NC_062236.1	7162403	7184969
OG_0001160	NC_062236.1	7195923	7217474
OG_0005416	NC_062236.1	7210330	7254480
OG_0009535	NC_062236.1	7253903	7274772
OG_0011931	NC_062236.1	7292145	7316260
OG_0001799	NC_062236.1	7313618	7334819
OG_0014484	NC_062236.1	7410255	7450415
OG_0018357	NC_062236.1	7861648	7881865
OG_0017355	NC_062236.1	7869783	7895259
OG_0017488	NC_062236.1	8038306	8060519
OG_0014933	NC_062236.1	8092664	8116155
OG_0013520	NC_062236.1	8098403	8119145
OG_0014021	NC_062236.1	8103217	8159744
OG_0000692	NC_062236.1	8146909	8170324
OG_0015306	NC_062236.1	8197920	8230112
OG_0019072	NC_062236.1	8290134	8313703
OG_0009618	NC_062236.1	8347197	8373311
OG_0017402	NC_062236.1	8395492	8418371
OG_0000694	NC_062236.1	8401147	8442113
OG_0011590	NC_062236.1	8432736	8453566
OG_0018590	NC_062236.1	8485356	8510493
OG_0018004	NC_062236.1	8507473	8527955
OG_0007273	NC_062236.1	8594398	8621592
OG_0005880	NC_062236.1	8603335	8625426
OG_0011571	NC_062236.1	8613189	8634598
OG_0016503	NC_062236.1	8630716	8660892
OG_0007558	NC_062236.1	8879312	8900711
OG_0013420	NC_062236.1	8934150	8957108
OG_0005388	NC_062236.1	8938792	8959322
OG_0007779	NC_062236.1	9060158	9110621
OG_0013202	NC_062236.1	9107270	9132123
OG_0007200	NC_062236.1	9117422	9143543
OG_0011887	NC_062236.1	9160989	9183136
OG_0016513	NC_062236.1	9232268	9259474
OG_0003383	NC_062236.1	9257419	9293289
OG_0003362	NC_062236.1	9289166	9316654
OG_0000379	NC_062236.1	9327371	9351496
OG_0002665	NC_062236.1	9335232	9356512
OG_0008309	NC_062236.1	9348606	9393016
OG_0012069	NC_062236.1	9498161	9523223
OG_0013060	NC_062236.1	9768508	9795682
OG_0018485	NC_062236.1	9812843	9833343
OG_0003379	NC_062236.1	9820490	9855059
OG_0013071	NC_062236.1	9872056	9897353
OG_0017609	NC_062236.1	9940719	9991399
OG_0014530	NC_062236.1	10045355	10076960
OG_0000646	NC_062236.1	10079965	10103825
OG_0007449	NC_062236.1	10091260	10168189
OG_0001115	NC_062236.1	10156987	10201106
OG_0008057	NC_062236.1	10202590	10231001
OG_0006462	NC_062236.1	10212094	10233089
OG_0004719	NC_062236.1	10231071	10262656
OG_0016426	NC_062236.1	10325375	10352575
OG_0002415	NC_062236.1	10358609	10379134
OG_0009594	NC_062236.1	10398649	10419730
OG_0006995	NC_062236.1	10405163	10426147
OG_0005441	NC_062236.1	10643856	10664895
OG_0013056	NC_062236.1	10686333	10711584
OG_0018958	NC_062236.1	10705246	10726080
OG_0006543	NC_062236.1	10738912	10760142
OG_0006544	NC_062236.1	10740247	10760981
OG_0001897	NC_062236.1	10752439	10774450
OG_0012027	NC_062236.1	10782328	10833890
OG_0015562	NC_062236.1	10836662	10857748
OG_0005446	NC_062236.1	10882901	10930247
OG_0002091	NC_062236.1	11011753	11033339
OG_0017320	NC_062236.1	11015244	11037234
OG_0009283	NC_062236.1	11094468	11184689
OG_0013274	NC_062236.1	11175803	11196865
OG_0001382	NC_062236.1	11184196	11205608
OG_0008367	NC_062236.1	11188612	11210945
OG_0006706	NC_062236.1	11281857	11305981
OG_0009688	NC_062236.1	11383145	11428484
OG_0008490	NC_062236.1	11472690	11493721
OG_0009064	NC_062236.1	11479866	11500989
OG_0002228	NC_062236.1	11482198	11518634
OG_0000936	NC_062236.1	11507035	11531581
OG_0014560	NC_062236.1	11514093	11540523
OG_0008115	NC_062236.1	11536579	11563447
OG_0016857	NC_062236.1	11579915	11632737
OG_0018297	NC_062236.1	11637092	11658458
OG_0001822	NC_062236.1	11642022	11666035
OG_0012008	NC_062236.1	11663125	11684947
OG_0013180	NC_062236.1	11684645	11717018
OG_0017190	NC_062236.1	11699417	11720472
OG_0017224	NC_062236.1	11701256	11722385
OG_0018313	NC_062236.1	11721963	11742343
OG_0014579	NC_062236.1	11728113	11776396
OG_0011819	NC_062236.1	11793927	11821139
OG_0009590	NC_062236.1	11831480	11853295
OG_0008286	NC_062236.1	11931743	12000193
OG_0017191	NC_062236.1	12069686	12095945
OG_0016907	NC_062236.1	12078919	12222969
OG_0017753	NC_062236.1	12223359	12276099
OG_0017471	NC_062236.1	12268535	12290037
OG_0017131	NC_062236.1	12462883	12483962
OG_0009161	NC_062236.1	12465975	12489570
OG_0000497	NC_062236.1	12549349	12637749
OG_0012975	NC_062236.1	12620641	12650588
OG_0011499	NC_062236.1	12635825	12683799
OG_0005729	NC_062236.1	12707719	12735938
OG_0006987	NC_062236.1	13086214	13124564
OG_0013679	NC_062236.1	13166098	13189238
OG_0002635	NC_062236.1	13305107	13327873
OG_0017200	NC_062236.1	13310298	13335426
OG_0011941	NC_062236.1	13327231	13350767
OG_0011402	NC_062236.1	13339169	13367108
OG_0002669	NC_062236.1	13365794	13388140
OG_0001326	NC_062236.1	13425156	13455439
OG_0014119	NC_062236.1	13441245	13465555
OG_0007271	NC_062236.1	13448239	13473296
OG_0006290	NC_062236.1	13487326	13544675
OG_0006862	NC_062237.1	23227	44954
OG_0001782	NC_062237.1	44296	65232
OG_0003080	NC_062237.1	55764	77216
OG_0000130	NC_062237.1	66270	101001
OG_0013684	NC_062237.1	88462	115875
OG_0005856	NC_062237.1	110108	131943
OG_0014515	NC_062237.1	307399	329108
OG_0000467	NC_062237.1	323064	349588
OG_0006703	NC_062237.1	336726	359918
OG_0018587	NC_062237.1	351863	373009
OG_0015903	NC_062237.1	369069	391036
OG_0006032	NC_062237.1	371182	391728
OG_0002238	NC_062237.1	380992	402186
OG_0009736	NC_062237.1	391384	413531
OG_0000865	NC_062237.1	696565	802841
OG_0002504	NC_062237.1	937783	997199
OG_0000757	NC_062237.1	1043990	1136825
OG_0006633	NC_062237.1	1126004	1147803
OG_0002672	NC_062237.1	1234936	1256058
OG_0001111	NC_062237.1	1239929	1273430
OG_0017080	NC_062237.1	1276808	1297669
OG_0002101	NC_062237.1	1488422	1516135
OG_0000922	NC_062237.1	1687506	1727481
OG_0005321	NC_062237.1	1727650	1750972
OG_0018061	NC_062237.1	1731760	1752519
OG_0001059	NC_062237.1	1746220	1769657
OG_0015892	NC_062237.1	1771966	1799788
OG_0007746	NC_062237.1	1794511	1833962
OG_0017033	NC_062237.1	1858430	1879752
OG_0009167	NC_062237.1	2188108	2208902
OG_0005483	NC_062237.1	2194360	2214771
OG_0005520	NC_062237.1	2204445	2233694
OG_0018345	NC_062237.1	2242149	2264215
OG_0008336	NC_062237.1	2469421	2661562
OG_0005850	NC_062237.1	2662001	2683071
OG_0015997	NC_062237.1	2667855	2688823
OG_0005330	NC_062237.1	2677534	2700078
OG_0001829	NC_062237.1	2684177	2709553
OG_0017444	NC_062237.1	2834043	2862206
OG_0018246	NC_062237.1	2844283	2866550
OG_0014026	NC_062237.1	3041392	3074634
OG_0015953	NC_062237.1	3056177	3079301
OG_0006597	NC_062237.1	3187248	3245054
OG_0009645	NC_062237.1	3484641	3546118
OG_0009057	NC_062237.1	3801010	3831592
OG_0000504	NC_062237.1	3817015	3839703
OG_0012244	NC_062237.1	3902690	3940223
OG_0001673	NC_062237.1	3941506	3962708
OG_0018012	NC_062237.1	4051957	4073194
OG_0016866	NC_062237.1	4115708	4144171
OG_0009613	NC_062237.1	4128282	4151270
OG_0005479	NC_062237.1	4131522	4152939
OG_0012705	NC_062237.1	4143438	4164112
OG_0005800	NC_062237.1	4149942	4177836
OG_0001842	NC_062237.1	4161617	4184079
OG_0017460	NC_062237.1	4173539	4198166
OG_0012861	NC_062237.1	4197082	4237206
OG_0012132	NC_062237.1	4223225	4247321
OG_0005801	NC_062237.1	4699080	4732167
OG_0012429	NC_062237.1	4734247	4759468
OG_0016188	NC_062237.1	5009976	5030605
OG_0017294	NC_062237.1	5076323	5097478
OG_0006626	NC_062237.1	5083770	5107562
OG_0016923	NC_062237.1	5092918	5120306
OG_0007315	NC_062237.1	5113989	5163742
OG_0011966	NC_062237.1	5279534	5305384
OG_0007226	NC_062237.1	5286201	5317026
OG_0001195	NC_062237.1	5392565	5414223
OG_0015410	NC_062237.1	5458321	5482570
OG_0015498	NC_062237.1	5465980	5487970
OG_0018626	NC_062237.1	5486051	5506587
OG_0003057	NC_062237.1	5514261	5534785
OG_0019013	NC_062237.1	5549200	5569769
OG_0007249	NC_062237.1	5575870	5596320
OG_0007248	NC_062237.1	5580267	5600737
OG_0007247	NC_062237.1	5585002	5606211
OG_0014809	NC_062237.1	5588181	5609211
OG_0018871	NC_062237.1	5614723	5635298
OG_0005576	NC_062237.1	5662904	5684642
OG_0018102	NC_062237.1	5678323	5698679
OG_0013026	NC_062237.1	5693994	5717603
OG_0014768	NC_062237.1	5701268	5721570
OG_0017399	NC_062237.1	5737452	5768029
OG_0015225	NC_062237.1	5761784	5782990
OG_0000749	NC_062237.1	5848579	5869136
OG_0018034	NC_062237.1	5910386	5931309
OG_0014262	NC_062237.1	6235059	6255676
OG_0015869	NC_062237.1	6240687	6262491
OG_0001034	NC_062237.1	6253227	6275169
OG_0009522	NC_062237.1	6265879	6316002
OG_0000153	NC_062237.1	6328219	6349394
OG_0017360	NC_062237.1	6388042	6410210
OG_0009635	NC_062237.1	6419601	6448841
OG_0006641	NC_062237.1	6445223	6480534
OG_0002477	NC_062237.1	6498035	6525565
OG_0009678	NC_062237.1	6507695	6532189
OG_0013695	NC_062237.1	6580935	6645431
OG_0000316	NC_062237.1	6835076	6865518
OG_0000771	NC_062237.1	6872454	6909771
OG_0017052	NC_062237.1	7174410	7213791
OG_0001291	NC_062237.1	7198220	7220163
OG_0003585	NC_062237.1	7203296	7241194
OG_0003013	NC_062237.1	7270384	7307832
OG_0015494	NC_062237.1	7296664	7317507
OG_0013335	NC_062237.1	7301737	7326578
OG_0005707	NC_062237.1	7432353	7460286
OG_0005549	NC_062237.1	7462985	7487774
OG_0001552	NC_062237.1	7489836	7512562
OG_0005509	NC_062237.1	7497583	7520873
OG_0000491	NC_062237.1	7510495	7534271
OG_0015577	NC_062237.1	7538541	7566522
OG_0011974	NC_062237.1	7566134	7591379
OG_0009063	NC_062237.1	7763033	7784484
OG_0013173	NC_062237.1	7783537	7813523
OG_0018725	NC_062237.1	7886666	7912517
OG_0009172	NC_062237.1	7905174	7927101
OG_0002396	NC_062237.1	7953189	7989902
OG_0015327	NC_062237.1	7983161	8008044
OG_0002109	NC_062237.1	7989960	8011762
OG_0011832	NC_062237.1	8024968	8046239
OG_0011610	NC_062237.1	8035454	8060121
OG_0001293	NC_062237.1	8088087	8207150
OG_0012616	NC_062237.1	8293016	8330918
OG_0015684	NC_062237.1	8376388	8442984
OG_0006822	NC_062237.1	8588093	8616336
OG_0002444	NC_062237.1	8600556	8622508
OG_0003012	NC_062237.1	8604407	8655499
OG_0016674	NC_062237.1	8701183	8723856
OG_0013549	NC_062237.1	8765788	8789852
OG_0011285	NC_062237.1	8847411	8906883
OG_0018986	NC_062237.1	8888886	8914870
OG_0018988	NC_062237.1	8897093	8924872
OG_0018987	NC_062237.1	8910367	8934210
OG_0005865	NC_062237.1	9014553	9035789
OG_0016321	NC_062237.1	9317246	9338853
OG_0008209	NC_062237.1	9320925	9355831
OG_0007710	NC_062237.1	9392783	9426636
OG_0011739	NC_062237.1	9412533	9434875
OG_0014708	NC_062237.1	9415788	9436249
OG_0017391	NC_062237.1	9417891	9439170
OG_0000883	NC_062237.1	9456689	9483696
OG_0012600	NC_062237.1	9465610	9491463
OG_0007637	NC_062237.1	9492220	9517891
OG_0013477	NC_062237.1	9502415	9523230
OG_0001488	NC_062237.1	9507784	9557571
OG_0009563	NC_062237.1	9544284	9566176
OG_0013471	NC_062237.1	9551126	9571867
OG_0012659	NC_062237.1	9579629	9604492
OG_0017719	NC_062237.1	9592052	9632342
OG_0015020	NC_062237.1	9617031	9638695
OG_0006755	NC_062237.1	9622382	9644109
OG_0019046	NC_062237.1	9635178	9655438
OG_0008328	NC_062237.1	9823885	9863838
OG_0018084	NC_062237.1	9844600	9865179
OG_0001892	NC_062237.1	9960382	9987768
OG_0009357	NC_062237.1	9978567	10006239
OG_0018240	NC_062237.1	9993907	10014606
OG_0016260	NC_062237.1	10056468	10097987
OG_0011847	NC_062237.1	10097301	10171530
OG_0011849	NC_062237.1	10153394	10177278
OG_0018322	NC_062237.1	10157878	10178813
OG_0017142	NC_062237.1	10254887	10282707
OG_0006456	NC_062237.1	10337220	10361406
OG_0013723	NC_062237.1	10377280	10408217
OG_0007007	NC_062237.1	10389631	10412548
OG_0018109	NC_062237.1	10395958	10416529
OG_0013900	NC_062237.1	10444227	10465212
OG_0013901	NC_062237.1	10451455	10490374
OG_0001317	NC_062237.1	10471630	10495842
OG_0006351	NC_062237.1	10578285	10622215
OG_0017647	NC_062237.1	10698168	10730908
OG_0017648	NC_062237.1	10722044	10754372
OG_0018876	NC_062237.1	10957039	10977723
OG_0012207	NC_062237.1	10978039	11013525
OG_0001513	NC_062237.1	10998116	11041502
OG_0018701	NC_062237.1	11022650	11043069
OG_0011213	NC_062237.1	11032510	11057277
OG_0014174	NC_062237.1	11100267	11153758
OG_0014416	NC_062237.1	11481634	11522410
OG_0011309	NC_062237.1	11541465	11577627
OG_0000638	NC_062237.1	11631684	11664844
OG_0011495	NC_062237.1	11645764	11703630
OG_0005282	NC_062237.1	11878910	11935216
OG_0005281	NC_062237.1	11922206	11954838
OG_0007182	NC_062237.1	11961677	12020569
OG_0000045	NC_062237.1	12219571	12248659
OG_0012028	NC_062237.1	12232730	12281040
OG_0002015	NC_062237.1	12262898	12286435
OG_0002164	NC_062237.1	12297179	12330520
OG_0013720	NC_062237.1	12327140	12362489
OG_0004584	NC_062237.1	12345397	12449690
OG_0012270	NC_062237.1	12433435	12495131
OG_0013343	NC_062237.1	12495311	12527122
OG_0007988	NC_062237.1	12517812	12552749
OG_0011603	NC_062237.1	12538712	12559421
OG_0011845	NC_062237.1	12568357	12598327
OG_0009507	NC_062237.1	12641090	12685342
OG_0012899	NC_062237.1	12799432	12832586
OG_0005472	NC_062237.1	12817617	12838327
OG_0017361	NC_062237.1	12841663	12912426
OG_0014181	NC_062237.1	12896078	12937146
OG_0001745	NC_062237.1	12920411	12945885
OG_0000294	NC_062237.1	12929060	12961814
OG_0005450	NC_062237.1	13169260	13192243
OG_0009151	NC_062237.1	13176241	13199370
OG_0007323	NC_062237.1	13180289	13232321
OG_0006859	NC_062237.1	13241064	13264867
OG_0005651	NC_062237.1	13319025	13345549
OG_0016978	NC_062237.1	13341047	13362613
OG_0017398	NC_062237.1	13347985	13381888
OG_0002099	NC_062237.1	13363642	13389816
OG_0016452	NC_062237.1	13451558	13474374
OG_0015680	NC_062237.1	13460037	13482754
OG_0015658	NC_062237.1	13463964	13485609
OG_0006964	NC_062237.1	13526924	13547661
OG_0009441	NC_062237.1	13532934	13561733
OG_0000804	NC_062237.1	13551630	13576964
OG_0017833	NC_062237.1	13609469	13629849
OG_0002740	NC_062237.1	13619615	13642060
OG_0016298	NC_062237.1	49749	73882
OG_0015834	NC_062237.1	98193	128286
OG_0007790	NC_062237.1	112191	133680
OG_0015068	NC_062237.1	150690	178200
OG_0005000	NC_062237.1	164710	194806
OG_0011409	NC_062237.1	313030	339732
OG_0016885	NC_062237.1	341799	365175
OG_0011169	NC_062237.1	353663	382506
OG_0006033	NC_062237.1	372044	392452
OG_0001163	NC_062237.1	373477	394953
OG_0017088	NC_062237.1	378924	400172
OG_0016707	NC_062237.1	382703	410433
OG_0000864	NC_062237.1	440004	473846
OG_0006980	NC_062237.1	1054647	1078435
OG_0002002	NC_062237.1	1118342	1141602
OG_0003363	NC_062237.1	1131051	1157717
OG_0008055	NC_062237.1	1187048	1256755
OG_0002273	NC_062237.1	1237570	1258079
OG_0015081	NC_062237.1	1256725	1296002
OG_0001566	NC_062237.1	1685468	1706762
OG_0005959	NC_062237.1	1709982	1730221
OG_0015828	NC_062237.1	1723929	1745218
OG_0017711	NC_062237.1	1733372	1755157
OG_0000174	NC_062237.1	1736888	1765792
OG_0017484	NC_062237.1	1751176	1778888
OG_0013696	NC_062237.1	1785392	1812652
OG_0014791	NC_062237.1	2136311	2163203
OG_0006953	NC_062237.1	2165665	2187097
OG_0000363	NC_062237.1	2189910	2213014
OG_0001378	NC_062237.1	2195940	2222937
OG_0000611	NC_062237.1	2262393	2287052
OG_0008332	NC_062237.1	2651709	2681410
OG_0011838	NC_062237.1	2663582	2684396
OG_0018183	NC_062237.1	2664872	2687076
OG_0002111	NC_062237.1	2669097	2692051
OG_0014608	NC_062237.1	2693637	2749990
OG_0007280	NC_062237.1	2731328	2759625
OG_0012221	NC_062237.1	2898469	2944634
OG_0002559	NC_062237.1	2951367	2981837
OG_0014451	NC_062237.1	2969311	3051236
OG_0016994	NC_062237.1	3059586	3080473
OG_0007378	NC_062237.1	3061117	3120131
OG_0000017	NC_062237.1	3812339	3835302
OG_0014093	NC_062237.1	3890836	3919600
OG_0014230	NC_062237.1	3927395	3956479
OG_0018233	NC_062237.1	3943201	3963512
OG_0006432	NC_062237.1	4144220	4164800
OG_0007258	NC_062237.1	4157885	4180561
OG_0016625	NC_062237.1	4164205	4191297
OG_0001063	NC_062237.1	4191835	4216506
OG_0017755	NC_062237.1	4219824	4241142
OG_0002394	NC_062237.1	4232931	4312347
OG_0000695	NC_062237.1	4325773	4426468
OG_0015005	NC_062237.1	4777007	4814935
OG_0012391	NC_062237.1	4826170	4856491
OG_0013340	NC_062237.1	4954566	4975789
OG_0016677	NC_062237.1	5012106	5033809
OG_0016676	NC_062237.1	5013961	5035730
OG_0016679	NC_062237.1	5016180	5037824
OG_0016736	NC_062237.1	5018981	5042456
OG_0015278	NC_062237.1	5055698	5095904
OG_0006323	NC_062237.1	5079368	5101122
OG_0018743	NC_062237.1	5089245	5110064
OG_0006463	NC_062237.1	5097088	5117738
OG_0018404	NC_062237.1	5106161	5126661
OG_0013712	NC_062237.1	5148696	5203497
OG_0017149	NC_062237.1	5188054	5209028
OG_0002003	NC_062237.1	5247969	5290968
OG_0015462	NC_062237.1	5273745	5298907
OG_0001314	NC_062237.1	5297767	5324742
OG_0001438	NC_062237.1	5396719	5431115
OG_0005456	NC_062237.1	5468289	5493127
OG_0016615	NC_062237.1	5473759	5497563
OG_0001474	NC_062237.1	5492153	5512944
OG_0014170	NC_062237.1	5521377	5542027
OG_0006982	NC_062237.1	5529275	5549691
OG_0006022	NC_062237.1	5539917	5562612
OG_0007246	NC_062237.1	5552520	5572997
OG_0014511	NC_062237.1	5555169	5576285
OG_0000432	NC_062237.1	5646636	5672489
OG_0000433	NC_062237.1	5654278	5681219
OG_0016747	NC_062237.1	5665271	5686637
OG_0008358	NC_062237.1	5672072	5695689
OG_0017602	NC_062237.1	5679462	5703917
OG_0015600	NC_062237.1	5707939	5741088
OG_0017478	NC_062237.1	5748544	5772526
OG_0015995	NC_062237.1	5859565	5927731
OG_0006932	NC_062237.1	5914313	5942502
OG_0015367	NC_062237.1	5926017	5948455
OG_0018635	NC_062237.1	6238521	6260149
OG_0016322	NC_062237.1	6242878	6269855
OG_0005873	NC_062237.1	6250580	6272297
OG_0012334	NC_062237.1	6256856	6282132
OG_0012799	NC_062237.1	6280402	6310281
OG_0013368	NC_062237.1	6296447	6322028
OG_0005510	NC_062237.1	6327570	6363918
OG_0000154	NC_062237.1	6346366	6367505
OG_0017525	NC_062237.1	6462407	6486876
OG_0009679	NC_062237.1	6513423	6537187
OG_0000067	NC_062237.1	6519326	6557650
OG_0013840	NC_062237.1	6550456	6577761
OG_0015677	NC_062237.1	6560553	6582448
OG_0000500	NC_062237.1	6630073	6655697
OG_0017050	NC_062237.1	6638728	6732080
OG_0011563	NC_062237.1	7196501	7217763
OG_0005881	NC_062237.1	7289569	7314811
OG_0005361	NC_062237.1	7316740	7451654
OG_0001598	NC_062237.1	7445805	7476797
OG_0002442	NC_062237.1	7475741	7504745
OG_0000492	NC_062237.1	7505546	7529572
OG_0008311	NC_062237.1	7515787	7541415
OG_0000388	NC_062237.1	7523558	7553319
OG_0018363	NC_062237.1	7533947	7554760
OG_0013620	NC_062237.1	7552867	7574015
OG_0019096	NC_062237.1	7554444	7576165
OG_0016156	NC_062237.1	7556767	7585746
OG_0012836	NC_062237.1	7576615	7690165
OG_0003313	NC_062237.1	7776439	7801030
OG_0011987	NC_062237.1	7801040	7843706
OG_0002106	NC_062237.1	7843692	7864888
OG_0011988	NC_062237.1	7853935	7902728
OG_0001923	NC_062237.1	7896269	7924199
OG_0015990	NC_062237.1	7976369	8001953
OG_0013667	NC_062237.1	7992724	8040343
OG_0005464	NC_062237.1	8031348	8054668
OG_0013663	NC_062237.1	8577602	8606267
OG_0012715	NC_062237.1	8602980	8623749
OG_0018281	NC_062237.1	8652795	8675225
OG_0018261	NC_062237.1	8682170	8704339
OG_0015422	NC_062237.1	8695531	8719522
OG_0012586	NC_062237.1	8707114	8782446
OG_0012816	NC_062237.1	8875414	8896061
OG_0016233	NC_062237.1	9084673	9144947
OG_0015902	NC_062237.1	9274111	9313846
OG_0017344	NC_062237.1	9354303	9387751
OG_0016294	NC_062237.1	9387964	9410336
OG_0014494	NC_062237.1	9411185	9432061
OG_0019016	NC_062237.1	9416894	9437232
OG_0016613	NC_062237.1	9419877	9454129
OG_0018853	NC_062237.1	9441009	9461714
OG_0012629	NC_062237.1	9446796	9469228
OG_0011853	NC_062237.1	9516094	9538344
OG_0007262	NC_062237.1	9538873	9561425
OG_0001391	NC_062237.1	9548301	9570483
OG_0011799	NC_062237.1	9553309	9590277
OG_0008513	NC_062237.1	9574759	9596343
OG_0000629	NC_062237.1	9584615	9611076
OG_0000818	NC_062237.1	9596431	9617186
OG_0000866	NC_062237.1	9614773	9635882
OG_0000683	NC_062237.1	9618774	9641355
OG_0016136	NC_062237.1	9845646	9877231
OG_0000301	NC_062237.1	9899694	9941792
OG_0018505	NC_062237.1	9968583	9993595
OG_0000325	NC_062237.1	9995575	10031518
OG_0013717	NC_062237.1	10012924	10036356
OG_0006651	NC_062237.1	10018489	10040731
OG_0016669	NC_062237.1	10090338	10115984
OG_0007473	NC_062237.1	10159914	10186394
OG_0012516	NC_062237.1	10247848	10290273
OG_0017954	NC_062237.1	10393006	10413624
OG_0008299	NC_062237.1	10397124	10423870
OG_0015012	NC_062237.1	10406021	10448467
OG_0017957	NC_062237.1	10471028	10491288
OG_0004981	NC_062237.1	10478753	10502398
OG_0002438	NC_062237.1	10499918	10528111
OG_0000725	NC_062237.1	10547669	10568250
OG_0005686	NC_062237.1	10559042	10586728
OG_0017192	NC_062237.1	10570033	10597794
OG_0012060	NC_062237.1	10736939	10884922
OG_0008075	NC_062237.1	10962440	10994827
OG_0014091	NC_062237.1	11023253	11050962
OG_0016668	NC_062237.1	11039069	11080217
OG_0002518	NC_062237.1	11071935	11097305
OG_0014175	NC_062237.1	11149658	11176256
OG_0001790	NC_062237.1	11210965	11255914
OG_0001327	NC_062237.1	11325527	11395972
OG_0013817	NC_062237.1	11382032	11414460
OG_0000707	NC_062237.1	11475749	11497058
OG_0012740	NC_062237.1	11503916	11524690
OG_0007688	NC_062237.1	11558785	11580354
OG_0007441	NC_062237.1	11575385	11604641
OG_0016792	NC_062237.1	11613244	11643030
OG_0016791	NC_062237.1	11624741	11650221
OG_0017414	NC_062237.1	11657663	11679662
OG_0001325	NC_062237.1	11825205	11855995
OG_0007576	NC_062237.1	12133645	12184369
OG_0006698	NC_062237.1	12261632	12282300
OG_0018758	NC_062237.1	12267340	12288267
OG_0016246	NC_062237.1	12274257	12315422
OG_0016350	NC_062237.1	12432103	12452970
OG_0007856	NC_062237.1	12483804	12513609
OG_0014374	NC_062237.1	12535279	12558284
OG_0005652	NC_062237.1	12539828	12583280
OG_0017309	NC_062237.1	12665619	12686922
OG_0001443	NC_062237.1	12705006	12752542
OG_0012330	NC_062237.1	12814611	12837206
OG_0001937	NC_062237.1	12821031	12860936
OG_0013573	NC_062237.1	12891663	12913049
OG_0013503	NC_062237.1	12927805	12948745
OG_0011810	NC_062237.1	12950379	12982750
OG_0005405	NC_062237.1	13083841	13132497
OG_0011531	NC_062237.1	13122104	13169019
OG_0009750	NC_062237.1	13157877	13185636
OG_0013308	NC_062237.1	13167128	13188407
OG_0013403	NC_062237.1	13172487	13195869
OG_0012863	NC_062237.1	13218135	13242739
OG_0012817	NC_062237.1	13225109	13259894
OG_0014121	NC_062237.1	13250887	13294346
OG_0009456	NC_062237.1	13283586	13338175
OG_0000746	NC_062237.1	13328793	13353983
OG_0003282	NC_062237.1	13371201	13398204
OG_0007502	NC_062237.1	13381260	13406204
OG_0016816	NC_062237.1	13438563	13460973
OG_0001794	NC_062237.1	13455217	13479101
OG_0001812	NC_062237.1	13518879	13540726
OG_0004251	NC_062237.1	13529572	13552045
OG_0016814	NC_062237.1	13542530	13563348
OG_0000820	NC_062237.1	13582173	13616561
OG_0012699	NC_062237.1	13611532	13632747
OG_0017802	NC_062237.1	13624413	13647430
OG_0017230	NC_062238.1	105493	132154
OG_0006968	NC_062238.1	117522	145052
OG_0007106	NC_062238.1	163715	195320
OG_0016257	NC_062238.1	196831	220675
OG_0001992	NC_062238.1	205073	228793
OG_0011490	NC_062238.1	255533	280306
OG_0003034	NC_062238.1	261690	285823
OG_0017434	NC_062238.1	277352	298751
OG_0007941	NC_062238.1	280540	308156
OG_0009561	NC_062238.1	317584	339390
OG_0000904	NC_062238.1	329148	352340
OG_0014661	NC_062238.1	342040	370381
OG_0013297	NC_062238.1	353801	374460
OG_0019017	NC_062238.1	358993	379307
OG_0003174	NC_062238.1	407090	438385
OG_0014055	NC_062238.1	429044	464992
OG_0014051	NC_062238.1	471236	504838
OG_0018938	NC_062238.1	506527	526985
OG_0017909	NC_062238.1	555472	578389
OG_0006489	NC_062238.1	563293	601942
OG_0005507	NC_062238.1	584253	607079
OG_0011436	NC_062238.1	649215	691795
OG_0016997	NC_062238.1	725815	756819
OG_0012909	NC_062238.1	746930	797884
OG_0012663	NC_062238.1	896197	921347
OG_0017574	NC_062238.1	916222	968327
OG_0014056	NC_062238.1	970928	1024594
OG_0005664	NC_062238.1	1037445	1080697
OG_0001865	NC_062238.1	1067656	1088303
OG_0013889	NC_062238.1	1081871	1147757
OG_0004342	NC_062238.1	1228424	1256915
OG_0008226	NC_062238.1	1263945	1291191
OG_0016765	NC_062238.1	1297663	1321012
OG_0007703	NC_062238.1	1302750	1323848
OG_0019024	NC_062238.1	1318081	1339111
OG_0018948	NC_062238.1	1347640	1370995
OG_0017109	NC_062238.1	1368400	1389677
OG_0011839	NC_062238.1	1378364	1409550
OG_0009446	NC_062238.1	1391205	1417120
OG_0001848	NC_062238.1	1410158	1459976
OG_0006918	NC_062238.1	1454690	1478414
OG_0005587	NC_062238.1	1466385	1523567
OG_0000773	NC_062238.1	1511934	1540882
OG_0011912	NC_062238.1	1522083	1549292
OG_0000762	NC_062238.1	1540212	1561688
OG_0000971	NC_062238.1	1559559	1596148
OG_0003179	NC_062238.1	1578745	1610196
OG_0015102	NC_062238.1	1598538	1623980
OG_0018630	NC_062238.1	1629137	1650254
OG_0006014	NC_062238.1	1967851	1988072
OG_0008049	NC_062238.1	2316896	2349965
OG_0009749	NC_062238.1	2336786	2357826
OG_0005473	NC_062238.1	2365629	2390136
OG_0015408	NC_062238.1	2477479	2513040
OG_0017567	NC_062238.1	2521187	2544936
OG_0012151	NC_062238.1	2583953	2609105
OG_0002216	NC_062238.1	2596354	2628039
OG_0017213	NC_062238.1	2615635	2649849
OG_0017692	NC_062238.1	2702969	2735425
OG_0005447	NC_062238.1	2991240	3030660
OG_0007170	NC_062238.1	3109965	3137980
OG_0012428	NC_062238.1	3211363	3234905
OG_0003177	NC_062238.1	3241214	3288037
OG_0015480	NC_062238.1	3268832	3289200
OG_0012357	NC_062238.1	3285325	3314091
OG_0013257	NC_062238.1	3295903	3334860
OG_0008241	NC_062238.1	3318924	3359703
OG_0000806	NC_062238.1	3449304	3474187
OG_0016715	NC_062238.1	3604776	3628915
OG_0002491	NC_062238.1	3791313	3839535
OG_0006972	NC_062238.1	3921544	4015434
OG_0012011	NC_062238.1	4212947	4245426
OG_0011431	NC_062238.1	4293672	4315060
OG_0002471	NC_062238.1	4312693	4361181
OG_0009328	NC_062238.1	4478887	4500899
OG_0008102	NC_062238.1	4484426	4505678
OG_0007052	NC_062238.1	4543680	4599439
OG_0013756	NC_062238.1	4585713	4607307
OG_0011814	NC_062238.1	4593029	4615989
OG_0007387	NC_062238.1	4605254	4643617
OG_0006926	NC_062238.1	4625707	4651549
OG_0001562	NC_062238.1	4649375	4670220
OG_0018722	NC_062238.1	4657456	4678522
OG_0005742	NC_062238.1	4659319	4706644
OG_0009339	NC_062238.1	4742813	4798883
OG_0017455	NC_062238.1	4789483	4810963
OG_0016455	NC_062238.1	4797886	4819692
OG_0013241	NC_062238.1	4809001	4832157
OG_0017354	NC_062238.1	4832321	4853708
OG_0016988	NC_062238.1	4839447	4861419
OG_0006791	NC_062238.1	4853554	4876883
OG_0006752	NC_062238.1	4880013	4913225
OG_0017197	NC_062238.1	4897111	4920794
OG_0008080	NC_062238.1	4922958	4945508
OG_0008308	NC_062238.1	4934277	4962424
OG_0013329	NC_062238.1	5007650	5036860
OG_0001938	NC_062238.1	5022369	5051622
OG_0015468	NC_062238.1	5034482	5055224
OG_0006276	NC_062238.1	5042264	5063347
OG_0009577	NC_062238.1	5053990	5074969
OG_0000718	NC_062238.1	5071937	5096133
OG_0006443	NC_062238.1	5114427	5135833
OG_0006678	NC_062238.1	5121434	5144006
OG_0000919	NC_062238.1	5324553	5355275
OG_0018235	NC_062238.1	5388428	5408715
OG_0013763	NC_062238.1	5452945	5474300
OG_0011502	NC_062238.1	5514605	5543095
OG_0015149	NC_062238.1	5576229	5607458
OG_0009394	NC_062238.1	6037566	6101456
OG_0005687	NC_062238.1	6191296	6227098
OG_0005826	NC_062238.1	6232811	6256071
OG_0009393	NC_062238.1	6289921	6324424
OG_0009677	NC_062238.1	6315800	6351778
OG_0014007	NC_062238.1	6342632	6363864
OG_0001089	NC_062238.1	6630201	6654284
OG_0006498	NC_062238.1	6650952	6671881
OG_0016173	NC_062238.1	6655873	6694077
OG_0012245	NC_062238.1	6699927	6726727
OG_0006680	NC_062238.1	6746420	6769789
OG_0011704	NC_062238.1	6766375	6800208
OG_0017523	NC_062238.1	6783611	6807865
OG_0002251	NC_062238.1	6871576	6920972
OG_0001667	NC_062238.1	7002329	7024653
OG_0018309	NC_062238.1	7040684	7061702
OG_0014096	NC_062238.1	7252793	7322687
OG_0013379	NC_062238.1	7346731	7370501
OG_0014543	NC_062238.1	7417938	7439935
OG_0013698	NC_062238.1	7428112	7451777
OG_0007414	NC_062238.1	7434290	7466323
OG_0018476	NC_062238.1	7447956	7469382
OG_0018217	NC_062238.1	7450039	7471256
OG_0003011	NC_062238.1	7456582	7482368
OG_0018091	NC_062238.1	7464647	7485243
OG_0005296	NC_062238.1	7499969	7520907
OG_0000157	NC_062238.1	7524233	7545516
OG_0016872	NC_062238.1	7647914	7670873
OG_0012333	NC_062238.1	7658258	7682458
OG_0007909	NC_062238.1	7664599	7685711
OG_0009570	NC_062238.1	7671688	7694180
OG_0013200	NC_062238.1	7722546	7745994
OG_0000270	NC_062238.1	7817293	7842304
OG_0012412	NC_062238.1	7833418	7855478
OG_0008048	NC_062238.1	7850381	7893331
OG_0007900	NC_062238.1	7900129	7920944
OG_0014564	NC_062238.1	7980221	8038742
OG_0009392	NC_062238.1	8044188	8078814
OG_0017626	NC_062238.1	8120797	8181506
OG_0005610	NC_062238.1	8170222	8231044
OG_0015894	NC_062238.1	8426013	8448319
OG_0009069	NC_062238.1	8434266	8468134
OG_0001813	NC_062238.1	8455678	8477069
OG_0015150	NC_062238.1	8461857	8493020
OG_0015152	NC_062238.1	8498879	8524093
OG_0002319	NC_062238.1	8510760	8538443
OG_0013806	NC_062238.1	8524631	8546457
OG_0012276	NC_062238.1	8744942	8795448
OG_0014935	NC_062238.1	9071013	9099122
OG_0012702	NC_062238.1	9190529	9211232
OG_0015003	NC_062238.1	9199795	9224307
OG_0011294	NC_062238.1	9370441	9441347
OG_0016091	NC_062238.1	9472611	9496458
OG_0016764	NC_062238.1	9483815	9507250
OG_0004414	NC_062238.1	9488017	9531049
OG_0015508	NC_062238.1	9517669	9538840
OG_0005270	NC_062238.1	9545332	9568847
OG_0008129	NC_062238.1	9550772	9587123
OG_0007446	NC_062238.1	9652853	9718887
OG_0007499	NC_062238.1	10046795	10067562
OG_0012906	NC_062238.1	10056545	10097207
OG_0012923	NC_062238.1	10097663	10134754
OG_0016234	NC_062238.1	10311686	10384625
OG_0002632	NC_062238.1	10388195	10412221
OG_0001009	NC_062238.1	10401633	10425434
OG_0008110	NC_062238.1	10482280	10512962
OG_0000438	NC_062238.1	10747579	10775049
OG_0016372	NC_062238.1	10775242	10796714
OG_0012098	NC_062238.1	10799598	10833098
OG_0008193	NC_062238.1	10822135	10861007
OG_0007080	NC_062238.1	11331748	11358124
OG_0013373	NC_062238.1	11350727	11399070
OG_0001077	NC_062238.1	11419789	11441480
OG_0015916	NC_062238.1	11479300	11510292
OG_0016559	NC_062238.1	11498817	11523077
OG_0011171	NC_062238.1	11565541	11587130
OG_0012806	NC_062238.1	11600885	11623641
OG_0009149	NC_062238.1	11607368	11653317
OG_0005776	NC_062238.1	11640728	11690747
OG_0015126	NC_062238.1	11675204	11700194
OG_0015911	NC_062238.1	12061936	12094629
OG_0005455	NC_062238.1	12118001	12146156
OG_0007298	NC_062238.1	12217396	12276499
OG_0008190	NC_062238.1	12285056	12307427
OG_0017872	NC_062238.1	12301493	12322021
OG_0006542	NC_062238.1	12310998	12335939
OG_0000814	NC_062238.1	12322090	12345646
OG_0006906	NC_062238.1	12327785	12358102
OG_0005833	NC_062238.1	12341083	12362491
OG_0018180	NC_062238.1	12359309	12381633
OG_0013955	NC_062238.1	12379293	12401636
OG_0005661	NC_062238.1	12421090	12446390
OG_0002321	NC_062238.1	12430624	12460594
OG_0013835	NC_062238.1	12451917	12490063
OG_0014939	NC_062238.1	12471626	12496294
OG_0009614	NC_062238.1	12534216	12565455
OG_0015956	NC_062238.1	12562219	12586158
OG_0001499	NC_062238.1	12644740	12692534
OG_0000221	NC_062238.1	12676046	12711526
OG_0001170	NC_062238.1	12696732	12717384
OG_0017331	NC_062238.1	12698239	12720416
OG_0001171	NC_062238.1	12701178	12728074
OG_0008382	NC_062238.1	12708778	12736601
OG_0011864	NC_062238.1	12754593	12785378
OG_0013721	NC_062238.1	12766913	12788295
OG_0013460	NC_062238.1	13148756	13169360
OG_0000254	NC_062238.1	13153558	13181580
OG_0015865	NC_062238.1	13184420	13212194
OG_0015302	NC_062238.1	13201500	13224765
OG_0001826	NC_062238.1	13210022	13232900
OG_0007421	NC_062238.1	13232503	13261051
OG_0005627	NC_062238.1	13261557	13286015
OG_0014205	NC_062238.1	13298667	13341416
OG_0013767	NC_062238.1	13322800	13346456
OG_0002129	NC_062238.1	13333174	13355414
OG_0017631	NC_062238.1	13340864	13396088
OG_0002466	NC_062238.1	13388074	13410006
OG_0014402	NC_062238.1	13398572	13435358
OG_0017841	NC_062238.1	13419359	13439751
OG_0001250	NC_062238.1	13425586	13453700
OG_0008785	NC_062238.1	13489884	13511326
OG_0016705	NC_062238.1	13494972	13531677
OG_0015963	NC_062238.1	125546	155740
OG_0017188	NC_062238.1	176572	199992
OG_0002576	NC_062238.1	180837	201907
OG_0001839	NC_062238.1	191558	214589
OG_0007555	NC_062238.1	210439	234062
OG_0007554	NC_062238.1	215108	241976
OG_0014052	NC_062238.1	227562	259289
OG_0003022	NC_062238.1	240729	269756
OG_0015376	NC_062238.1	301830	329126
OG_0014162	NC_062238.1	320239	342526
OG_0006948	NC_062238.1	326093	347294
OG_0009324	NC_062238.1	333002	355873
OG_0018036	NC_062238.1	339600	360641
OG_0013150	NC_062238.1	354533	378285
OG_0002214	NC_062238.1	359506	384882
OG_0015690	NC_062238.1	366102	400500
OG_0011488	NC_062238.1	446936	479083
OG_0007524	NC_062238.1	589723	642610
OG_0015663	NC_062238.1	673662	708225
OG_0012277	NC_062238.1	734449	755681
OG_0000916	NC_062238.1	757852	782815
OG_0000618	NC_062238.1	783415	840516
OG_0009311	NC_062238.1	950338	979737
OG_0017569	NC_062238.1	1062225	1083343
OG_0008136	NC_062238.1	1065480	1086400
OG_0009271	NC_062238.1	1134006	1177124
OG_0012418	NC_062238.1	1272360	1296837
OG_0015675	NC_062238.1	1313509	1335320
OG_0001088	NC_062238.1	1339276	1366384
OG_0011639	NC_062238.1	1357058	1387714
OG_0015239	NC_062238.1	1372825	1395233
OG_0000463	NC_062238.1	1398783	1425313
OG_0013185	NC_062238.1	1442611	1471405
OG_0017539	NC_062238.1	1459781	1485107
OG_0015135	NC_062238.1	1505477	1528738
OG_0015136	NC_062238.1	1509704	1531295
OG_0005795	NC_062238.1	1531095	1559474
OG_0016086	NC_062238.1	1546616	1571827
OG_0006989	NC_062238.1	1592368	1614500
OG_0007887	NC_062238.1	1612237	1644532
OG_0018634	NC_062238.1	1681583	1723536
OG_0013979	NC_062238.1	1956021	1979486
OG_0012313	NC_062238.1	2275588	2332762
OG_0001420	NC_062238.1	2338626	2369625
OG_0017596	NC_062238.1	2374832	2409797
OG_0012793	NC_062238.1	2396011	2463188
OG_0007520	NC_062238.1	2494736	2528084
OG_0001020	NC_062238.1	2526412	2580390
OG_0014552	NC_062238.1	2572426	2594454
OG_0001186	NC_062238.1	2592785	2614946
OG_0017992	NC_062238.1	2613146	2634786
OG_0000787	NC_062238.1	2633824	2664982
OG_0003180	NC_062238.1	2790358	2822927
OG_0018306	NC_062238.1	3072947	3098480
OG_0017456	NC_062238.1	3089408	3116180
OG_0007679	NC_062238.1	3103490	3126665
OG_0014900	NC_062238.1	3118547	3140978
OG_0011265	NC_062238.1	3127616	3152438
OG_0012009	NC_062238.1	3180798	3217036
OG_0006796	NC_062238.1	3270221	3294490
OG_0002767	NC_062238.1	3279556	3301250
OG_0013072	NC_062238.1	3345865	3366155
OG_0011381	NC_062238.1	3458756	3494418
OG_0001579	NC_062238.1	4396292	4428038
OG_0002569	NC_062238.1	4490209	4511688
OG_0018547	NC_062238.1	4583725	4604855
OG_0005870	NC_062238.1	4596896	4621673
OG_0013228	NC_062238.1	4632076	4653392
OG_0002370	NC_062238.1	4645894	4668589
OG_0014724	NC_062238.1	4651403	4672254
OG_0001820	NC_062238.1	4687248	4707769
OG_0016549	NC_062238.1	4691708	4715406
OG_0013976	NC_062238.1	4696099	4721479
OG_0001399	NC_062238.1	4781521	4808967
OG_0012800	NC_062238.1	4793035	4817597
OG_0002633	NC_062238.1	4799780	4821508
OG_0015224	NC_062238.1	4812533	4836287
OG_0008271	NC_062238.1	4818686	4847115
OG_0011697	NC_062238.1	4830109	4851434
OG_0002110	NC_062238.1	4834218	4855306
OG_0002314	NC_062238.1	4844340	4870673
OG_0018446	NC_062238.1	4859148	4880059
OG_0000610	NC_062238.1	4862123	4885485
OG_0002334	NC_062238.1	4868940	4895049
OG_0000601	NC_062238.1	4903598	4932567
OG_0009808	NC_062238.1	4912792	4934786
OG_0006720	NC_062238.1	4929989	4953868
OG_0013318	NC_062238.1	4946344	4968056
OG_0000377	NC_062238.1	5046743	5073412
OG_0011400	NC_062238.1	5055548	5089571
OG_0011378	NC_062238.1	5077718	5101617
OG_0013226	NC_062238.1	5086641	5110009
OG_0011716	NC_062238.1	5113653	5134006
OG_0002193	NC_062238.1	5344748	5395507
OG_0000636	NC_062238.1	5378831	5411759
OG_0007457	NC_062238.1	5415869	5455664
OG_0013417	NC_062238.1	5476442	5528106
OG_0006584	NC_062238.1	5540188	5571198
OG_0018704	NC_062238.1	5552622	5573411
OG_0009432	NC_062238.1	5902909	5923652
OG_0009431	NC_062238.1	5919700	5940455
OG_0001710	NC_062238.1	5971033	6009506
OG_0002054	NC_062238.1	6086849	6170260
OG_0009391	NC_062238.1	6152006	6179649
OG_0009305	NC_062238.1	6180595	6208866
OG_0012676	NC_062238.1	6199440	6220885
OG_0015430	NC_062238.1	6334426	6358229
OG_0012016	NC_062238.1	6343920	6375050
OG_0006700	NC_062238.1	6394234	6422321
OG_0000826	NC_062238.1	6406042	6553225
OG_0014406	NC_062238.1	6638424	6670247
OG_0016739	NC_062238.1	6652124	6673652
OG_0011753	NC_062238.1	6753153	6786108
OG_0002328	NC_062238.1	6910051	6942575
OG_0009537	NC_062238.1	6925441	6946304
OG_0011352	NC_062238.1	7005348	7031142
OG_0000447	NC_062238.1	7019427	7058076
OG_0007118	NC_062238.1	7061368	7082981
OG_0019075	NC_062238.1	7198335	7218697
OG_0011500	NC_062238.1	7219381	7254844
OG_0018678	NC_062238.1	7314894	7341865
OG_0018848	NC_062238.1	7323659	7345285
OG_0016362	NC_062238.1	7423621	7444875
OG_0015844	NC_062238.1	7433069	7453795
OG_0006730	NC_062238.1	7501709	7522788
OG_0009562	NC_062238.1	7505575	7528732
OG_0017904	NC_062238.1	7579143	7602041
OG_0012847	NC_062238.1	7641382	7666188
OG_0015107	NC_062238.1	7666217	7687764
OG_0012673	NC_062238.1	7683130	7716306
OG_0009671	NC_062238.1	7698322	7727278
OG_0007697	NC_062238.1	7718023	7741796
OG_0016543	NC_062238.1	7727345	7754641
OG_0016542	NC_062238.1	7792707	7834151
OG_0018314	NC_062238.1	7830075	7850756
OG_0008338	NC_062238.1	8021800	8051296
OG_0013469	NC_062238.1	8457523	8478015
OG_0013808	NC_062238.1	8543562	8567668
OG_0014217	NC_062238.1	8578015	8599424
OG_0017215	NC_062238.1	9012121	9042552
OG_0014934	NC_062238.1	9032224	9072924
OG_0015975	NC_062238.1	9091862	9124621
OG_0007148	NC_062238.1	9164438	9201431
OG_0012101	NC_062238.1	9194681	9218715
OG_0011759	NC_062238.1	9209540	9230541
OG_0001970	NC_062238.1	9519147	9540944
OG_0015145	NC_062238.1	9710481	9731773
OG_0013124	NC_062238.1	9803505	9847218
OG_0007224	NC_062238.1	9828848	9850599
OG_0005626	NC_062238.1	10030669	10063431
OG_0001995	NC_062238.1	10050325	10075823
OG_0007614	NC_062238.1	10210633	10251987
OG_0006701	NC_062238.1	10337741	10364425
OG_0002631	NC_062238.1	10369467	10396196
OG_0003189	NC_062238.1	10494813	10537677
OG_0003190	NC_062238.1	10551845	10612714
OG_0016297	NC_062238.1	10697439	10725098
OG_0005819	NC_062238.1	10708086	10730947
OG_0002261	NC_062238.1	10715423	10737899
OG_0005624	NC_062238.1	10719526	10765039
OG_0007996	NC_062238.1	10756890	10793255
OG_0014637	NC_062238.1	10778667	10814819
OG_0002347	NC_062238.1	10795516	10817122
OG_0011859	NC_062238.1	10813786	10837255
OG_0006338	NC_062238.1	10845487	11192835
OG_0008355	NC_062238.1	11308349	11349857
OG_0000306	NC_062238.1	11397590	11428884
OG_0000952	NC_062238.1	11421677	11449207
OG_0017485	NC_062238.1	11434244	11473863
OG_0015912	NC_062238.1	11460301	11490777
OG_0016351	NC_062238.1	11473253	11498484
OG_0014495	NC_062238.1	11493660	11515875
OG_0016375	NC_062238.1	11504033	11524629
OG_0001903	NC_062238.1	11561021	11584452
OG_0007459	NC_062238.1	11569990	11616235
OG_0016180	NC_062238.1	11596544	11620414
OG_0011357	NC_062238.1	11688593	12030623
OG_0005902	NC_062238.1	12045714	12067451
OG_0006962	NC_062238.1	12048560	12075205
OG_0006845	NC_062238.1	12081101	12112660
OG_0014225	NC_062238.1	12094641	12119724
OG_0008117	NC_062238.1	12127951	12152754
OG_0008118	NC_062238.1	12136850	12158673
OG_0006331	NC_062238.1	12146466	12176880
OG_0005506	NC_062238.1	12257933	12279685
OG_0011776	NC_062238.1	12270821	12302317
OG_0007915	NC_062238.1	12283385	12304137
OG_0007307	NC_062238.1	12290525	12320996
OG_0016789	NC_062238.1	12303570	12330288
OG_0015826	NC_062238.1	12325800	12347235
OG_0006677	NC_062238.1	12339419	12360072
OG_0001162	NC_062238.1	12344201	12368235
OG_0012624	NC_062238.1	12351749	12378024
OG_0006781	NC_062238.1	12368761	12397619
OG_0005462	NC_062238.1	12417574	12440120
OG_0002620	NC_062238.1	12428633	12450777
OG_0014541	NC_062238.1	12442228	12470584
OG_0014937	NC_062238.1	12477243	12502573
OG_0018771	NC_062238.1	12532266	12553084
OG_0012332	NC_062238.1	12551140	12574581
OG_0014709	NC_062238.1	12696037	12716436
OG_0008054	NC_062238.1	12702523	12727815
OG_0016966	NC_062238.1	12719116	12739958
OG_0018519	NC_062238.1	12771724	12973966
OG_0017153	NC_062238.1	13086400	13107224
OG_0017036	NC_062238.1	13149473	13172397
OG_0012409	NC_062238.1	13163478	13186728
OG_0012236	NC_062238.1	13175212	13198389
OG_0013479	NC_062238.1	13196154	13217415
OG_0017196	NC_062238.1	13200219	13235929
OG_0007613	NC_062238.1	13218926	13250485
OG_0014306	NC_062238.1	13242060	13263226
OG_0013277	NC_062238.1	13255343	13278027
OG_0009755	NC_062238.1	13266998	13298859
OG_0011940	NC_062238.1	13294497	13316764
OG_0018225	NC_062238.1	13321782	13342182
OG_0012234	NC_062238.1	13328397	13351108
OG_0016968	NC_062238.1	13337282	13359351
OG_0013768	NC_062238.1	13390148	13413134
OG_0002012	NC_062238.1	13435248	13456959
OG_0014101	NC_062238.1	13485810	13507936
OG_0017403	NC_062238.1	13491463	13512543
OG_0016511	NC_062239.1	61293	85189
OG_0017326	NC_062239.1	79155	100762
OG_0007260	NC_062239.1	147649	217017
OG_0016216	NC_062239.1	344632	372310
OG_0014692	NC_062239.1	355044	375916
OG_0001461	NC_062239.1	356892	389317
OG_0002746	NC_062239.1	374162	396609
OG_0015109	NC_062239.1	393389	415402
OG_0001471	NC_062239.1	398791	456114
OG_0016333	NC_062239.1	602933	644476
OG_0012969	NC_062239.1	630028	657741
OG_0007488	NC_062239.1	724251	754358
OG_0018968	NC_062239.1	757191	783593
OG_0018967	NC_062239.1	765353	790847
OG_0001807	NC_062239.1	788003	810055
OG_0002527	NC_062239.1	830770	853712
OG_0001896	NC_062239.1	855642	880421
OG_0016728	NC_062239.1	951603	974720
OG_0009380	NC_062239.1	967650	1006685
OG_0000663	NC_062239.1	1018658	1051736
OG_0015307	NC_062239.1	1079438	1114361
OG_0002195	NC_062239.1	1168125	1194414
OG_0006696	NC_062239.1	1527459	1550337
OG_0005431	NC_062239.1	1538178	1561743
OG_0016644	NC_062239.1	1551454	1577322
OG_0016646	NC_062239.1	1560657	1588788
OG_0013504	NC_062239.1	1731618	1753124
OG_0013897	NC_062239.1	1819150	1854011
OG_0010043	NC_062239.1	1856825	1883646
OG_0011918	NC_062239.1	1920440	1970646
OG_0005816	NC_062239.1	2134109	2159888
OG_0014802	NC_062239.1	2218063	2238566
OG_0016231	NC_062239.1	2281131	2350667
OG_0016606	NC_062239.1	2338434	2368794
OG_0013898	NC_062239.1	2420003	2505376
OG_0007794	NC_062239.1	2492402	2513241
OG_0006673	NC_062239.1	2592322	2614502
OG_0008043	NC_062239.1	2607373	2637395
OG_0005407	NC_062239.1	2621480	2643747
OG_0018151	NC_062239.1	2657090	2677607
OG_0014067	NC_062239.1	2664758	2692808
OG_0012159	NC_062239.1	2754657	2777462
OG_0007440	NC_062239.1	2877445	2937041
OG_0012406	NC_062239.1	2976537	3006328
OG_0001858	NC_062239.1	3039722	3065014
OG_0014315	NC_062239.1	3050239	3074213
OG_0000496	NC_062239.1	3107837	3176374
OG_0001803	NC_062239.1	3162792	3189708
OG_0007290	NC_062239.1	3176824	3205687
OG_0014837	NC_062239.1	3195775	3216328
OG_0006766	NC_062239.1	3198241	3253650
OG_0007527	NC_062239.1	3290632	3351070
OG_0003354	NC_062239.1	3338288	3378907
OG_0002562	NC_062239.1	3380831	3402090
OG_0016944	NC_062239.1	3390857	3413093
OG_0000474	NC_062239.1	3398504	3423495
OG_0009720	NC_062239.1	3408375	3434376
OG_0012055	NC_062239.1	3654738	3678837
OG_0009370	NC_062239.1	3746210	3768336
OG_0009371	NC_062239.1	3749164	3802823
OG_0017240	NC_062239.1	3828450	3853133
OG_0002400	NC_062239.1	3836926	3868543
OG_0014906	NC_062239.1	3900219	3942233
OG_0012919	NC_062239.1	3952774	4087086
OG_0018043	NC_062239.1	4159141	4180164
OG_0018207	NC_062239.1	4163165	4189533
OG_0009141	NC_062239.1	4197170	4227025
OG_0012127	NC_062239.1	4217581	4280792
OG_0007439	NC_062239.1	4385904	4459189
OG_0011565	NC_062239.1	4515049	4538080
OG_0013024	NC_062239.1	4690174	4821077
OG_0012384	NC_062239.1	4903901	4956039
OG_0012382	NC_062239.1	4948203	5009571
OG_0013394	NC_062239.1	5017230	5046828
OG_0011979	NC_062239.1	5130838	5161215
OG_0007167	NC_062239.1	5378771	5403212
OG_0005643	NC_062239.1	5401079	5422245
OG_0016247	NC_062239.1	5410137	5433888
OG_0018820	NC_062239.1	5416802	5442238
OG_0012452	NC_062239.1	5427006	5450947
OG_0014697	NC_062239.1	5439359	5459683
OG_0016085	NC_062239.1	5443848	5474658
OG_0009586	NC_062239.1	5489993	5514998
OG_0014917	NC_062239.1	5499220	5519480
OG_0018687	NC_062239.1	5505633	5526859
OG_0001307	NC_062239.1	5583398	5604226
OG_0012172	NC_062239.1	5597185	5619502
OG_0009382	NC_062239.1	5755729	5825367
OG_0000703	NC_062239.1	6086876	6108498
OG_0012094	NC_062239.1	6097347	6135675
OG_0013787	NC_062239.1	6685072	6709403
OG_0011862	NC_062239.1	6717991	6755555
OG_0017062	NC_062239.1	6771287	6793794
OG_0000856	NC_062239.1	6779972	6813866
OG_0013828	NC_062239.1	6804332	6827486
OG_0015378	NC_062239.1	6844821	6868429
OG_0011708	NC_062239.1	6849352	6894916
OG_0006579	NC_062239.1	6924191	6959608
OG_0000880	NC_062239.1	6946315	6973618
OG_0007775	NC_062239.1	6954076	6977488
OG_0018629	NC_062239.1	6960242	6981040
OG_0014002	NC_062239.1	6971028	7006692
OG_0005645	NC_062239.1	6999159	7020343
OG_0005955	NC_062239.1	7202909	7224571
OG_0012764	NC_062239.1	7208455	7229438
OG_0000347	NC_062239.1	7362460	7434870
OG_0007468	NC_062239.1	7647310	7682348
OG_0018300	NC_062239.1	7669026	7691227
OG_0015280	NC_062239.1	7672792	7693538
OG_0015656	NC_062239.1	7682687	7708489
OG_0002610	NC_062239.1	7700373	7741906
OG_0008222	NC_062239.1	7730302	7756028
OG_0002613	NC_062239.1	8303097	8325768
OG_0009604	NC_062239.1	8312328	8342489
OG_0011598	NC_062239.1	8337992	8359317
OG_0012142	NC_062239.1	8351417	8372967
OG_0013672	NC_062239.1	8372435	8405415
OG_0019006	NC_062239.1	8402118	8423417
OG_0011917	NC_062239.1	8445411	8509991
OG_0007647	NC_062239.1	8691029	8742827
OG_0015151	NC_062239.1	8734141	8758447
OG_0000375	NC_062239.1	8783715	8806309
OG_0018037	NC_062239.1	8812853	8846758
OG_0008354	NC_062239.1	8831744	8879755
OG_0018389	NC_062239.1	8865732	8893388
OG_0013184	NC_062239.1	8877353	8907245
OG_0018171	NC_062239.1	8919539	8940127
OG_0016943	NC_062239.1	8920169	8942035
OG_0016836	NC_062239.1	8942534	8970281
OG_0005792	NC_062239.1	9143515	9187031
OG_0007362	NC_062239.1	9171601	9196918
OG_0007363	NC_062239.1	9177399	9198290
OG_0017560	NC_062239.1	9597609	9638984
OG_0001614	NC_062239.1	9626458	9647651
OG_0001802	NC_062239.1	9694548	9731283
OG_0007792	NC_062239.1	9730031	9750852
OG_0008116	NC_062239.1	9740095	9761626
OG_0002602	NC_062239.1	9742685	9776270
OG_0018567	NC_062239.1	9835867	9856742
OG_0002161	NC_062239.1	9873178	9920729
OG_0000031	NC_062239.1	9908730	9930571
OG_0006919	NC_062239.1	10159659	10182230
OG_0008072	NC_062239.1	10175885	10206484
OG_0008032	NC_062239.1	10282399	10306931
OG_0018238	NC_062239.1	10348415	10371467
OG_0016303	NC_062239.1	10356924	10378040
OG_0000440	NC_062239.1	10387009	10420554
OG_0018905	NC_062239.1	10403360	10424243
OG_0018305	NC_062239.1	10406155	10427253
OG_0003307	NC_062239.1	10423874	10451921
OG_0009587	NC_062239.1	10524088	10552058
OG_0011351	NC_062239.1	10541819	10565575
OG_0003152	NC_062239.1	10779364	10807279
OG_0006491	NC_062239.1	10892148	10914454
OG_0016967	NC_062239.1	10896199	10917983
OG_0017214	NC_062239.1	10904164	10925632
OG_0018423	NC_062239.1	10911090	10932620
OG_0012439	NC_062239.1	10913718	10939025
OG_0014153	NC_062239.1	10922072	10949885
OG_0011905	NC_062239.1	10931650	10958584
OG_0006564	NC_062239.1	10947980	10979790
OG_0001460	NC_062239.1	11118936	11151785
OG_0018126	NC_062239.1	11209335	11229610
OG_0014261	NC_062239.1	11213739	11234254
OG_0011647	NC_062239.1	11242607	11269744
OG_0009592	NC_062239.1	11271757	11298180
OG_0009602	NC_062239.1	11368422	11398064
OG_0016938	NC_062239.1	11410329	11433198
OG_0017783	NC_062239.1	11413388	11449288
OG_0017781	NC_062239.1	11488398	11512628
OG_0017780	NC_062239.1	11506793	11560336
OG_0005425	NC_062239.1	11569462	11600319
OG_0015534	NC_062239.1	11588459	11609436
OG_0011863	NC_062239.1	11601887	11646879
OG_0006571	NC_062239.1	11664718	11691269
OG_0018364	NC_062239.1	11672151	11697485
OG_0012850	NC_062239.1	11679877	11702132
OG_0015373	NC_062239.1	11749187	11774172
OG_0017503	NC_062239.1	11791721	11812590
OG_0001116	NC_062239.1	11799641	11821288
OG_0003341	NC_062239.1	11827616	11853158
OG_0014857	NC_062239.1	11922687	11943611
OG_0017530	NC_062239.1	11927968	11950042
OG_0012537	NC_062239.1	11930808	11959599
OG_0015939	NC_062239.1	11948547	11977282
OG_0019076	NC_062239.1	11961427	11982020
OG_0001863	NC_062239.1	12023125	12045854
OG_0000905	NC_062239.1	12049550	12084476
OG_0001682	NC_062239.1	12159152	12196700
OG_0008169	NC_062239.1	12220934	12243404
OG_0000635	NC_062239.1	12233211	12358003
OG_0019146	NC_062239.1	12467942	12489195
OG_0017688	NC_062239.1	12627522	12659166
OG_0003569	NC_062239.1	12666800	12701481
OG_0016565	NC_062239.1	12722833	12743717
OG_0009399	NC_062239.1	12727700	12762232
OG_0017562	NC_062239.1	12745133	12769620
OG_0000138	NC_062239.1	12754726	12788064
OG_0011632	NC_062239.1	12887711	12909309
OG_0000435	NC_062239.1	12902448	12933209
OG_0011793	NC_062239.1	12918285	12949579
OG_0019121	NC_062239.1	12932809	12954380
OG_0011871	NC_062239.1	13165010	13191698
OG_0018564	NC_062239.1	13172261	13194411
OG_0001924	NC_062239.1	13188012	13211980
OG_0000195	NC_062239.1	13218849	13243656
OG_0001638	NC_062239.1	13225223	13254437
OG_0002997	NC_062239.1	13241317	13279315
OG_0006887	NC_062239.1	13261847	13285088
OG_0013509	NC_062239.1	13290273	13310893
OG_0017749	NC_062239.1	13293674	13315660
OG_0015442	NC_062239.1	13305660	13333498
OG_0005807	NC_062239.1	13316067	13338137
OG_0007399	NC_062239.1	13354452	13378780
OG_0007215	NC_062239.1	13367218	13390493
OG_0011310	NC_062239.1	13382122	13406243
OG_0007748	NC_062239.1	13400821	13421259
OG_0000247	NC_062239.1	292643	313584
OG_0012524	NC_062239.1	339084	362388
OG_0016217	NC_062239.1	377180	401791
OG_0013613	NC_062239.1	389188	412330
OG_0018491	NC_062239.1	439957	463234
OG_0002677	NC_062239.1	452225	473106
OG_0002732	NC_062239.1	453591	478391
OG_0013295	NC_062239.1	459213	480263
OG_0017277	NC_062239.1	625930	649450
OG_0015040	NC_062239.1	641982	675519
OG_0009385	NC_062239.1	690807	740659
OG_0017529	NC_062239.1	736589	758658
OG_0008985	NC_062239.1	742121	764857
OG_0011506	NC_062239.1	771507	807702
OG_0005557	NC_062239.1	791359	813585
OG_0016590	NC_062239.1	797618	823727
OG_0014036	NC_062239.1	805148	846732
OG_0013513	NC_062239.1	829707	850327
OG_0016147	NC_062239.1	837050	873743
OG_0002335	NC_062239.1	905712	961950
OG_0011419	NC_062239.1	954838	984837
OG_0001126	NC_062239.1	1004513	1028443
OG_0007923	NC_062239.1	1489026	1511851
OG_0005845	NC_062239.1	1496925	1520392
OG_0011645	NC_062239.1	1503125	1530476
OG_0011646	NC_062239.1	1511781	1535742
OG_0011644	NC_062239.1	1517263	1544588
OG_0015789	NC_062239.1	1532162	1554995
OG_0016970	NC_062239.1	1543244	1568276
OG_0013259	NC_062239.1	1681973	1703971
OG_0013400	NC_062239.1	1689757	1730310
OG_0018525	NC_062239.1	1734814	1773475
OG_0001389	NC_062239.1	1891813	1922386
OG_0013012	NC_062239.1	1903589	1924617
OG_0001100	NC_062239.1	1905143	1934933
OG_0015517	NC_062239.1	1956172	2003864
OG_0009707	NC_062239.1	2109663	2227383
OG_0013883	NC_062239.1	2215937	2237536
OG_0001736	NC_062239.1	2223318	2263671
OG_0013599	NC_062239.1	2251557	2287822
OG_0015141	NC_062239.1	2332563	2356400
OG_0013251	NC_062239.1	2337035	2357721
OG_0005227	NC_062239.1	2352968	2394162
OG_0013309	NC_062239.1	2402053	2422976
OG_0014528	NC_062239.1	2526749	2548487
OG_0000313	NC_062239.1	2530553	2588311
OG_0009332	NC_062239.1	2596003	2617604
OG_0006299	NC_062239.1	2601952	2626234
OG_0002749	NC_062239.1	2673009	2747411
OG_0011695	NC_062239.1	3008249	3032433
OG_0002141	NC_062239.1	3031178	3058955
OG_0005866	NC_062239.1	3046621	3068561
OG_0012023	NC_062239.1	3057593	3084555
OG_0017425	NC_062239.1	3158179	3180965
OG_0005909	NC_062239.1	3170351	3192308
OG_0016742	NC_062239.1	3174576	3195945
OG_0012728	NC_062239.1	3187218	3207784
OG_0018670	NC_062239.1	3196755	3217498
OG_0009386	NC_062239.1	3236905	3266952
OG_0009387	NC_062239.1	3249205	3294067
OG_0018718	NC_062239.1	3283771	3305151
OG_0005879	NC_062239.1	3287896	3308858
OG_0016696	NC_062239.1	3361682	3389763
OG_0007791	NC_062239.1	3372810	3396439
OG_0012486	NC_062239.1	3386810	3408541
OG_0008053	NC_062239.1	3393584	3417459
OG_0006359	NC_062239.1	3405497	3427783
OG_0015937	NC_062239.1	3559871	3603612
OG_0003162	NC_062239.1	3659521	3682435
OG_0018204	NC_062239.1	3678838	3699754
OG_0001567	NC_062239.1	3744438	3765628
OG_0002097	NC_062239.1	3784576	3805909
OG_0007162	NC_062239.1	3854539	3884186
OG_0007434	NC_062239.1	3875539	3914976
OG_0015088	NC_062239.1	4175119	4289797
OG_0016097	NC_062239.1	4523241	4587023
OG_0001398	NC_062239.1	4588196	4618710
OG_0007341	NC_062239.1	4605862	4658955
OG_0002432	NC_062239.1	4663667	4686764
OG_0002348	NC_062239.1	4668105	4691034
OG_0003894	NC_062239.1	5388645	5414676
OG_0017540	NC_062239.1	5403048	5423989
OG_0001494	NC_062239.1	5422571	5445020
OG_0012598	NC_062239.1	5434543	5456864
OG_0012599	NC_062239.1	5439951	5462487
OG_0012976	NC_062239.1	5457393	5497725
OG_0008267	NC_062239.1	5479355	5504835
OG_0007864	NC_062239.1	5524007	5545520
OG_0016767	NC_062239.1	5554867	5575829
OG_0000688	NC_062239.1	5587178	5610063
OG_0002475	NC_062239.1	5605733	5632096
OG_0018506	NC_062239.1	5869059	5891344
OG_0009383	NC_062239.1	5981122	6034437
OG_0007735	NC_062239.1	6089653	6115769
OG_0005560	NC_062239.1	6147131	6183747
OG_0005561	NC_062239.1	6458408	6480504
OG_0012252	NC_062239.1	6549572	6571066
OG_0018010	NC_062239.1	6618587	6643864
OG_0007587	NC_062239.1	6637432	6665226
OG_0017400	NC_062239.1	6648492	6676289
OG_0006497	NC_062239.1	6701178	6721858
OG_0002560	NC_062239.1	6704576	6736902
OG_0000335	NC_062239.1	6755934	6789731
OG_0002265	NC_062239.1	6774958	6799451
OG_0016151	NC_062239.1	6782499	6807417
OG_0011394	NC_062239.1	6795063	6822095
OG_0015816	NC_062239.1	6883270	6940372
OG_0015491	NC_062239.1	6957859	6979983
OG_0002286	NC_062239.1	6964252	6989482
OG_0014210	NC_062239.1	6989394	7010669
OG_0005642	NC_062239.1	6991303	7012394
OG_0012359	NC_062239.1	7067373	7158157
OG_0014161	NC_062239.1	7190208	7221735
OG_0002624	NC_062239.1	7536293	7557183
OG_0013067	NC_062239.1	7666424	7688284
OG_0007381	NC_062239.1	7690942	7717094
OG_0009593	NC_062239.1	7723484	7747911
OG_0011186	NC_062239.1	7878346	7966423
OG_0003351	NC_062239.1	8040747	8063193
OG_0006313	NC_062239.1	8122716	8155639
OG_0016317	NC_062239.1	8160959	8188040
OG_0008243	NC_062239.1	8169350	8198774
OG_0008380	NC_062239.1	8189523	8216084
OG_0003205	NC_062239.1	8247581	8273859
OG_0009636	NC_062239.1	8306155	8331166
OG_0009472	NC_062239.1	8324669	8353657
OG_0017548	NC_062239.1	8339420	8361647
OG_0002274	NC_062239.1	8344694	8366041
OG_0001669	NC_062239.1	8354785	8381507
OG_0016464	NC_062239.1	8362145	8387080
OG_0007835	NC_062239.1	8385530	8407770
OG_0016813	NC_062239.1	8397556	8419124
OG_0007114	NC_062239.1	8417917	8439426
OG_0001551	NC_062239.1	8501147	8535265
OG_0012532	NC_062239.1	8724116	8747434
OG_0011493	NC_062239.1	8744241	8798357
OG_0019080	NC_062239.1	8829990	8850268
OG_0005668	NC_062239.1	8861872	8883170
OG_0005571	NC_062239.1	8887946	8914348
OG_0005572	NC_062239.1	8894731	8928443
OG_0005573	NC_062239.1	8910149	8935713
OG_0013606	NC_062239.1	8923437	8949211
OG_0011798	NC_062239.1	9100247	9135668
OG_0014623	NC_062239.1	9130994	9162452
OG_0002269	NC_062239.1	9168036	9189316
OG_0011740	NC_062239.1	9650403	9685592
OG_0012318	NC_062239.1	9684601	9706304
OG_0002425	NC_062239.1	9715515	9749159
OG_0007709	NC_062239.1	9841547	9880162
OG_0002625	NC_062239.1	9861641	9882492
OG_0016397	NC_062239.1	9948853	10004887
OG_0000427	NC_062239.1	10145125	10177804
OG_0002507	NC_062239.1	10162554	10184698
OG_0005484	NC_062239.1	10165249	10185971
OG_0012651	NC_062239.1	10184394	10205851
OG_0016651	NC_062239.1	10189165	10216362
OG_0012984	NC_062239.1	10209768	10270133
OG_0001501	NC_062239.1	10263422	10292195
OG_0016096	NC_062239.1	10297555	10344397
OG_0014496	NC_062239.1	10359221	10379893
OG_0013556	NC_062239.1	10401388	10421891
OG_0011202	NC_062239.1	10474204	10496537
OG_0000213	NC_062239.1	10554536	10634070
OG_0007370	NC_062239.1	10639761	10733755
OG_0001502	NC_062239.1	10820625	10863890
OG_0015906	NC_062239.1	10901913	10923598
OG_0005716	NC_062239.1	10907232	10927836
OG_0009500	NC_062239.1	10966677	11092948
OG_0015580	NC_062239.1	11097067	11137985
OG_0009351	NC_062239.1	11258825	11291210
OG_0009744	NC_062239.1	11289672	11381115
OG_0009362	NC_062239.1	11385296	11413425
OG_0017824	NC_062239.1	11430619	11451283
OG_0005885	NC_062239.1	11432118	11496831
OG_0018340	NC_062239.1	11477995	11507153
OG_0019025	NC_062239.1	11543031	11566069
OG_0011949	NC_062239.1	11581942	11612905
OG_0011601	NC_062239.1	11595595	11621010
OG_0018358	NC_062239.1	11627841	11648346
OG_0014432	NC_062239.1	11684682	11724295
OG_0013103	NC_062239.1	11706027	11740862
OG_0005929	NC_062239.1	11731187	11764552
OG_0013505	NC_062239.1	11747039	11768751
OG_0015642	NC_062239.1	11757088	11788784
OG_0001321	NC_062239.1	11770471	11800800
OG_0008074	NC_062239.1	11786889	11809764
OG_0005307	NC_062239.1	11857292	11925237
OG_0001899	NC_062239.1	11942429	11963547
OG_0018806	NC_062239.1	11966446	12042486
OG_0012645	NC_062239.1	12029715	12068510
OG_0015211	NC_062239.1	12342495	12368585
OG_0013751	NC_062239.1	12349227	12375115
OG_0005892	NC_062239.1	12358550	12420691
OG_0013167	NC_062239.1	12472556	12552791
OG_0011181	NC_062239.1	12571719	12611654
OG_0019098	NC_062239.1	12614897	12635585
OG_0000456	NC_062239.1	12684416	12730791
OG_0011553	NC_062239.1	12742963	12764770
OG_0017209	NC_062239.1	12750761	12773245
OG_0005693	NC_062239.1	12781236	12828978
OG_0000721	NC_062239.1	12891060	12921759
OG_0015433	NC_062239.1	12914543	12937843
OG_0014415	NC_062239.1	12939957	13007961
OG_0019059	NC_062239.1	13158640	13180054
OG_0014414	NC_062239.1	13174918	13200887
OG_0001150	NC_062239.1	13182342	13203358
OG_0015754	NC_062239.1	13212731	13238058
OG_0016795	NC_062239.1	13236776	13260287
OG_0011852	NC_062239.1	13259895	13281103
OG_0015113	NC_062239.1	13266252	13291194
OG_0011367	NC_062239.1	13279213	13306903
OG_0001831	NC_062239.1	13299238	13324934
OG_0012268	NC_062239.1	13314075	13335602
OG_0001990	NC_062239.1	13318180	13340624
OG_0000210	NC_062239.1	13328570	13353549
OG_0008107	NC_062239.1	13359151	13380392
OG_0002484	NC_062239.1	13394043	13426322
OG_0001770	NC_062240.1	130233	181345
OG_0013376	NC_062240.1	190015	211641
OG_0014159	NC_062240.1	271604	479313
OG_0013465	NC_062240.1	467048	488475
OG_0007143	NC_062240.1	505151	528488
OG_0016554	NC_062240.1	518084	541412
OG_0015592	NC_062240.1	525380	551659
OG_0009344	NC_062240.1	532022	557879
OG_0017233	NC_062240.1	540547	561545
OG_0001810	NC_062240.1	553695	575944
OG_0011973	NC_062240.1	559839	581400
OG_0002126	NC_062240.1	568437	606705
OG_0005298	NC_062240.1	659363	684919
OG_0017254	NC_062240.1	678705	700948
OG_0007480	NC_062240.1	745029	771629
OG_0006971	NC_062240.1	756164	776883
OG_0009491	NC_062240.1	1292769	1355110
OG_0002745	NC_062240.1	1343966	1368249
OG_0012039	NC_062240.1	1377179	1398770
OG_0007291	NC_062240.1	1388337	1424792
OG_0008191	NC_062240.1	1426036	1457851
OG_0008192	NC_062240.1	1440882	1472698
OG_0006425	NC_062240.1	1454200	1483123
OG_0019120	NC_062240.1	1478577	1499080
OG_0000139	NC_062240.1	1498848	1646183
OG_0006897	NC_062240.1	1936468	1965059
OG_0006898	NC_062240.1	1963269	1995052
OG_0016141	NC_062240.1	2034610	2057309
OG_0005478	NC_062240.1	2044919	2066069
OG_0016227	NC_062240.1	2052863	2097453
OG_0012033	NC_062240.1	2528891	2572160
OG_0002472	NC_062240.1	2613146	2634767
OG_0013238	NC_062240.1	2663768	2685400
OG_0007490	NC_062240.1	2676445	2701618
OG_0017739	NC_062240.1	2693499	2793404
OG_0016985	NC_062240.1	2780186	2809249
OG_0012895	NC_062240.1	2801096	2826020
OG_0002722	NC_062240.1	2815294	2843491
OG_0012136	NC_062240.1	2832195	2911162
OG_0016993	NC_062240.1	2899306	2921077
OG_0000996	NC_062240.1	2906001	2933325
OG_0016667	NC_062240.1	2927499	2964559
OG_0005781	NC_062240.1	2960273	2983996
OG_0001872	NC_062240.1	3000495	3056687
OG_0013870	NC_062240.1	3061412	3107512
OG_0001690	NC_062240.1	3095430	3119743
OG_0018533	NC_062240.1	3113816	3135098
OG_0009093	NC_062240.1	3146498	3227274
OG_0013377	NC_062240.1	3260953	3282350
OG_0012553	NC_062240.1	3673061	3720167
OG_0013311	NC_062240.1	4084114	4108055
OG_0001523	NC_062240.1	4180313	4228846
OG_0013331	NC_062240.1	4473027	4494218
OG_0000406	NC_062240.1	4477390	4505235
OG_0015932	NC_062240.1	4494113	4615937
OG_0005906	NC_062240.1	4611769	4632890
OG_0017968	NC_062240.1	4613974	4634768
OG_0013668	NC_062240.1	4618124	4718731
OG_0015251	NC_062240.1	4715483	4741571
OG_0012078	NC_062240.1	4799517	4833778
OG_0008167	NC_062240.1	4821032	4852095
OG_0014458	NC_062240.1	4842010	4872647
OG_0006969	NC_062240.1	4882486	4904378
OG_0006581	NC_062240.1	4888198	4914954
OG_0017258	NC_062240.1	4897266	4920423
OG_0002179	NC_062240.1	4909445	4950244
OG_0000309	NC_062240.1	5087719	5124344
OG_0017684	NC_062240.1	5114411	5143387
OG_0001856	NC_062240.1	5128795	5157217
OG_0009066	NC_062240.1	5144286	5176157
OG_0000044	NC_062240.1	5204437	5227039
OG_0012066	NC_062240.1	5223598	5244851
OG_0016587	NC_062240.1	5296268	5332523
OG_0008170	NC_062240.1	5359199	5390145
OG_0009419	NC_062240.1	5422537	5611320
OG_0007974	NC_062240.1	5596325	5627224
OG_0017451	NC_062240.1	5629383	5651151
OG_0005605	NC_062240.1	5634221	5662579
OG_0005812	NC_062240.1	5674315	5694982
OG_0002064	NC_062240.1	5675429	5700386
OG_0014475	NC_062240.1	6253589	6276178
OG_0017624	NC_062240.1	6329598	6387612
OG_0015290	NC_062240.1	6375869	6466849
OG_0002549	NC_062240.1	6468356	6490920
OG_0017352	NC_062240.1	6482374	6518959
OG_0016336	NC_062240.1	6507817	6528738
OG_0015495	NC_062240.1	6550565	6573512
OG_0001853	NC_062240.1	6558798	6592805
OG_0009158	NC_062240.1	6650895	6671548
OG_0008284	NC_062240.1	6656485	6679755
OG_0008282	NC_062240.1	6662601	6694282
OG_0008281	NC_062240.1	6676710	6708313
OG_0009146	NC_062240.1	6701346	6723784
OG_0008283	NC_062240.1	6704801	6732192
OG_0007783	NC_062240.1	6716802	6741418
OG_0001067	NC_062240.1	6725279	6755411
OG_0017869	NC_062240.1	6829966	6851041
OG_0000895	NC_062240.1	6864889	6888149
OG_0015338	NC_062240.1	6931753	6956238
OG_0007795	NC_062240.1	6945942	6968988
OG_0015969	NC_062240.1	6960138	6987803
OG_0007061	NC_062240.1	7017222	7038245
OG_0009695	NC_062240.1	7026985	7052871
OG_0007225	NC_062240.1	7344968	7369208
OG_0007355	NC_062240.1	7499115	7540312
OG_0009510	NC_062240.1	7598975	7621137
OG_0011767	NC_062240.1	7900636	7923299
OG_0012857	NC_062240.1	7940023	8014420
OG_0011243	NC_062240.1	8053677	8080673
OG_0002467	NC_062240.1	8257820	8305944
OG_0017585	NC_062240.1	8295225	8316867
OG_0014373	NC_062240.1	8344037	8367350
OG_0013062	NC_062240.1	8526834	8547721
OG_0005999	NC_062240.1	8533292	8554413
OG_0015195	NC_062240.1	8547550	8574523
OG_0017198	NC_062240.1	8601493	8623008
OG_0006603	NC_062240.1	8628029	8661638
OG_0011194	NC_062240.1	8645998	8668180
OG_0002283	NC_062240.1	8705176	8755132
OG_0015396	NC_062240.1	8737433	8766691
OG_0000162	NC_062240.1	8755237	8781227
OG_0013660	NC_062240.1	8764431	8796254
OG_0013869	NC_062240.1	8805326	8850549
OG_0016583	NC_062240.1	8929585	8954194
OG_0016582	NC_062240.1	8934793	8957964
OG_0016657	NC_062240.1	8944009	8965101
OG_0000920	NC_062240.1	9154768	9175874
OG_0015466	NC_062240.1	9267862	9288443
OG_0006761	NC_062240.1	9282389	9306439
OG_0016170	NC_062240.1	9299178	9323303
OG_0011756	NC_062240.1	9307210	9333561
OG_0015220	NC_062240.1	9510510	9537497
OG_0006818	NC_062240.1	9532329	9568312
OG_0001004	NC_062240.1	9554924	9584929
OG_0006653	NC_062240.1	9571288	9593084
OG_0001350	NC_062240.1	9581579	9607186
OG_0002152	NC_062240.1	9590990	9628753
OG_0016196	NC_062240.1	9618629	9679873
OG_0013338	NC_062240.1	9687822	9714523
OG_0001189	NC_062240.1	9712628	9733535
OG_0017551	NC_062240.1	9721209	9742284
OG_0001412	NC_062240.1	9791600	9815124
OG_0012497	NC_062240.1	9795994	9817824
OG_0000779	NC_062240.1	9813473	9837071
OG_0011820	NC_062240.1	9817913	9845540
OG_0009395	NC_062240.1	9984788	10020482
OG_0003176	NC_062240.1	10027696	10096118
OG_0017902	NC_062240.1	10084558	10104839
OG_0015488	NC_062240.1	10107474	10128338
OG_0007408	NC_062240.1	10126631	10155145
OG_0005420	NC_062240.1	10164161	10193753
OG_0005516	NC_062240.1	10197349	10221200
OG_0009685	NC_062240.1	10201929	10223796
OG_0002339	NC_062240.1	10226183	10247530
OG_0000726	NC_062240.1	10309157	10333680
OG_0011397	NC_062240.1	10318924	10341195
OG_0007462	NC_062240.1	10325906	10389971
OG_0014188	NC_062240.1	10532826	10554161
OG_0018934	NC_062240.1	10545981	10566680
OG_0009433	NC_062240.1	10575136	10606611
OG_0019103	NC_062240.1	10633622	10661231
OG_0009412	NC_062240.1	10648784	10699681
OG_0000954	NC_062240.1	10683461	10711659
OG_0000953	NC_062240.1	10701385	10732909
OG_0014251	NC_062240.1	10858874	10880987
OG_0013896	NC_062240.1	11041482	11122423
OG_0009680	NC_062240.1	11108298	11135523
OG_0000390	NC_062240.1	11198104	11346987
OG_0017246	NC_062240.1	11341248	11387741
OG_0012916	NC_062240.1	11424967	11446502
OG_0007825	NC_062240.1	11432438	11459225
OG_0009326	NC_062240.1	11444430	11479568
OG_0017099	NC_062240.1	11460615	11481481
OG_0005421	NC_062240.1	11751277	11789143
OG_0013816	NC_062240.1	11784460	11847703
OG_0016577	NC_062240.1	11909004	11992417
OG_0016479	NC_062240.1	12030036	12110226
OG_0013043	NC_062240.1	12096137	12116817
OG_0018145	NC_062240.1	12311451	12332448
OG_0000852	NC_062240.1	12319389	12349674
OG_0000239	NC_062240.1	12332942	12362360
OG_0006937	NC_062240.1	12624021	12644794
OG_0013537	NC_062240.1	12630837	12655806
OG_0018893	NC_062240.1	12661738	12684709
OG_0018870	NC_062240.1	12669820	12696365
OG_0018492	NC_062240.1	12681604	12708455
OG_0011719	NC_062240.1	12695912	12719368
OG_0001153	NC_062240.1	12763236	12788771
OG_0018083	NC_062240.1	12782389	12807620
OG_0001703	NC_062240.1	12792397	12816365
OG_0013280	NC_062240.1	12803292	12825430
OG_0000678	NC_062240.1	12805907	12827117
OG_0000676	NC_062240.1	12814417	12838247
OG_0007763	NC_062240.1	12911317	12933234
OG_0013474	NC_062240.1	12915980	12937706
OG_0000416	NC_062240.1	12923622	12948392
OG_0018064	NC_062240.1	12933231	12956807
OG_0016509	NC_062240.1	12939082	12960809
OG_0016510	NC_062240.1	12948061	12969468
OG_0013273	NC_062240.1	12977049	12997853
OG_0011720	NC_062240.1	12980952	13003708
OG_0008591	NC_062240.1	12991340	13013678
OG_0013196	NC_062240.1	13004011	13029065
OG_0017111	NC_062240.1	13016364	13037615
OG_0013536	NC_062240.1	13020096	13041149
OG_0012225	NC_062240.1	13039282	13066205
OG_0009152	NC_062240.1	13048809	13074056
OG_0002463	NC_062240.1	13055419	13077117
OG_0000583	NC_062240.1	13159297	13186958
OG_0002320	NC_062240.1	13248344	13271783
OG_0013856	NC_062240.1	13265968	13286771
OG_0000928	NC_062240.1	13271819	13293614
OG_0005756	NC_062240.1	13296042	13322957
OG_0003372	NC_062240.1	93816	121250
OG_0000318	NC_062240.1	102416	129213
OG_0000317	NC_062240.1	112562	139316
OG_0005400	NC_062240.1	217797	247113
OG_0014559	NC_062240.1	462570	486426
OG_0006410	NC_062240.1	509243	531308
OG_0012347	NC_062240.1	513772	534950
OG_0007694	NC_062240.1	521802	543979
OG_0005768	NC_062240.1	543377	569155
OG_0002498	NC_062240.1	652810	675307
OG_0005528	NC_062240.1	665448	698354
OG_0009123	NC_062240.1	682900	703827
OG_0001726	NC_062240.1	753324	774512
OG_0001255	NC_062240.1	1002628	1030251
OG_0000617	NC_062240.1	1019865	1063604
OG_0007318	NC_062240.1	1339299	1362122
OG_0000222	NC_062240.1	1364286	1395079
OG_0011882	NC_062240.1	1379253	1406863
OG_0002237	NC_062240.1	1463415	1486678
OG_0007757	NC_062240.1	1626830	1651617
OG_0006539	NC_062240.1	1639669	1662659
OG_0013618	NC_062240.1	1724697	1763104
OG_0009575	NC_062240.1	1754555	1783868
OG_0015052	NC_062240.1	1874352	1917018
OG_0015334	NC_062240.1	1914559	1937560
OG_0005517	NC_062240.1	1979600	2001528
OG_0016567	NC_062240.1	1987040	2037712
OG_0002194	NC_062240.1	2038764	2061086
OG_0018712	NC_062240.1	2046407	2067092
OG_0008288	NC_062240.1	2297957	2396835
OG_0009436	NC_062240.1	2446819	2475275
OG_0000092	NC_062240.1	2478612	2509334
OG_0000093	NC_062240.1	2500320	2530751
OG_0018267	NC_062240.1	2517883	2538459
OG_0014965	NC_062240.1	2557691	2631920
OG_0013867	NC_062240.1	2615725	2657779
OG_0012569	NC_062240.1	2652832	2679435
OG_0005632	NC_062240.1	2659920	2683362
OG_0006434	NC_062240.1	2666170	2687099
OG_0007765	NC_062240.1	2683594	2706645
OG_0005429	NC_062240.1	2896484	2918598
OG_0000262	NC_062240.1	2902007	2923307
OG_0013973	NC_062240.1	3045117	3066004
OG_0006536	NC_062240.1	3048573	3075280
OG_0017300	NC_062240.1	3274593	3304875
OG_0014513	NC_062240.1	3288757	3317777
OG_0001522	NC_062240.1	3491934	3572162
OG_0001524	NC_062240.1	3924874	3964720
OG_0014095	NC_062240.1	4006885	4045310
OG_0014807	NC_062240.1	4257028	4278938
OG_0017628	NC_062240.1	4340995	4363093
OG_0012351	NC_062240.1	4415048	4437361
OG_0011491	NC_062240.1	4450827	4492428
OG_0014641	NC_062240.1	4604625	4631133
OG_0009462	NC_062240.1	4615421	4637121
OG_0012937	NC_062240.1	4701413	4734986
OG_0016838	NC_062240.1	4734117	4777847
OG_0003038	NC_062240.1	4760235	4791015
OG_0017424	NC_062240.1	4817396	4839577
OG_0007711	NC_062240.1	4833084	4855282
OG_0017199	NC_062240.1	4839385	4860503
OG_0003521	NC_062240.1	4858366	4886738
OG_0018113	NC_062240.1	4871714	4901718
OG_0015028	NC_062240.1	4901117	4928222
OG_0012980	NC_062240.1	5012902	5102669
OG_0006608	NC_062240.1	5112007	5133716
OG_0017923	NC_062240.1	5123818	5144045
OG_0012957	NC_062240.1	5137433	5163894
OG_0005340	NC_062240.1	5227803	5313213
OG_0013983	NC_062240.1	5318250	5340133
OG_0016108	NC_062240.1	5324511	5363741
OG_0013199	NC_062240.1	5348766	5378666
OG_0016737	NC_062240.1	5400836	5421983
OG_0017208	NC_062240.1	5593631	5615224
OG_0009479	NC_062240.1	5611313	5647237
OG_0011262	NC_062240.1	5663720	5687489
OG_0014238	NC_062240.1	5668256	5691577
OG_0018874	NC_062240.1	5680782	5701308
OG_0007284	NC_062240.1	5723418	5754559
OG_0015393	NC_062240.1	5983332	6005482
OG_0013826	NC_062240.1	6257222	6288327
OG_0014421	NC_062240.1	6370269	6394793
OG_0012057	NC_062240.1	6453588	6476541
OG_0006623	NC_062240.1	6458644	6487741
OG_0017140	NC_062240.1	6525681	6549789
OG_0000464	NC_062240.1	6532146	6569818
OG_0019015	NC_062240.1	6556306	6576578
OG_0006985	NC_062240.1	6575752	6600292
OG_0007993	NC_062240.1	6590856	6646908
OG_0007431	NC_062240.1	6630959	6669837
OG_0018127	NC_062240.1	6652489	6673484
OG_0008285	NC_062240.1	6692029	6716040
OG_0000591	NC_062240.1	6738773	6847355
OG_0017280	NC_062240.1	6886161	6957167
OG_0000266	NC_062240.1	6987308	7010155
OG_0014713	NC_062240.1	6990189	7010689
OG_0007062	NC_062240.1	7005947	7035105
OG_0007060	NC_062240.1	7020292	7041379
OG_0011701	NC_062240.1	7063478	7088884
OG_0002626	NC_062240.1	7196227	7217240
OG_0007713	NC_062240.1	7230537	7280472
OG_0000897	NC_062240.1	7359153	7383897
OG_0000898	NC_062240.1	7370483	7395061
OG_0006873	NC_062240.1	7402161	7430475
OG_0001720	NC_062240.1	7411198	7434917
OG_0005468	NC_062240.1	7578200	7600870
OG_0009080	NC_062240.1	7582479	7608190
OG_0001869	NC_062240.1	7594218	7617589
OG_0005314	NC_062240.1	7602902	7625299
OG_0001827	NC_062240.1	7647738	7843480
OG_0005419	NC_062240.1	8040136	8072965
OG_0016068	NC_062240.1	8150053	8258089
OG_0017255	NC_062240.1	8241338	8263837
OG_0015228	NC_062240.1	8288945	8314101
OG_0002453	NC_062240.1	8297946	8326613
OG_0015260	NC_062240.1	8333800	8363490
OG_0001665	NC_062240.1	8376179	8451466
OG_0006616	NC_062240.1	8452878	8476564
OG_0001417	NC_062240.1	8494528	8563665
OG_0016879	NC_062240.1	8557209	8597400
OG_0000942	NC_062240.1	8648284	8701095
OG_0012062	NC_062240.1	8749735	8772843
OG_0013625	NC_062240.1	8761278	8784032
OG_0005598	NC_062240.1	8848198	8934275
OG_0011284	NC_062240.1	8946635	8976326
OG_0018451	NC_062240.1	9000748	9021582
OG_0013497	NC_062240.1	9243885	9265840
OG_0000878	NC_062240.1	9250093	9271593
OG_0000119	NC_062240.1	9253408	9284352
OG_0013924	NC_062240.1	9264699	9286134
OG_0011635	NC_062240.1	9268974	9293727
OG_0018907	NC_062240.1	9292381	9316823
OG_0015015	NC_062240.1	9303368	9324960
OG_0018405	NC_062240.1	9315615	9336833
OG_0017312	NC_062240.1	9325251	9366231
OG_0017311	NC_062240.1	9355373	9397082
OG_0001066	NC_062240.1	9548875	9570759
OG_0005806	NC_062240.1	9568057	9591044
OG_0012203	NC_062240.1	9612029	9637719
OG_0012875	NC_062240.1	9697003	9731103
OG_0013332	NC_062240.1	9715026	9737883
OG_0015624	NC_062240.1	9723887	9753403
OG_0000827	NC_062240.1	9754016	9782626
OG_0009615	NC_062240.1	9785096	9811088
OG_0017623	NC_062240.1	9802869	9868895
OG_0015581	NC_062240.1	9856600	9913746
OG_0006545	NC_062240.1	9917382	9941771
OG_0003803	NC_062240.1	10003243	10028867
OG_0017253	NC_062240.1	10077516	10104048
OG_0000523	NC_062240.1	10085634	10121207
OG_0014208	NC_062240.1	10109877	10130527
OG_0012480	NC_062240.1	10136118	10162946
OG_0001949	NC_062240.1	10175328	10203423
OG_0001950	NC_062240.1	10185226	10215722
OG_0011667	NC_062240.1	10204639	10225225
OG_0015004	NC_062240.1	10291938	10320437
OG_0009460	NC_062240.1	10302698	10325402
OG_0006946	NC_062240.1	10316082	10337262
OG_0014228	NC_062240.1	10321488	10342300
OG_0012117	NC_062240.1	10376761	10424063
OG_0007479	NC_062240.1	10457386	10487756
OG_0015478	NC_062240.1	10469577	10530658
OG_0018107	NC_062240.1	10537522	10557974
OG_0005372	NC_062240.1	10548074	10594303
OG_0014977	NC_062240.1	10680056	10707016
OG_0017013	NC_062240.1	10718510	10749563
OG_0006367	NC_062240.1	10737071	10783187
OG_0009055	NC_062240.1	10877806	10900743
OG_0014123	NC_062240.1	10881929	10904802
OG_0008160	NC_062240.1	10888724	10912335
OG_0017160	NC_062240.1	11429577	11450548
OG_0016126	NC_062240.1	11559236	11626090
OG_0015008	NC_062240.1	11711598	11738726
OG_0012308	NC_062240.1	11737035	11768881
OG_0000235	NC_062240.1	11782413	11803621
OG_0018831	NC_062240.1	11984677	12042852
OG_0009692	NC_062240.1	12036069	12065679
OG_0012635	NC_062240.1	12188092	12284848
OG_0013350	NC_062240.1	12313797	12338653
OG_0017953	NC_062240.1	12331887	12352211
OG_0016446	NC_062240.1	12343109	12364818
OG_0014548	NC_062240.1	12347482	12374588
OG_0002034	NC_062240.1	12470560	12572817
OG_0005889	NC_062240.1	12624940	12647808
OG_0013140	NC_062240.1	12635866	12664938
OG_0013142	NC_062240.1	12645507	12673202
OG_0006819	NC_062240.1	12808777	12830045
OG_0015405	NC_062240.1	12890750	12911549
OG_0017084	NC_062240.1	13009649	13031170
OG_0009565	NC_062240.1	13017718	13039574
OG_0001943	NC_062240.1	13022352	13048759
OG_0018356	NC_062240.1	13037651	13058679
OG_0000584	NC_062240.1	13059701	13085974
OG_0000582	NC_062240.1	13107415	13136157
OG_0007259	NC_062240.1	13170370	13195504
OG_0011435	NC_062240.1	13192631	13217555
OG_0016571	NC_062240.1	13205363	13229379
OG_0000851	NC_062240.1	13215217	13239207
OG_0018462	NC_062240.1	13221580	13255292
OG_0017677	NC_062240.1	13253222	13284227
OG_0016662	NC_062240.1	13267494	13289676
OG_0009390	NC_062240.1	13361785	13391685
OG_0016267	NC_062241.1	69575	90591
OG_0014635	NC_062241.1	134145	156965
OG_0001737	NC_062241.1	138174	180077
OG_0011343	NC_062241.1	163347	186037
OG_0009449	NC_062241.1	167473	190464
OG_0012455	NC_062241.1	185209	215618
OG_0012749	NC_062241.1	203374	223940
OG_0001349	NC_062241.1	616322	647850
OG_0008125	NC_062241.1	646658	667782
OG_0001061	NC_062241.1	660504	684600
OG_0012578	NC_062241.1	670366	762900
OG_0008173	NC_062241.1	781276	813840
OG_0008161	NC_062241.1	817829	863534
OG_0013036	NC_062241.1	880657	909817
OG_0014667	NC_062241.1	898481	922145
OG_0009624	NC_062241.1	1068153	1100159
OG_0001220	NC_062241.1	1157326	1225129
OG_0002519	NC_062241.1	1305055	1328899
OG_0005512	NC_062241.1	1603169	1624797
OG_0013336	NC_062241.1	1645667	1678690
OG_0018720	NC_062241.1	1893300	1913725
OG_0005005	NC_062241.1	1902473	1927158
OG_0015318	NC_062241.1	1946344	1977880
OG_0018179	NC_062241.1	2063488	2086620
OG_0017593	NC_062241.1	2129302	2183260
OG_0016445	NC_062241.1	2167783	2195289
OG_0013970	NC_062241.1	2179322	2204891
OG_0002169	NC_062241.1	2240293	2271086
OG_0011374	NC_062241.1	2322626	2369756
OG_0001299	NC_062241.1	2406940	2432927
OG_0003311	NC_062241.1	2443762	2484613
OG_0003312	NC_062241.1	2476463	2511366
OG_0013776	NC_062241.1	2563937	2604523
OG_0000983	NC_062241.1	2650172	2687567
OG_0011906	NC_062241.1	2668843	2693473
OG_0005619	NC_062241.1	3099329	3130427
OG_0016264	NC_062241.1	3262026	3289891
OG_0001922	NC_062241.1	3412228	3440519
OG_0017212	NC_062241.1	3428297	3452492
OG_0012122	NC_062241.1	3459256	3486450
OG_0012828	NC_062241.1	3499463	3559872
OG_0014015	NC_062241.1	3639007	3686776
OG_0002076	NC_062241.1	3827207	3849904
OG_0009113	NC_062241.1	3830685	3851560
OG_0019008	NC_062241.1	3854722	3875175
OG_0018667	NC_062241.1	3911357	3939536
OG_0005607	NC_062241.1	3927843	3955521
OG_0005452	NC_062241.1	3977324	4041243
OG_0008113	NC_062241.1	4120625	4148891
OG_0012517	NC_062241.1	4181359	4204850
OG_0014946	NC_062241.1	4381297	4403114
OG_0015159	NC_062241.1	4448449	4471388
OG_0017847	NC_062241.1	4497042	4517714
OG_0012603	NC_062241.1	4538248	4579569
OG_0008306	NC_062241.1	4569961	4615119
OG_0017003	NC_062241.1	4600236	4625136
OG_0013911	NC_062241.1	4619049	4652402
OG_0016084	NC_062241.1	4634422	4662247
OG_0018328	NC_062241.1	4650881	4685217
OG_0017156	NC_062241.1	4720633	4741637
OG_0006856	NC_062241.1	4764758	4785922
OG_0000205	NC_062241.1	4811125	4867459
OG_0005843	NC_062241.1	4851528	4872925
OG_0013875	NC_062241.1	5027030	5048340
OG_0009584	NC_062241.1	5028714	5050622
OG_0002380	NC_062241.1	5041616	5063704
OG_0016371	NC_062241.1	5052017	5073761
OG_0011736	NC_062241.1	5182662	5203948
OG_0019104	NC_062241.1	5253751	5276046
OG_0017201	NC_062241.1	5413310	5435121
OG_0015860	NC_062241.1	5690246	5718090
OG_0002224	NC_062241.1	5762038	5819834
OG_0011235	NC_062241.1	5824511	5880220
OG_0011651	NC_062241.1	5912620	5935550
OG_0014838	NC_062241.1	6048015	6070175
OG_0017811	NC_062241.1	6054841	6087562
OG_0018308	NC_062241.1	6091750	6116251
OG_0005488	NC_062241.1	6102742	6128850
OG_0000167	NC_062241.1	6138208	6192477
OG_0016251	NC_062241.1	6180867	6206985
OG_0014273	NC_062241.1	6188272	6209341
OG_0017291	NC_062241.1	6444947	6469467
OG_0015188	NC_062241.1	6530004	6684063
OG_0008070	NC_062241.1	6879335	6903808
OG_0015043	NC_062241.1	6928095	6961815
OG_0001533	NC_062241.1	7114810	7182081
OG_0015910	NC_062241.1	7195611	7279341
OG_0013942	NC_062241.1	7277212	7500579
OG_0017284	NC_062241.1	7485649	7507268
OG_0016768	NC_062241.1	7491719	7512672
OG_0002618	NC_062241.1	7504566	7526203
OG_0018544	NC_062241.1	7518247	7538790
OG_0007006	NC_062241.1	7548659	7569402
OG_0008123	NC_062241.1	7563288	7588820
OG_0002590	NC_062241.1	7600973	7624394
OG_0005717	NC_062241.1	7609873	7630828
OG_0018050	NC_062241.1	7617693	7638142
OG_0012191	NC_062241.1	7634652	7673140
OG_0013600	NC_062241.1	7657486	7684475
OG_0007933	NC_062241.1	7675164	7786299
OG_0009530	NC_062241.1	7814221	7844055
OG_0016175	NC_062241.1	7826848	7868499
OG_0002244	NC_062241.1	7849283	7873313
OG_0002019	NC_062241.1	7865078	7891883
OG_0009126	NC_062241.1	8087360	8114273
OG_0018859	NC_062241.1	8105525	8127783
OG_0000868	NC_062241.1	8122694	8144428
OG_0014387	NC_062241.1	8125816	8149874
OG_0013077	NC_062241.1	8139261	8164596
OG_0018073	NC_062241.1	8161791	8182635
OG_0015483	NC_062241.1	8214613	8235322
OG_0017426	NC_062241.1	8216238	8239049
OG_0001228	NC_062241.1	8222614	8250422
OG_0018074	NC_062241.1	8254932	8275459
OG_0016332	NC_062241.1	8274261	8297769
OG_0001911	NC_062241.1	8296355	8318009
OG_0019153	NC_062241.1	8410028	8457939
OG_0017733	NC_062241.1	8444250	8516263
OG_0011721	NC_062241.1	8681092	8739297
OG_0007724	NC_062241.1	8986519	9010694
OG_0018147	NC_062241.1	9051127	9071865
OG_0017322	NC_062241.1	9115754	9136805
OG_0002247	NC_062241.1	9120492	9144524
OG_0001952	NC_062241.1	9129155	9159157
OG_0017330	NC_062241.1	9167382	9189121
OG_0001712	NC_062241.1	9178900	9200466
OG_0014239	NC_062241.1	9184967	9205563
OG_0002333	NC_062241.1	9400529	9423072
OG_0009617	NC_062241.1	9434343	9456280
OG_0011808	NC_062241.1	9563088	9586180
OG_0017639	NC_062241.1	9590225	9614876
OG_0001495	NC_062241.1	9702028	9733124
OG_0015636	NC_062241.1	9720659	9747013
OG_0013499	NC_062241.1	9850242	9871378
OG_0001274	NC_062241.1	9855842	9894651
OG_0014525	NC_062241.1	9886498	9915876
OG_0016174	NC_062241.1	9902085	9945202
OG_0012733	NC_062241.1	9964473	9992745
OG_0009325	NC_062241.1	9989208	10010797
OG_0005690	NC_062241.1	10040711	10087805
OG_0006992	NC_062241.1	10104787	10126932
OG_0018657	NC_062241.1	10120129	10140876
OG_0012684	NC_062241.1	10188531	10211662
OG_0002521	NC_062241.1	10315965	10370545
OG_0011924	NC_062241.1	10485794	10530410
OG_0018241	NC_062241.1	10814182	10834811
OG_0006809	NC_062241.1	11166757	11190242
OG_0016428	NC_062241.1	11237216	11277733
OG_0018249	NC_062241.1	11311588	11335478
OG_0000097	NC_062241.1	11340348	11374743
OG_0000300	NC_062241.1	11379345	11428068
OG_0001905	NC_062241.1	11535241	11559014
OG_0012912	NC_062241.1	11544450	11573899
OG_0013899	NC_062241.1	11574088	11595875
OG_0009752	NC_062241.1	11633326	11655638
OG_0015244	NC_062241.1	11659887	11681670
OG_0007548	NC_062241.1	11701258	11741171
OG_0005435	NC_062241.1	11741550	11766033
OG_0006504	NC_062241.1	11799318	11820378
OG_0016376	NC_062241.1	11805675	11830067
OG_0013296	NC_062241.1	11955738	11978678
OG_0013548	NC_062241.1	12071898	12095848
OG_0018424	NC_062241.1	12108713	12131055
OG_0005280	NC_062241.1	12128197	12174712
OG_0005402	NC_062241.1	12167831	12190429
OG_0010821	NC_062241.1	12179958	12231567
OG_0018631	NC_062241.1	12229276	12257670
OG_0016194	NC_062241.1	12251188	12296686
OG_0006405	NC_062241.1	12299168	12345793
OG_0018264	NC_062241.1	12334777	12358374
OG_0013244	NC_062241.1	12359781	12380636
OG_0012363	NC_062241.1	12553952	12617716
OG_0019157	NC_062241.1	12606110	12627090
OG_0014477	NC_062241.1	12686990	12709319
OG_0000099	NC_062241.1	13053942	13085549
OG_0011422	NC_062241.1	13080146	13107299
OG_0018895	NC_062241.1	13091930	13112310
OG_0018464	NC_062241.1	13094855	13120119
OG_0012622	NC_062241.1	13107248	13142407
OG_0000422	NC_062241.1	13132799	13155611
OG_0016942	NC_062241.1	13142819	13164600
OG_0005339	NC_062241.1	13160834	13182810
OG_0007503	NC_062241.1	13165488	13188330
OG_0000974	NC_062241.1	13170685	13191278
OG_0001337	NC_062241.1	13181937	13202803
OG_0018236	NC_062241.1	13185911	13206576
OG_0017826	NC_062241.1	13188267	13208856
OG_0016450	NC_062241.1	13195178	13218208
OG_0018675	NC_062241.1	13202405	13222973
OG_0014254	NC_062241.1	13235546	13256909
OG_0018409	NC_062241.1	71081	91710
OG_0011306	NC_062241.1	86539	115881
OG_0011611	NC_062241.1	97430	118698
OG_0008383	NC_062241.1	112130	152576
OG_0014235	NC_062241.1	160826	182779
OG_0018494	NC_062241.1	171331	193892
OG_0009502	NC_062241.1	176637	203455
OG_0003424	NC_062241.1	204714	229207
OG_0001430	NC_062241.1	233954	256491
OG_0007877	NC_062241.1	552094	580556
OG_0018550	NC_062241.1	569134	590927
OG_0016708	NC_062241.1	571988	596907
OG_0005665	NC_062241.1	579059	607051
OG_0012722	NC_062241.1	588581	629765
OG_0000383	NC_062241.1	629423	665219
OG_0012410	NC_062241.1	648473	680044
OG_0012131	NC_062241.1	665583	689731
OG_0001769	NC_062241.1	794633	815754
OG_0018609	NC_062241.1	847789	869587
OG_0009142	NC_062241.1	891668	913251
OG_0018021	NC_062241.1	905714	1087153
OG_0007335	NC_062241.1	1237166	1281875
OG_0007567	NC_062241.1	1305400	1338427
OG_0008359	NC_062241.1	1414575	1444986
OG_0008360	NC_062241.1	1433759	1501532
OG_0015615	NC_062241.1	1615557	1664133
OG_0001309	NC_062241.1	1667000	1802316
OG_0011915	NC_062241.1	1865710	1910586
OG_0012082	NC_062241.1	1897896	1922136
OG_0013398	NC_062241.1	1909601	1962037
OG_0013478	NC_062241.1	1965684	1999273
OG_0013524	NC_062241.1	1994558	2017200
OG_0017304	NC_062241.1	2166238	2187360
OG_0015798	NC_062241.1	2176663	2198642
OG_0015805	NC_062241.1	2234785	2259801
OG_0013783	NC_062241.1	2258000	2284962
OG_0004571	NC_062241.1	2358857	2382648
OG_0006461	NC_062241.1	2404201	2426184
OG_0019155	NC_062241.1	2414574	2435256
OG_0000148	NC_062241.1	2432630	2454147
OG_0017388	NC_062241.1	2434675	2461293
OG_0006449	NC_062241.1	2441810	2462666
OG_0014199	NC_062241.1	2498523	2532577
OG_0007604	NC_062241.1	2593266	2638345
OG_0016440	NC_062241.1	2678082	2713412
OG_0011237	NC_062241.1	3166103	3280915
OG_0015381	NC_062241.1	3272357	3340679
OG_0013232	NC_062241.1	3436824	3464985
OG_0011582	NC_062241.1	3447219	3471730
OG_0018047	NC_062241.1	3472030	3499693
OG_0014100	NC_062241.1	3542888	3569128
OG_0015760	NC_062241.1	3556942	3615276
OG_0000727	NC_062241.1	3670734	3710769
OG_0013039	NC_062241.1	3718173	3770747
OG_0018650	NC_062241.1	3760040	3788413
OG_0015563	NC_062241.1	3834889	3873371
OG_0017161	NC_062241.1	3858464	3883349
OG_0012121	NC_062241.1	3865259	3898763
OG_0015761	NC_062241.1	3936573	3969529
OG_0013214	NC_062241.1	4054156	4125275
OG_0016378	NC_062241.1	4132049	4153585
OG_0017443	NC_062241.1	4142923	4171035
OG_0017442	NC_062241.1	4170184	4195449
OG_0017776	NC_062241.1	4185639	4214040
OG_0002180	NC_062241.1	4244403	4315985
OG_0015160	NC_062241.1	4307448	4330360
OG_0013909	NC_062241.1	4316429	4389123
OG_0003326	NC_062241.1	4456546	4477933
OG_0008158	NC_062241.1	4562933	4586543
OG_0015703	NC_062241.1	4667269	4708490
OG_0013190	NC_062241.1	4691320	4715640
OG_0015538	NC_062241.1	4700976	4730539
OG_0016425	NC_062241.1	4723223	4743693
OG_0001861	NC_062241.1	4853302	4879372
OG_0005611	NC_062241.1	4865958	4972976
OG_0014912	NC_062241.1	4998731	5023854
OG_0002403	NC_062241.1	5016655	5039528
OG_0006868	NC_062241.1	5071701	5168557
OG_0014266	NC_062241.1	5383190	5405261
OG_0002644	NC_062241.1	5622914	5643675
OG_0015305	NC_062241.1	5672226	5698548
OG_0001246	NC_062241.1	5683051	5706509
OG_0018436	NC_062241.1	5784496	5805239
OG_0014113	NC_062241.1	5805696	5833032
OG_0017588	NC_062241.1	5822517	5843413
OG_0002071	NC_062241.1	5862121	5931819
OG_0017810	NC_062241.1	5916473	6017827
OG_0017918	NC_062241.1	6044604	6066765
OG_0018427	NC_062241.1	6099374	6121472
OG_0018173	NC_062241.1	6109572	6129910
OG_0013999	NC_062241.1	6174036	6195298
OG_0006884	NC_062241.1	6190351	6217304
OG_0018003	NC_062241.1	6199030	6219519
OG_0009078	NC_062241.1	6689778	6733996
OG_0011607	NC_062241.1	6896671	6938179
OG_0002643	NC_062241.1	6973208	6993969
OG_0013578	NC_062241.1	7164911	7186911
OG_0014538	NC_062241.1	7260863	7282317
OG_0013981	NC_062241.1	7487371	7509491
OG_0015852	NC_062241.1	7492791	7513591
OG_0000933	NC_062241.1	7496079	7523737
OG_0004206	NC_062241.1	7507263	7537676
OG_0016569	NC_062241.1	7521175	7546506
OG_0001885	NC_062241.1	7537823	7558944
OG_0015571	NC_062241.1	7604570	7628718
OG_0012020	NC_062241.1	7612268	7635444
OG_0018580	NC_062241.1	7618223	7639070
OG_0008097	NC_062241.1	7656000	7676983
OG_0017387	NC_062241.1	7665658	7687783
OG_0015832	NC_062241.1	7767969	7790511
OG_0018296	NC_062241.1	7774871	7797088
OG_0015467	NC_062241.1	7804860	7825876
OG_0012253	NC_062241.1	7855787	7882366
OG_0017341	NC_062241.1	7882269	7906740
OG_0015928	NC_062241.1	7888909	8007080
OG_0013253	NC_062241.1	8097366	8119722
OG_0014388	NC_062241.1	8100713	8124432
OG_0014385	NC_062241.1	8107940	8130129
OG_0000869	NC_062241.1	8116958	8139011
OG_0000870	NC_062241.1	8119695	8141873
OG_0009145	NC_062241.1	8132769	8156826
OG_0007425	NC_062241.1	8144784	8173304
OG_0011354	NC_062241.1	8163971	8187690
OG_0019117	NC_062241.1	8197391	8217857
OG_0016008	NC_062241.1	8199413	8233113
OG_0013406	NC_062241.1	8220316	8241647
OG_0018850	NC_062241.1	8231332	8254824
OG_0017413	NC_062241.1	8235587	8257822
OG_0006966	NC_062241.1	8252709	8273984
OG_0000853	NC_062241.1	8280597	8313198
OG_0016731	NC_062241.1	8293819	8315237
OG_0001774	NC_062241.1	8496803	8521738
OG_0007758	NC_062241.1	8505103	8527673
OG_0018644	NC_062241.1	8995241	9017621
OG_0007723	NC_062241.1	8999770	9024226
OG_0018459	NC_062241.1	9004760	9026550
OG_0007523	NC_062241.1	9048100	9070550
OG_0018234	NC_062241.1	9060002	9081152
OG_0012619	NC_062241.1	9064860	9134266
OG_0001544	NC_062241.1	9117473	9139080
OG_0013798	NC_062241.1	9141519	9179091
OG_0015026	NC_062241.1	9169799	9191000
OG_0005360	NC_062241.1	9194367	9343680
OG_0013755	NC_062241.1	9416277	9441104
OG_0000331	NC_062241.1	9421854	9450581
OG_0006605	NC_062241.1	9447662	9495187
OG_0012885	NC_062241.1	9570195	9609159
OG_0017210	NC_062241.1	9598855	9624238
OG_0001065	NC_062241.1	9641902	9675000
OG_0002136	NC_062241.1	9662326	9694961
OG_0008068	NC_062241.1	9713554	9734589
OG_0015525	NC_062241.1	9716777	9738994
OG_0011439	NC_062241.1	9730495	9755119
OG_0007275	NC_062241.1	9754180	9775357
OG_0013450	NC_062241.1	9759033	9780566
OG_0012000	NC_062241.1	9764099	9793393
OG_0007849	NC_062241.1	9778319	9804591
OG_0011824	NC_062241.1	9805656	9832209
OG_0009110	NC_062241.1	9817458	9838417
OG_0012317	NC_062241.1	9824009	9845829
OG_0000759	NC_062241.1	9841748	9865474
OG_0000758	NC_062241.1	9845698	9869653
OG_0008240	NC_062241.1	9851644	9874082
OG_0009715	NC_062241.1	9876427	9905215
OG_0014483	NC_062241.1	9927098	9972546
OG_0006940	NC_062241.1	9973958	9997847
OG_0014204	NC_062241.1	10464634	10499658
OG_0002035	NC_062241.1	10511264	10576484
OG_0013245	NC_062241.1	10590961	10618440
OG_0007716	NC_062241.1	10634524	10661921
OG_0000095	NC_062241.1	11130118	11172513
OG_0002578	NC_062241.1	11154964	11177161
OG_0008011	NC_062241.1	11175234	11221346
OG_0000091	NC_062241.1	11258577	11300262
OG_0018324	NC_062241.1	11315793	11338033
OG_0008095	NC_062241.1	11320153	11352859
OG_0007276	NC_062241.1	11540768	11563105
OG_0017568	NC_062241.1	11560501	11588037
OG_0016670	NC_062241.1	11575952	11601401
OG_0016079	NC_062241.1	11591133	11612844
OG_0006007	NC_062241.1	11606282	11629344
OG_0016090	NC_062241.1	11635848	11657578
OG_0018681	NC_062241.1	11663003	11683479
OG_0001351	NC_062241.1	11665248	11688629
OG_0007742	NC_062241.1	11684217	11714525
OG_0001453	NC_062241.1	11746273	11776849
OG_0018029	NC_062241.1	11760969	11783481
OG_0006939	NC_062241.1	11778821	11803596
OG_0012724	NC_062241.1	11811945	11849036
OG_0006317	NC_062241.1	11840643	11864820
OG_0012435	NC_062241.1	11906717	11930465
OG_0014232	NC_062241.1	11935810	11968904
OG_0000098	NC_062241.1	11978805	12025134
OG_0018706	NC_062241.1	12118532	12144101
OG_0018616	NC_062241.1	12156103	12180924
OG_0011829	NC_062241.1	12238780	12260347
OG_0006431	NC_062241.1	12283637	12305096
OG_0007082	NC_062241.1	12341300	12378729
OG_0017307	NC_062241.1	12448208	12471143
OG_0017761	NC_062241.1	12455749	12572055
OG_0006587	NC_062241.1	12604140	12625270
OG_0017055	NC_062241.1	12609013	12659760
OG_0000805	NC_062241.1	12661494	12684743
OG_0009401	NC_062241.1	12692830	12735349
OG_0014531	NC_062241.1	12718719	12752451
OG_0000973	NC_062241.1	13005329	13029603
OG_0000100	NC_062241.1	13025155	13054462
OG_0016274	NC_062241.1	13123495	13144061
OG_0017064	NC_062241.1	13199542	13221895
OG_0000207	NC_062241.1	13205335	13229011
OG_0006621	NC_062241.1	13231322	13253706
OG_0006772	NC_062242.1	85309	110631
OG_0005279	NC_062242.1	141648	173693
OG_0017093	NC_062242.1	232196	262109
OG_0008135	NC_062242.1	247913	272144
OG_0012929	NC_062242.1	254343	284318
OG_0012988	NC_062242.1	285603	307238
OG_0015464	NC_062242.1	316677	339851
OG_0011867	NC_062242.1	373243	401692
OG_0012991	NC_062242.1	384696	410518
OG_0016161	NC_062242.1	400813	448505
OG_0007218	NC_062242.1	458056	478812
OG_0015548	NC_062242.1	497894	519004
OG_0006913	NC_062242.1	500058	522569
OG_0017145	NC_062242.1	760318	791200
OG_0016954	NC_062242.1	854656	885869
OG_0017573	NC_062242.1	911435	945122
OG_0004684	NC_062242.1	928284	957918
OG_0018867	NC_062242.1	940544	962104
OG_0017885	NC_062242.1	1081777	1108416
OG_0009440	NC_062242.1	1253536	1284572
OG_0016345	NC_062242.1	1269366	1290163
OG_0012713	NC_062242.1	1272674	1342613
OG_0017118	NC_062242.1	1387820	1423152
OG_0015878	NC_062242.1	1672932	1697964
OG_0011962	NC_062242.1	1686270	1715144
OG_0018115	NC_062242.1	1749612	1769953
OG_0018980	NC_062242.1	1811535	1836340
OG_0018131	NC_062242.1	1898021	1922035
OG_0009035	NC_062242.1	2011510	2032949
OG_0013709	NC_062242.1	2014301	2053193
OG_0014258	NC_062242.1	2192817	2214585
OG_0013252	NC_062242.1	2206082	2226855
OG_0006664	NC_062242.1	2229177	2258389
OG_0006556	NC_062242.1	2328665	2392041
OG_0011710	NC_062242.1	2519784	2564931
OG_0012575	NC_062242.1	2717138	2890916
OG_0009268	NC_062242.1	2888318	2920541
OG_0011621	NC_062242.1	2903268	3001290
OG_0009349	NC_062242.1	2999899	3023105
OG_0018982	NC_062242.1	3015078	3049139
OG_0006470	NC_062242.1	3030279	3053163
OG_0001064	NC_062242.1	3301386	3322399
OG_0018617	NC_062242.1	3352946	3373631
OG_0009418	NC_062242.1	3354336	3390365
OG_0015922	NC_062242.1	3398076	3427953
OG_0009793	NC_062242.1	3471439	3498062
OG_0001550	NC_062242.1	3607591	3641214
OG_0012507	NC_062242.1	3622971	3644574
OG_0006396	NC_062242.1	3635638	3658938
OG_0012700	NC_062242.1	3649817	3670356
OG_0006668	NC_062242.1	3655104	3675545
OG_0000931	NC_062242.1	3662677	3684752
OG_0016119	NC_062242.1	3699884	3795462
OG_0009754	NC_062242.1	3820533	3842284
OG_0001728	NC_062242.1	3831753	3853401
OG_0001248	NC_062242.1	3868015	3971658
OG_0008150	NC_062242.1	3958747	3998890
OG_0002606	NC_062242.1	3987291	4019800
OG_0012758	NC_062242.1	4015909	4037986
OG_0009627	NC_062242.1	4019521	4041477
OG_0009625	NC_062242.1	4022099	4049482
OG_0011232	NC_062242.1	4034167	4057292
OG_0006606	NC_062242.1	4081023	4240969
OG_0000783	NC_062242.1	4242371	4268322
OG_0004663	NC_062242.1	4253790	4281323
OG_0006875	NC_062242.1	4289106	4317198
OG_0018858	NC_062242.1	4316884	4343544
OG_0009549	NC_062242.1	4450971	4471884
OG_0014250	NC_062242.1	4459422	4480110
OG_0003358	NC_062242.1	4497387	4536353
OG_0003563	NC_062242.1	4523134	4544961
OG_0018338	NC_062242.1	4659968	4680526
OG_0015250	NC_062242.1	4671284	4704497
OG_0018846	NC_062242.1	4686490	4716118
OG_0001042	NC_062242.1	4709277	4730430
OG_0013272	NC_062242.1	4732705	4753686
OG_0012423	NC_062242.1	4735962	4757285
OG_0017206	NC_062242.1	4864108	4885786
OG_0012163	NC_062242.1	4874027	4898702
OG_0005493	NC_062242.1	4889494	4912774
OG_0009056	NC_062242.1	4906079	4937036
OG_0015755	NC_062242.1	4984972	5012232
OG_0000369	NC_062242.1	4993408	5016680
OG_0008213	NC_062242.1	5003100	5023600
OG_0017746	NC_062242.1	5043084	5088702
OG_0012421	NC_062242.1	5123322	5147365
OG_0017431	NC_062242.1	5156008	5177980
OG_0007169	NC_062242.1	5194860	5223389
OG_0017747	NC_062242.1	5221205	5243598
OG_0017234	NC_062242.1	5235656	5260562
OG_0009480	NC_062242.1	5255620	5281005
OG_0009556	NC_062242.1	5276350	5300212
OG_0016621	NC_062242.1	5340780	5364783
OG_0017818	NC_062242.1	5358445	5378913
OG_0000736	NC_062242.1	5366383	5389668
OG_0007585	NC_062242.1	5374629	5401039
OG_0017787	NC_062242.1	5391162	5419272
OG_0014976	NC_062242.1	5401609	5423218
OG_0007551	NC_062242.1	5428548	5450383
OG_0006546	NC_062242.1	5440460	5463118
OG_0009573	NC_062242.1	5446220	5468202
OG_0014323	NC_062242.1	5462604	5485560
OG_0011585	NC_062242.1	5478767	5505083
OG_0018290	NC_062242.1	5487310	5507696
OG_0012595	NC_062242.1	5491623	5513738
OG_0007342	NC_062242.1	5537717	5559651
OG_0000948	NC_062242.1	5668501	5691512
OG_0014611	NC_062242.1	5710762	5731544
OG_0011173	NC_062242.1	5755387	5785603
OG_0018353	NC_062242.1	5767606	5788908
OG_0012967	NC_062242.1	5769625	5795202
OG_0014180	NC_062242.1	5803233	5842773
OG_0016744	NC_062242.1	5831882	5855445
OG_0002332	NC_062242.1	5855461	5876561
OG_0005404	NC_062242.1	5858863	5885141
OG_0005362	NC_062242.1	5910163	5957162
OG_0003149	NC_062242.1	5951947	5979228
OG_0016566	NC_062242.1	6014546	6045428
OG_0016643	NC_062242.1	6047608	6073599
OG_0007386	NC_062242.1	6068624	6099342
OG_0011292	NC_062242.1	6080479	6109103
OG_0015773	NC_062242.1	6089657	6111133
OG_0002487	NC_062242.1	6094847	6118872
OG_0012143	NC_062242.1	6109160	6130383
OG_0016532	NC_062242.1	6111297	6133895
OG_0006739	NC_062242.1	6162650	6184525
OG_0014280	NC_062242.1	6204077	6228442
OG_0008172	NC_062242.1	6313751	6349183
OG_0002100	NC_062242.1	6340021	6363741
OG_0016465	NC_062242.1	6375210	6401420
OG_0015790	NC_062242.1	6422176	6442960
OG_0012952	NC_062242.1	6586387	6622402
OG_0007475	NC_062242.1	6761021	6786621
OG_0009674	NC_062242.1	6769957	6831728
OG_0015601	NC_062242.1	6817418	6845493
OG_0013639	NC_062242.1	7033747	7221819
OG_0018478	NC_062242.1	7247283	7269851
OG_0017481	NC_062242.1	7284377	7306168
OG_0016115	NC_062242.1	7286834	7314266
OG_0012818	NC_062242.1	7338128	7364381
OG_0012393	NC_062242.1	7367220	7389933
OG_0014320	NC_062242.1	7382444	7411801
OG_0006847	NC_062242.1	7664044	7688168
OG_0002503	NC_062242.1	8426297	8457264
OG_0014604	NC_062242.1	8453446	8546737
OG_0004142	NC_062242.1	8529208	8561011
OG_0017936	NC_062242.1	8566439	8586797
OG_0009353	NC_062242.1	8569521	8602098
OG_0003062	NC_062242.1	8603651	8627364
OG_0015030	NC_062242.1	8653630	8685961
OG_0017599	NC_062242.1	8668834	8700888
OG_0018490	NC_062242.1	8682807	8703319
OG_0018864	NC_062242.1	8708769	8740626
OG_0000402	NC_062242.1	8734320	8762730
OG_0008133	NC_062242.1	8763796	8784758
OG_0008252	NC_062242.1	8801632	8839594
OG_0013920	NC_062242.1	8944769	8971575
OG_0012147	NC_062242.1	8952816	8984580
OG_0002609	NC_062242.1	8991838	9013726
OG_0002563	NC_062242.1	8993749	9014984
OG_0002156	NC_062242.1	9126445	9152211
OG_0012822	NC_062242.1	9167114	9213021
OG_0017517	NC_062242.1	9216929	9240891
OG_0016754	NC_062242.1	9237442	9260293
OG_0011341	NC_062242.1	9247682	9315573
OG_0005874	NC_062242.1	9309285	9336018
OG_0007541	NC_062242.1	9325116	9354887
OG_0007332	NC_062242.1	9394621	9416875
OG_0012752	NC_062242.1	9764399	9784773
OG_0006754	NC_062242.1	9790109	9846965
OG_0011858	NC_062242.1	9831617	9853074
OG_0013143	NC_062242.1	9834983	9912441
OG_0001130	NC_062242.1	10024625	10046548
OG_0014343	NC_062242.1	10374075	10449605
OG_0017419	NC_062242.1	10786806	10807699
OG_0002061	NC_062242.1	10789619	10870905
OG_0008857	NC_062242.1	10986795	11017984
OG_0015235	NC_062242.1	11245325	11304495
OG_0015067	NC_062242.1	11325036	11382959
OG_0015609	NC_062242.1	11393823	11424413
OG_0005595	NC_062242.1	11413788	11438678
OG_0014500	NC_062242.1	11420916	11463580
OG_0015096	NC_062242.1	11474430	11502167
OG_0001029	NC_062242.1	11482818	11506543
OG_0017943	NC_062242.1	11489302	11509722
OG_0018549	NC_062242.1	11498762	11520079
OG_0017056	NC_062242.1	11514581	11622498
OG_0013933	NC_062242.1	11607217	11637201
OG_0015604	NC_062242.1	11677028	11705296
OG_0015662	NC_062242.1	11691515	11714298
OG_0015142	NC_062242.1	11703576	11726919
OG_0001838	NC_062242.1	11709124	11745259
OG_0009306	NC_062242.1	11731490	11755909
OG_0008609	NC_062242.1	11747815	11806529
OG_0014722	NC_062242.1	11813696	11837257
OG_0001811	NC_062242.1	11922174	11943286
OG_0006910	NC_062242.1	11960008	11996746
OG_0005710	NC_062242.1	11993693	12014577
OG_0006778	NC_062242.1	12044617	12071733
OG_0013988	NC_062242.1	12065705	12098289
OG_0009461	NC_062242.1	12092127	12148424
OG_0009503	NC_062242.1	12176443	12201022
OG_0008319	NC_062242.1	12228173	12262896
OG_0005539	NC_062242.1	12291070	12311426
OG_0016918	NC_062242.1	12423327	12449605
OG_0014550	NC_062242.1	12443705	12466438
OG_0012939	NC_062242.1	12845167	12870954
OG_0015054	NC_062242.1	12858534	12880085
OG_0017819	NC_062242.1	12895625	12918804
OG_0016327	NC_062242.1	13126672	13148231
OG_0003720	NC_062242.1	13144235	13168016
OG_0016148	NC_062242.1	13148473	13171742
OG_0002167	NC_062242.1	71865	93513
OG_0013408	NC_062242.1	190476	219945
OG_0002612	NC_062242.1	252239	273306
OG_0007823	NC_062242.1	360124	382577
OG_0012989	NC_062242.1	402341	425246
OG_0007244	NC_062242.1	473963	495059
OG_0017681	NC_062242.1	483708	515461
OG_0016394	NC_062242.1	506055	562966
OG_0012889	NC_062242.1	687907	717604
OG_0008128	NC_062242.1	938721	959716
OG_0007638	NC_062242.1	945827	978074
OG_0007640	NC_062242.1	993401	1061965
OG_0018198	NC_062242.1	1057697	1086680
OG_0018203	NC_062242.1	1090615	1113470
OG_0007230	NC_062242.1	1095410	1233402
OG_0005594	NC_062242.1	1265940	1287986
OG_0006697	NC_062242.1	1270412	1292027
OG_0005767	NC_062242.1	1596444	1671899
OG_0003321	NC_062242.1	1666442	1692074
OG_0015877	NC_062242.1	1678657	1710994
OG_0017087	NC_062242.1	1731128	1754581
OG_0016989	NC_062242.1	1754632	1781664
OG_0018878	NC_062242.1	1837006	1861932
OG_0003596	NC_062242.1	2006400	2027461
OG_0013725	NC_062242.1	2076055	2148517
OG_0005593	NC_062242.1	2177081	2200076
OG_0009452	NC_062242.1	2182917	2210422
OG_0005463	NC_062242.1	2197085	2217786
OG_0002500	NC_062242.1	2201467	2225587
OG_0014464	NC_062242.1	2206955	2248638
OG_0011851	NC_062242.1	2238600	2260935
OG_0016934	NC_062242.1	2391152	2412060
OG_0000233	NC_062242.1	2429894	2458634
OG_0005630	NC_062242.1	2872715	2902295
OG_0002399	NC_062242.1	2884995	2906911
OG_0007867	NC_062242.1	2901110	2922022
OG_0007664	NC_062242.1	2986508	3015231
OG_0007812	NC_062242.1	3040669	3314013
OG_0001583	NC_062242.1	3294555	3317390
OG_0001975	NC_062242.1	3305500	3372180
OG_0001451	NC_062242.1	3379267	3404795
OG_0013800	NC_062242.1	3386438	3417205
OG_0000946	NC_062242.1	3412436	3437884
OG_0007820	NC_062242.1	3577317	3598135
OG_0016107	NC_062242.1	3629497	3654539
OG_0016130	NC_062242.1	3640607	3665461
OG_0018584	NC_062242.1	3650793	3671660
OG_0015556	NC_062242.1	3657135	3678688
OG_0004676	NC_062242.1	3811019	3839832
OG_0014962	NC_062242.1	3824462	3878362
OG_0015521	NC_062242.1	3860958	3882587
OG_0002509	NC_062242.1	3863493	3885140
OG_0011468	NC_062242.1	3954834	3978322
OG_0007801	NC_062242.1	3983198	4003977
OG_0011231	NC_062242.1	4037746	4061338
OG_0013713	NC_062242.1	4047172	4070895
OG_0013609	NC_062242.1	4052475	4076938
OG_0011505	NC_062242.1	4063022	4094928
OG_0011981	NC_062242.1	4075806	4099909
OG_0005238	NC_062242.1	4164169	4187308
OG_0007951	NC_062242.1	4227152	4255728
OG_0006450	NC_062242.1	4249828	4272081
OG_0007205	NC_062242.1	4302467	4326623
OG_0009709	NC_062242.1	4308309	4333626
OG_0018913	NC_062242.1	4367672	4433817
OG_0012572	NC_062242.1	4431814	4465388
OG_0015827	NC_062242.1	4452533	4473699
OG_0018320	NC_062242.1	4457706	4478287
OG_0012827	NC_062242.1	4460616	4485157
OG_0005284	NC_062242.1	4466824	4491207
OG_0005285	NC_062242.1	4473643	4499981
OG_0017275	NC_062242.1	4525369	4550148
OG_0011978	NC_062242.1	4544005	4607992
OG_0015232	NC_062242.1	4632839	4657461
OG_0012556	NC_062242.1	4644735	4668885
OG_0005727	NC_062242.1	4662097	4687832
OG_0008106	NC_062242.1	4705542	4727155
OG_0011270	NC_062242.1	4711251	4741575
OG_0013110	NC_062242.1	4738025	4769416
OG_0001289	NC_062242.1	4755310	4807851
OG_0004601	NC_062242.1	4851701	4881112
OG_0018568	NC_062242.1	4879199	4900501
OG_0001557	NC_062242.1	4893608	4924346
OG_0003158	NC_062242.1	4927990	4949977
OG_0015936	NC_062242.1	4934844	4967905
OG_0018033	NC_062242.1	5000536	5021924
OG_0001965	NC_062242.1	5005683	5035663
OG_0012058	NC_062242.1	5095511	5118529
OG_0007178	NC_062242.1	5101772	5129165
OG_0005663	NC_062242.1	5127960	5160286
OG_0018433	NC_062242.1	5146661	5169446
OG_0018280	NC_062242.1	5150830	5171895
OG_0007171	NC_062242.1	5158960	5185101
OG_0007344	NC_062242.1	5241048	5272386
OG_0006690	NC_062242.1	5253885	5274770
OG_0018757	NC_062242.1	5287251	5327198
OG_0014229	NC_062242.1	5320219	5341649
OG_0017318	NC_062242.1	5331105	5352321
OG_0017207	NC_062242.1	5363657	5384835
OG_0007194	NC_062242.1	5371137	5393223
OG_0005808	NC_062242.1	5382014	5403915
OG_0009109	NC_062242.1	5407103	5437746
OG_0011268	NC_062242.1	5418726	5446335
OG_0012076	NC_062242.1	5448214	5472334
OG_0001572	NC_062242.1	5465986	5487992
OG_0012024	NC_062242.1	5472716	5496586
OG_0019026	NC_062242.1	5488729	5509205
OG_0017116	NC_062242.1	5496299	5522963
OG_0016925	NC_062242.1	5719866	5771270
OG_0000720	NC_062242.1	5777331	5804751
OG_0015803	NC_062242.1	5788721	5812796
OG_0017268	NC_062242.1	5800772	5822257
OG_0013009	NC_062242.1	5825332	5851659
OG_0004276	NC_062242.1	5870280	5892494
OG_0006529	NC_062242.1	5890955	5917662
OG_0006888	NC_062242.1	5899570	5928215
OG_0008092	NC_062242.1	6041505	6064263
OG_0014171	NC_062242.1	6062520	6086053
OG_0014248	NC_062242.1	6091310	6111970
OG_0001709	NC_062242.1	6100059	6127638
OG_0018167	NC_062242.1	6114495	6134984
OG_0016556	NC_062242.1	6116752	6172375
OG_0014398	NC_062242.1	6166111	6197055
OG_0000094	NC_062242.1	6188703	6216683
OG_0017544	NC_062242.1	6330567	6352252
OG_0006879	NC_062242.1	6432722	6454739
OG_0017745	NC_062242.1	6642755	6665210
OG_0016702	NC_062242.1	6649661	6680833
OG_0016703	NC_062242.1	6664142	6692714
OG_0002377	NC_062242.1	6675575	6700801
OG_0017054	NC_062242.1	6685645	6779558
OG_0016716	NC_062242.1	6831726	6854793
OG_0016439	NC_062242.1	6906668	6964671
OG_0018504	NC_062242.1	7251139	7280220
OG_0001504	NC_062242.1	7264931	7302259
OG_0017486	NC_062242.1	7294598	7316237
OG_0000310	NC_062242.1	7299035	7354977
OG_0018897	NC_062242.1	7336013	7356665
OG_0007151	NC_062242.1	7345374	7386056
OG_0001144	NC_062242.1	7373937	7395231
OG_0008372	NC_062242.1	7400288	7690292
OG_0011176	NC_062242.1	8126263	8148557
OG_0015514	NC_062242.1	8422757	8443567
OG_0012430	NC_062242.1	8441935	8464633
OG_0004404	NC_062242.1	8553932	8585664
OG_0007939	NC_062242.1	8567226	8588657
OG_0014246	NC_062242.1	8584255	8605679
OG_0015993	NC_062242.1	8607820	8634810
OG_0015863	NC_062242.1	8625968	8649264
OG_0017143	NC_062242.1	8634690	8672658
OG_0013998	NC_062242.1	8686178	8707527
OG_0012137	NC_062242.1	8698369	8722332
OG_0011961	NC_062242.1	8722871	8747493
OG_0005559	NC_062242.1	8749770	8771794
OG_0017495	NC_062242.1	8758291	8779175
OG_0017085	NC_062242.1	8760155	8780976
OG_0015051	NC_062242.1	8764949	8785965
OG_0017174	NC_062242.1	8770419	8796706
OG_0015459	NC_062242.1	8826787	8938631
OG_0012623	NC_062242.1	8967405	9005688
OG_0016013	NC_062242.1	9005464	9081162
OG_0005445	NC_062242.1	9088391	9111420
OG_0014259	NC_062242.1	9093903	9116569
OG_0000476	NC_062242.1	9102553	9125433
OG_0005712	NC_062242.1	9110403	9131284
OG_0015598	NC_062242.1	9225594	9256225
OG_0000206	NC_062242.1	9243373	9265787
OG_0006433	NC_062242.1	9301013	9325315
OG_0017498	NC_062242.1	9317430	9338314
OG_0007591	NC_062242.1	9598656	9664658
OG_0012656	NC_062242.1	9774240	9802969
OG_0012648	NC_062242.1	9784071	9805602
OG_0003170	NC_062242.1	9894720	10011554
OG_0001536	NC_062242.1	10007339	10043564
OG_0012720	NC_062242.1	10029196	10050243
OG_0011464	NC_062242.1	10079312	10112767
OG_0014831	NC_062242.1	10100045	10121552
OG_0017874	NC_062242.1	10520636	10547349
OG_0018546	NC_062242.1	10856332	10877272
OG_0012770	NC_062242.1	10882897	10984266
OG_0000413	NC_062242.1	11005176	11034618
OG_0012678	NC_062242.1	11318876	11340175
OG_0019022	NC_062242.1	11412502	11440520
OG_0005875	NC_062242.1	11451143	11493541
OG_0016364	NC_062242.1	11487013	11508079
OG_0011806	NC_062242.1	11490024	11511295
OG_0001414	NC_062242.1	11495600	11518029
OG_0012129	NC_062242.1	11501761	11527237
OG_0012797	NC_062242.1	11509568	11533415
OG_0011605	NC_062242.1	11619256	11640536
OG_0001907	NC_062242.1	11623541	11649457
OG_0009566	NC_062242.1	11656722	11685647
OG_0001918	NC_062242.1	11688187	11711042
OG_0001912	NC_062242.1	11698458	11722936
OG_0006840	NC_062242.1	11707378	11728730
OG_0000857	NC_062242.1	11727855	11750678
OG_0006900	NC_062242.1	11738476	11765289
OG_0016617	NC_062242.1	11901262	11932450
OG_0018177	NC_062242.1	11964690	11985142
OG_0006944	NC_062242.1	12001648	12046310
OG_0014221	NC_062242.1	12053790	12075552
OG_0017244	NC_062242.1	12079426	12102780
OG_0006741	NC_062242.1	12083396	12106242
OG_0007494	NC_062242.1	12086536	12111394
OG_0006602	NC_062242.1	12135040	12192428
OG_0012825	NC_062242.1	12185140	12210616
OG_0013354	NC_062242.1	12191652	12215298
OG_0001528	NC_062242.1	12247028	12296611
OG_0011311	NC_062242.1	12295306	12354613
OG_0012905	NC_062242.1	12337041	12415393
OG_0001254	NC_062242.1	12411714	12442958
OG_0000260	NC_062242.1	12435163	12462990
OG_0013784	NC_062242.1	12533027	12698048
OG_0011219	NC_062242.1	12902634	12995296
OG_0010737	NC_062242.1	13109080	13129793
OG_0002132	NC_062242.1	13140589	13162522
OG_0017250	NC_062243.1	18860	40725
OG_0001702	NC_062243.1	22446	45061
OG_0012427	NC_062243.1	32822	54953
OG_0015370	NC_062243.1	37490	123359
OG_0000344	NC_062243.1	171034	226602
OG_0000879	NC_062243.1	523376	546086
OG_0007741	NC_062243.1	615997	647224
OG_0012662	NC_062243.1	646545	722804
OG_0014615	NC_062243.1	726155	771825
OG_0011210	NC_062243.1	758136	780505
OG_0015982	NC_062243.1	810188	931553
OG_0015981	NC_062243.1	916205	956263
OG_0015436	NC_062243.1	1000584	1080231
OG_0015031	NC_062243.1	1063736	1085262
OG_0018239	NC_062243.1	1102025	1123089
OG_0014044	NC_062243.1	1120608	1148244
OG_0013207	NC_062243.1	1150720	1172093
OG_0002217	NC_062243.1	1193747	1232286
OG_0013529	NC_062243.1	1216124	1242010
OG_0005240	NC_062243.1	1346934	1385984
OG_0015309	NC_062243.1	1367346	1402511
OG_0019168	NC_062243.1	1420419	1442349
OG_0005256	NC_062243.1	1574710	1609774
OG_0003308	NC_062243.1	1633328	1660204
OG_0008208	NC_062243.1	1660620	1689529
OG_0014282	NC_062243.1	1766744	1788201
OG_0015321	NC_062243.1	1781771	1839906
OG_0017059	NC_062243.1	1876101	1898029
OG_0008013	NC_062243.1	2053989	2100594
OG_0005774	NC_062243.1	2092784	2129679
OG_0016910	NC_062243.1	2151415	2174218
OG_0018673	NC_062243.1	2453055	2474616
OG_0005924	NC_062243.1	2507332	2529164
OG_0001793	NC_062243.1	2665192	2694088
OG_0006665	NC_062243.1	2829360	2853676
OG_0006846	NC_062243.1	3707324	3731308
OG_0006943	NC_062243.1	3891673	3953670
OG_0007368	NC_062243.1	3967836	4085594
OG_0005691	NC_062243.1	4069867	4098193
OG_0015407	NC_062243.1	4083499	4161186
OG_0013522	NC_062243.1	4172083	4203109
OG_0001577	NC_062243.1	4187742	4225526
OG_0006360	NC_062243.1	4236515	4284023
OG_0014587	NC_062243.1	4273768	4299616
OG_0002673	NC_062243.1	4301363	4322328
OG_0001976	NC_062243.1	4598410	4619525
OG_0017543	NC_062243.1	4622438	4645349
OG_0014674	NC_062243.1	4634277	4658902
OG_0005438	NC_062243.1	4639355	4660104
OG_0001805	NC_062243.1	4647401	4698728
OG_0015458	NC_062243.1	4712904	4739876
OG_0017226	NC_062243.1	4725736	4759555
OG_0015492	NC_062243.1	4813404	4834639
OG_0002219	NC_062243.1	4831993	4854451
OG_0012311	NC_062243.1	4838118	4859535
OG_0015201	NC_062243.1	4848046	4877440
OG_0015268	NC_062243.1	5240810	5266558
OG_0015147	NC_062243.1	5293054	5346780
OG_0003705	NC_062243.1	5364048	5401805
OG_0016168	NC_062243.1	5460789	5506333
OG_0015424	NC_062243.1	5529505	5550989
OG_0018376	NC_062243.1	5534597	5585030
OG_0013422	NC_062243.1	5615096	5643369
OG_0017204	NC_062243.1	5776537	5797547
OG_0014479	NC_062243.1	5851562	5877147
OG_0015319	NC_062243.1	5865500	5887645
OG_0009555	NC_062243.1	5868813	5890474
OG_0017079	NC_062243.1	5914434	5939844
OG_0015196	NC_062243.1	6106810	6141142
OG_0013378	NC_062243.1	6318479	6345011
OG_0003512	NC_062243.1	6362214	6383978
OG_0000400	NC_062243.1	6616209	6641123
OG_0018591	NC_062243.1	6672832	6712665
OG_0016470	NC_062243.1	6719649	6811531
OG_0008140	NC_062243.1	6835003	6858289
OG_0007788	NC_062243.1	7209216	7231062
OG_0005482	NC_062243.1	7212863	7233860
OG_0016171	NC_062243.1	7249824	7274271
OG_0014844	NC_062243.1	7284224	7304785
OG_0007066	NC_062243.1	7374717	7401546
OG_0013837	NC_062243.1	7387281	7410502
OG_0013500	NC_062243.1	7541812	7566903
OG_0011715	NC_062243.1	7566384	7590575
OG_0013466	NC_062243.1	7690215	7714254
OG_0005505	NC_062243.1	7743835	7766119
OG_0012621	NC_062243.1	7771490	7793379
OG_0012519	NC_062243.1	7802439	7835715
OG_0001895	NC_062243.1	7837165	7860609
OG_0018801	NC_062243.1	7844736	7897419
OG_0013722	NC_062243.1	7885022	7911452
OG_0013685	NC_062243.1	7930546	8012281
OG_0015555	NC_062243.1	7995656	8021890
OG_0007645	NC_062243.1	8006318	8059794
OG_0015237	NC_062243.1	8159082	8184108
OG_0012697	NC_062243.1	8194080	8215516
OG_0015296	NC_062243.1	8272295	8352673
OG_0007481	NC_062243.1	8349790	8378018
OG_0007040	NC_062243.1	8367593	8388962
OG_0007039	NC_062243.1	8369319	8397226
OG_0011389	NC_062243.1	8603040	8705146
OG_0003984	NC_062243.1	8698394	8733675
OG_0008130	NC_062243.1	8748488	8770495
OG_0013844	NC_062243.1	8753414	8787333
OG_0012941	NC_062243.1	8775406	8804356
OG_0003357	NC_062243.1	8866129	8902475
OG_0003356	NC_062243.1	8905349	8935934
OG_0008159	NC_062243.1	8946908	8978860
OG_0015233	NC_062243.1	8985087	9012041
OG_0016882	NC_062243.1	9086824	9128797
OG_0013270	NC_062243.1	9134303	9155475
OG_0018421	NC_062243.1	9147305	9167814
OG_0017345	NC_062243.1	9207032	9255463
OG_0005730	NC_062243.1	9253790	9289538
OG_0000303	NC_062243.1	9295714	9348659
OG_0018407	NC_062243.1	9359571	9384807
OG_0006834	NC_062243.1	9444653	9465444
OG_0016550	NC_062243.1	9449820	9471582
OG_0001092	NC_062243.1	9466809	9498352
OG_0014322	NC_062243.1	9483820	9505752
OG_0007672	NC_062243.1	9489125	9513390
OG_0016778	NC_062243.1	9499302	9527057
OG_0013391	NC_062243.1	9516740	9538942
OG_0016986	NC_062243.1	9519350	9540387
OG_0014319	NC_062243.1	9522821	9547400
OG_0018852	NC_062243.1	9648751	9669197
OG_0006631	NC_062243.1	9655262	9680094
OG_0002429	NC_062243.1	9702164	9734624
OG_0014462	NC_062243.1	9723733	9774837
OG_0004542	NC_062243.1	9814847	9848508
OG_0007198	NC_062243.1	9857321	9890921
OG_0016310	NC_062243.1	9877306	9900525
OG_0017637	NC_062243.1	9883409	9904896
OG_0018386	NC_062243.1	9904918	9939587
OG_0011952	NC_062243.1	9928470	9949377
OG_0000769	NC_062243.1	9941157	9962906
OG_0011786	NC_062243.1	9944519	9976535
OG_0005704	NC_062243.1	9957235	9979358
OG_0018193	NC_062243.1	9961143	9982166
OG_0016714	NC_062243.1	9991655	10013311
OG_0000532	NC_062243.1	10028038	10130571
OG_0007844	NC_062243.1	10114236	10143514
OG_0018903	NC_062243.1	10132939	10153370
OG_0006768	NC_062243.1	10143057	10172351
OG_0015358	NC_062243.1	10164490	10186713
OG_0015432	NC_062243.1	10167391	10192919
OG_0001463	NC_062243.1	10174962	10199845
OG_0007863	NC_062243.1	10181759	10203796
OG_0001410	NC_062243.1	10187024	10210384
OG_0016981	NC_062243.1	10199652	10223370
OG_0017649	NC_062243.1	10221793	10255965
OG_0012445	NC_062243.1	10278657	10299782
OG_0011944	NC_062243.1	10281090	10318395
OG_0011945	NC_062243.1	10302275	10326641
OG_0013255	NC_062243.1	10311605	10335967
OG_0018352	NC_062243.1	10328090	10349969
OG_0002223	NC_062243.1	10332764	10358245
OG_0011253	NC_062243.1	10378225	10409671
OG_0014253	NC_062243.1	10391143	10412351
OG_0001753	NC_062243.1	10396296	10429101
OG_0003221	NC_062243.1	10452628	10509415
OG_0011481	NC_062243.1	10496623	10519988
OG_0009336	NC_062243.1	10503966	10532268
OG_0007353	NC_062243.1	10525512	10553018
OG_0000659	NC_062243.1	10553868	10588100
OG_0011685	NC_062243.1	10588381	10674371
OG_0014367	NC_062243.1	10676977	10709425
OG_0014263	NC_062243.1	10710939	10731892
OG_0006321	NC_062243.1	10718389	10781897
OG_0009435	NC_062243.1	10774653	10808757
OG_0001628	NC_062243.1	10794277	10826403
OG_0002489	NC_062243.1	10810659	10832783
OG_0013539	NC_062243.1	10835325	10856338
OG_0001867	NC_062243.1	10840189	10861692
OG_0011332	NC_062243.1	10850896	10888731
OG_0016976	NC_062243.1	10934739	10958413
OG_0011970	NC_062243.1	11137279	11167250
OG_0005444	NC_062243.1	11156793	11178321
OG_0011734	NC_062243.1	11262143	11285008
OG_0017703	NC_062243.1	11269228	11373613
OG_0014351	NC_062243.1	11581283	11604531
OG_0018889	NC_062243.1	11587332	11608030
OG_0014086	NC_062243.1	11589421	11613200
OG_0000840	NC_062243.1	11603558	11624740
OG_0000841	NC_062243.1	11606496	11720227
OG_0018139	NC_062243.1	11739337	11763964
OG_0012650	NC_062243.1	11744875	11780732
OG_0000896	NC_062243.1	11774538	11795425
OG_0015955	NC_062243.1	11806480	11828749
OG_0000776	NC_062243.1	11897881	11923787
OG_0012528	NC_062243.1	11910780	12021371
OG_0012525	NC_062243.1	12276636	12406766
OG_0011542	NC_062243.1	12507365	12545690
OG_0009128	NC_062243.1	12707355	12729301
OG_0011831	NC_062243.1	12743502	12789503
OG_0011830	NC_062243.1	12774403	12804629
OG_0015050	NC_062243.1	12786436	12815065
OG_0016366	NC_062243.1	12859261	12880772
OG_0000217	NC_062243.1	12922770	12948966
OG_0013424	NC_062243.1	13096581	13134084
OG_0006415	NC_062243.1	13117879	13141543
OG_0014435	NC_062243.1	13133544	13158308
OG_0013629	NC_062243.1	273681	298910
OG_0004279	NC_062243.1	638139	665984
OG_0019174	NC_062243.1	752364	774110
OG_0002016	NC_062243.1	761589	791574
OG_0006717	NC_062243.1	1062156	1082866
OG_0012054	NC_062243.1	1103735	1128093
OG_0006779	NC_062243.1	1130225	1152330
OG_0009330	NC_062243.1	1140087	1169890
OG_0016539	NC_062243.1	1154001	1181373
OG_0001469	NC_062243.1	1306415	1345037
OG_0001947	NC_062243.1	1383716	1422905
OG_0005244	NC_062243.1	1403687	1437808
OG_0005246	NC_062243.1	1423227	1460041
OG_0005247	NC_062243.1	1443970	1476259
OG_0005245	NC_062243.1	1459134	1489529
OG_0005241	NC_062243.1	1497787	1539788
OG_0005243	NC_062243.1	1523955	1558509
OG_0000874	NC_062243.1	1743996	1775004
OG_0011556	NC_062243.1	1868017	1890110
OG_0014073	NC_062243.1	1943389	1967266
OG_0015641	NC_062243.1	1951920	1987126
OG_0011730	NC_062243.1	1983581	2008910
OG_0014629	NC_062243.1	2083328	2109646
OG_0014630	NC_062243.1	2090717	2111946
OG_0014019	NC_062243.1	2110973	2131667
OG_0000399	NC_062243.1	2114225	2141514
OG_0007474	NC_062243.1	2231623	2272408
OG_0012450	NC_062243.1	2325666	2351749
OG_0005565	NC_062243.1	2392697	2445469
OG_0001366	NC_062243.1	2489283	2522343
OG_0018588	NC_062243.1	2502417	2523099
OG_0001037	NC_062243.1	2503522	2526990
OG_0006998	NC_062243.1	2509278	2543533
OG_0005396	NC_062243.1	2554255	2606064
OG_0014454	NC_062243.1	2628146	2675790
OG_0002011	NC_062243.1	2675603	2700838
OG_0001357	NC_062243.1	2702243	2726201
OG_0002525	NC_062243.1	2771586	2848387
OG_0012398	NC_062243.1	2838014	2861646
OG_0016786	NC_062243.1	2866353	2894624
OG_0016788	NC_062243.1	2876184	2903855
OG_0001346	NC_062243.1	3317268	3458267
OG_0013065	NC_062243.1	3452755	3481046
OG_0007749	NC_062243.1	3505755	3642602
OG_0002645	NC_062243.1	3703614	3724387
OG_0014079	NC_062243.1	3740279	3832143
OG_0015886	NC_062243.1	3940301	3963619
OG_0005333	NC_062243.1	3944528	3979834
OG_0009897	NC_062243.1	4068626	4089123
OG_0002329	NC_062243.1	4208057	4255622
OG_0002765	NC_062243.1	4366187	4390646
OG_0018855	NC_062243.1	4596496	4617970
OG_0014577	NC_062243.1	4599993	4637336
OG_0008326	NC_062243.1	4623572	4644573
OG_0014227	NC_062243.1	4701011	4722754
OG_0000719	NC_062243.1	4705799	4730530
OG_0018575	NC_062243.1	4740191	4760824
OG_0000401	NC_062243.1	4749115	4777862
OG_0012400	NC_062243.1	4763674	4793930
OG_0013858	NC_062243.1	4777544	4801409
OG_0002250	NC_062243.1	4815140	4836429
OG_0019154	NC_062243.1	4834596	4854811
OG_0018432	NC_062243.1	5001868	5025234
OG_0014558	NC_062243.1	5094470	5136311
OG_0013393	NC_062243.1	5182620	5203471
OG_0015269	NC_062243.1	5201175	5226208
OG_0015463	NC_062243.1	5328349	5360169
OG_0013306	NC_062243.1	5361250	5382526
OG_0011401	NC_062243.1	5490688	5539415
OG_0013754	NC_062243.1	5568902	5590918
OG_0016406	NC_062243.1	5629079	5666054
OG_0012458	NC_062243.1	5717740	5739359
OG_0011742	NC_062243.1	5753680	5786227
OG_0006712	NC_062243.1	5778712	5799555
OG_0011497	NC_062243.1	5802649	5851844
OG_0001977	NC_062243.1	5834923	5856825
OG_0005928	NC_062243.1	5862229	5884819
OG_0015170	NC_062243.1	6259459	6300999
OG_0018816	NC_062243.1	6327551	6380990
OG_0016083	NC_062243.1	6365083	6388350
OG_0003222	NC_062243.1	6374995	6407472
OG_0005604	NC_062243.1	6390301	6425861
OG_0001762	NC_062243.1	6493955	6577422
OG_0015818	NC_062243.1	6601592	6632464
OG_0011998	NC_062243.1	6643072	6666947
OG_0006963	NC_062243.1	6792650	6813777
OG_0017409	NC_062243.1	6797007	6824208
OG_0007221	NC_062243.1	6808681	6853592
OG_0012080	NC_062243.1	6839715	6862667
OG_0000486	NC_062243.1	7074194	7095682
OG_0005985	NC_062243.1	7215580	7236088
OG_0015559	NC_062243.1	7222073	7251325
OG_0012902	NC_062243.1	7236105	7266934
OG_0017317	NC_062243.1	7255403	7277332
OG_0002105	NC_062243.1	7259648	7313031
OG_0001654	NC_062243.1	7383376	7404471
OG_0011444	NC_062243.1	7390713	7413613
OG_0015144	NC_062243.1	7574545	7693290
OG_0001908	NC_062243.1	7682689	7722911
OG_0001917	NC_062243.1	7712733	7733947
OG_0015289	NC_062243.1	7747942	7788896
OG_0002517	NC_062243.1	7775540	7798223
OG_0012358	NC_062243.1	7782333	7821122
OG_0012812	NC_062243.1	7882931	7904394
OG_0009331	NC_062243.1	7891956	7923353
OG_0018013	NC_062243.1	8002944	8023752
OG_0017996	NC_062243.1	8070542	8095237
OG_0005327	NC_062243.1	8079299	8103527
OG_0002404	NC_062243.1	8089080	8113403
OG_0011417	NC_062243.1	8107468	8130545
OG_0005709	NC_062243.1	8172352	8212374
OG_0012811	NC_062243.1	8197799	8218686
OG_0015098	NC_062243.1	8200320	8227882
OG_0006292	NC_062243.1	8210664	8241927
OG_0016373	NC_062243.1	8223572	8247248
OG_0011372	NC_062243.1	8261901	8288714
OG_0014099	NC_062243.1	8360186	8381760
OG_0016992	NC_062243.1	8387798	8416410
OG_0015117	NC_062243.1	8572968	8598005
OG_0017472	NC_062243.1	8619480	8641115
OG_0000861	NC_062243.1	8665516	8687133
OG_0013227	NC_062243.1	8728826	8766816
OG_0007070	NC_062243.1	8926349	8952629
OG_0006863	NC_062243.1	8937315	8959034
OG_0013655	NC_062243.1	9020523	9059796
OG_0000731	NC_062243.1	9072886	9104928
OG_0001158	NC_062243.1	9109459	9138779
OG_0002736	NC_062243.1	9135906	9161244
OG_0006356	NC_062243.1	9149054	9174392
OG_0016920	NC_062243.1	9347195	9368325
OG_0006615	NC_062243.1	9377315	9410751
OG_0016797	NC_062243.1	9423202	9450465
OG_0013242	NC_062243.1	9445888	9468022
OG_0002074	NC_062243.1	9453425	9479257
OG_0015357	NC_062243.1	9460723	9482207
OG_0005519	NC_062243.1	9494001	9518847
OG_0009610	NC_062243.1	9507593	9534386
OG_0005424	NC_062243.1	9520550	9542195
OG_0007049	NC_062243.1	9567957	9656462
OG_0003188	NC_062243.1	9663063	9700871
OG_0005754	NC_062243.1	9690898	9713091
OG_0006904	NC_062243.1	9696948	9718954
OG_0018776	NC_062243.1	9886522	9907007
OG_0001303	NC_062243.1	9890984	9922914
OG_0005574	NC_062243.1	9921142	9947322
OG_0000434	NC_062243.1	9930274	9953221
OG_0006759	NC_062243.1	9963362	10007377
OG_0013493	NC_062243.1	9993831	10014809
OG_0015570	NC_062243.1	10129831	10152555
OG_0009533	NC_062243.1	10133673	10157282
OG_0015139	NC_062243.1	10138826	10160004
OG_0013772	NC_062243.1	10153446	10175672
OG_0000947	NC_062243.1	10183905	10205604
OG_0018847	NC_062243.1	10191880	10218549
OG_0001884	NC_062243.1	10205459	10226436
OG_0009546	NC_062243.1	10217844	10239935
OG_0009403	NC_062243.1	10239436	10296994
OG_0016881	NC_062243.1	10339185	10370138
OG_0013731	NC_062243.1	10358824	10391127
OG_0018814	NC_062243.1	10410373	10446957
OG_0016149	NC_062243.1	10441218	10470293
OG_0000278	NC_062243.1	10500996	10522984
OG_0002202	NC_062243.1	10536686	10568724
OG_0002055	NC_062243.1	10691724	10730293
OG_0003507	NC_062243.1	10712290	10735955
OG_0006020	NC_062243.1	10789690	10809905
OG_0008503	NC_062243.1	10789907	10810125
OG_0015481	NC_062243.1	10806498	10828428
OG_0000685	NC_062243.1	10808756	10829912
OG_0000022	NC_062243.1	10813469	10840889
OG_0012677	NC_062243.1	10826492	10848869
OG_0015799	NC_062243.1	10836554	10858099
OG_0006535	NC_062243.1	10842127	10863945
OG_0001288	NC_062243.1	10872967	10944099
OG_0017767	NC_062243.1	10925664	10954209
OG_0015968	NC_062243.1	10939706	10980048
OG_0018141	NC_062243.1	10971564	10992738
OG_0008046	NC_062243.1	11076037	11107023
OG_0001958	NC_062243.1	11089845	11151972
OG_0015552	NC_062243.1	11147470	11174382
OG_0007510	NC_062243.1	11176633	11244011
OG_0001458	NC_062243.1	11257731	11281168
OG_0005837	NC_062243.1	11356518	11379477
OG_0012926	NC_062243.1	11361421	11382693
OG_0015967	NC_062243.1	11364315	11386215
OG_0001112	NC_062243.1	11476641	11505798
OG_0007025	NC_062243.1	11506191	11558362
OG_0001120	NC_062243.1	11585330	11606564
OG_0002131	NC_062243.1	11761828	11792877
OG_0015042	NC_062243.1	11776770	11825965
OG_0013638	NC_062243.1	11810975	11837737
OG_0013637	NC_062243.1	11818300	11840790
OG_0005313	NC_062243.1	11831170	11909547
OG_0002052	NC_062243.1	11892908	11914134
OG_0013691	NC_062243.1	12480387	12516252
OG_0007800	NC_062243.1	12498957	12524524
OG_0007364	NC_062243.1	12528703	12551611
OG_0017496	NC_062243.1	12534134	12555105
OG_0006814	NC_062243.1	12537291	12577425
OG_0012719	NC_062243.1	12766601	12790345
OG_0005814	NC_062243.1	12798638	12820122
OG_0009350	NC_062243.1	12902837	12941708
OG_0008124	NC_062243.1	13121707	13143823
OG_0000245	NC_062243.1	13138994	13165460
OG_0015100	NC_062243.1	13172034	13198522
OG_0017665	NC_062244.1	139843	164822
OG_0005283	NC_062244.1	157005	178987
OG_0012670	NC_062244.1	184214	205781
OG_0002717	NC_062244.1	210206	234986
OG_0014269	NC_062244.1	368734	389360
OG_0002586	NC_062244.1	372393	394510
OG_0011731	NC_062244.1	426264	454817
OG_0001133	NC_062244.1	448241	480072
OG_0001070	NC_062244.1	476982	500290
OG_0014470	NC_062244.1	500666	546899
OG_0011809	NC_062244.1	604301	625914
OG_0018542	NC_062244.1	788513	811389
OG_0017218	NC_062244.1	906242	927385
OG_0012492	NC_062244.1	969058	990674
OG_0007986	NC_062244.1	978920	1009418
OG_0002647	NC_062244.1	1605462	1626214
OG_0001649	NC_062244.1	1608649	1629395
OG_0002658	NC_062244.1	1630269	1651042
OG_0007042	NC_062244.1	1641413	1789884
OG_0000412	NC_062244.1	1772898	1794856
OG_0014379	NC_062244.1	1789450	1811993
OG_0008056	NC_062244.1	1795371	1826229
OG_0014087	NC_062244.1	1808529	1926301
OG_0000407	NC_062244.1	1909313	1942463
OG_0018577	NC_062244.1	1956540	1977235
OG_0005616	NC_062244.1	1963499	1999142
OG_0015578	NC_062244.1	1985089	2052978
OG_0014094	NC_062244.1	2148858	2184378
OG_0016354	NC_062244.1	2167635	2188557
OG_0018484	NC_062244.1	2169330	2191005
OG_0006820	NC_062244.1	2185557	2208170
OG_0012844	NC_062244.1	2207613	2257265
OG_0007635	NC_062244.1	2469655	2505298
OG_0007633	NC_062244.1	2486345	2522994
OG_0007636	NC_062244.1	2506280	2538380
OG_0007818	NC_062244.1	2523120	2549558
OG_0002417	NC_062244.1	2657960	2678979
OG_0002367	NC_062244.1	2668078	2689112
OG_0015140	NC_062244.1	2726876	2757349
OG_0017788	NC_062244.1	2741528	2767865
OG_0000133	NC_062244.1	2755705	2807773
OG_0007185	NC_062244.1	2794304	2816069
OG_0001972	NC_062244.1	2808774	2829940
OG_0013192	NC_062244.1	2856163	2881217
OG_0006506	NC_062244.1	2869104	2890916
OG_0014308	NC_062244.1	2882246	2934013
OG_0015522	NC_062244.1	2916617	2942219
OG_0018480	NC_062244.1	2968887	2989470
OG_0018190	NC_062244.1	2994666	3015083
OG_0006524	NC_062244.1	3038691	3060356
OG_0011800	NC_062244.1	3046709	3069492
OG_0005654	NC_062244.1	3050205	3073662
OG_0017002	NC_062244.1	3059598	3080443
OG_0012035	NC_062244.1	3071609	3092938
OG_0000577	NC_062244.1	3091827	3116493
OG_0012634	NC_062244.1	3103100	3129076
OG_0001689	NC_062244.1	3138836	3160202
OG_0009553	NC_062244.1	3151191	3176532
OG_0017061	NC_062244.1	3160035	3181213
OG_0012017	NC_062244.1	3307940	3364744
OG_0000334	NC_062244.1	3390644	3422870
OG_0018174	NC_062244.1	3406569	3427704
OG_0006452	NC_062244.1	3428255	3449269
OG_0017045	NC_062244.1	3451936	3472936
OG_0015833	NC_062244.1	3471373	3492053
OG_0011899	NC_062244.1	3474601	3517417
OG_0001142	NC_062244.1	3538006	3560643
OG_0017164	NC_062244.1	3676596	3698228
OG_0017666	NC_062244.1	3683513	3725312
OG_0001541	NC_062244.1	3785725	3822189
OG_0012840	NC_062244.1	3816743	3850000
OG_0007208	NC_062244.1	3833128	3855179
OG_0014489	NC_062244.1	3843441	3910062
OG_0014422	NC_062244.1	3916641	3938120
OG_0015795	NC_062244.1	3958985	3984743
OG_0002719	NC_062244.1	3966863	3994025
OG_0012748	NC_062244.1	4037663	4059723
OG_0001359	NC_062244.1	4043582	4068653
OG_0013016	NC_062244.1	4055221	4122633
OG_0017023	NC_062244.1	4108545	4147821
OG_0016727	NC_062244.1	4153209	4182297
OG_0009505	NC_062244.1	4166542	4188328
OG_0011896	NC_062244.1	4181340	4202308
OG_0007893	NC_062244.1	4199500	4220721
OG_0012349	NC_062244.1	4231905	4253181
OG_0018007	NC_062244.1	4235782	4256669
OG_0017098	NC_062244.1	4485815	4507175
OG_0012627	NC_062244.1	4542716	4577712
OG_0017251	NC_062244.1	4628470	4652614
OG_0007164	NC_062244.1	4665113	4694432
OG_0008362	NC_062244.1	4850550	4882201
OG_0012160	NC_062244.1	4871592	4892827
OG_0011812	NC_062244.1	4877364	4900286
OG_0018906	NC_062244.1	4907500	4929860
OG_0017531	NC_062244.1	4920114	4942054
OG_0018426	NC_062244.1	4927841	4949511
OG_0015841	NC_062244.1	4945296	4968130
OG_0018863	NC_062244.1	4966555	4988697
OG_0002159	NC_062244.1	5281154	5302831
OG_0000789	NC_062244.1	5285038	5316343
OG_0018438	NC_062244.1	5317751	5338281
OG_0012168	NC_062244.1	5319006	5340208
OG_0009464	NC_062244.1	5350810	5371900
OG_0005249	NC_062244.1	5361137	5420015
OG_0006877	NC_062244.1	5403912	5425434
OG_0016895	NC_062244.1	5423878	5486389
OG_0003219	NC_062244.1	5497775	5530373
OG_0015128	NC_062244.1	5666742	5689122
OG_0012887	NC_062244.1	5678695	5712446
OG_0001987	NC_062244.1	5694742	5716640
OG_0015845	NC_062244.1	5712883	5735262
OG_0018694	NC_062244.1	5774243	5912691
OG_0016732	NC_062244.1	5901391	5922477
OG_0002316	NC_062244.1	5902924	6002266
OG_0009346	NC_062244.1	5991771	6017571
OG_0015897	NC_062244.1	6003067	6044708
OG_0002611	NC_062244.1	6029481	6050839
OG_0016723	NC_062244.1	6035696	6056541
OG_0017147	NC_062244.1	6038702	6059640
OG_0017492	NC_062244.1	6041832	6062470
OG_0017493	NC_062244.1	6042715	6063590
OG_0013209	NC_062244.1	6047916	6082145
OG_0009631	NC_062244.1	6079199	6107978
OG_0016466	NC_062244.1	6094789	6116477
OG_0014715	NC_062244.1	6266730	6288187
OG_0012399	NC_062244.1	6832437	6853802
OG_0008083	NC_062244.1	6838602	6859426
OG_0011227	NC_062244.1	6871627	6897645
OG_0011717	NC_062244.1	6910216	6936678
OG_0007819	NC_062244.1	6930056	6953622
OG_0009111	NC_062244.1	6954236	6975605
OG_0013575	NC_062244.1	7045814	7074942
OG_0015861	NC_062244.1	7062887	7118580
OG_0011418	NC_062244.1	7235049	7263893
OG_0007133	NC_062244.1	7253807	7280022
OG_0014011	NC_062244.1	7260764	7283931
OG_0002081	NC_062244.1	7301753	7324625
OG_0012209	NC_062244.1	7306533	7350148
OG_0008098	NC_062244.1	7346562	7367293
OG_0015616	NC_062244.1	7355719	7406164
OG_0012668	NC_062244.1	7392207	7418043
OG_0015264	NC_062244.1	7516814	7727521
OG_0014476	NC_062244.1	7901069	7931760
OG_0007507	NC_062244.1	7955933	8046468
OG_0007444	NC_062244.1	8027358	8063753
OG_0002068	NC_062244.1	8081701	8111937
OG_0003325	NC_062244.1	8092676	8115462
OG_0006844	NC_062244.1	8097551	8120755
OG_0014430	NC_062244.1	8110396	8230868
OG_0016462	NC_062244.1	8238256	8265612
OG_0001372	NC_062244.1	8258342	8292484
OG_0013614	NC_062244.1	8278179	8301379
OG_0011226	NC_062244.1	8307198	8330086
OG_0002270	NC_062244.1	8326793	8348345
OG_0001188	NC_062244.1	8334284	8354964
OG_0003869	NC_062244.1	8344199	8381975
OG_0003224	NC_062244.1	8421798	8443468
OG_0001877	NC_062244.1	8430340	8453645
OG_0002285	NC_062244.1	8593544	8617913
OG_0008245	NC_062244.1	8598418	8623755
OG_0016734	NC_062244.1	8642172	8663519
OG_0009447	NC_062244.1	8710628	8738303
OG_0018945	NC_062244.1	8731416	8752352
OG_0002280	NC_062244.1	8735813	8759208
OG_0008188	NC_062244.1	8741416	8767349
OG_0014575	NC_062244.1	8779134	8812511
OG_0016815	NC_062244.1	8809181	8830739
OG_0017956	NC_062244.1	8815953	8838259
OG_0008154	NC_062244.1	8834845	8864483
OG_0016253	NC_062244.1	8853836	8886279
OG_0007497	NC_062244.1	8925059	8961022
OG_0007036	NC_062244.1	8944204	8976696
OG_0002027	NC_062244.1	8964161	8997515
OG_0012686	NC_062244.1	8987281	9008121
OG_0011821	NC_062244.1	9013089	9060293
OG_0015336	NC_062244.1	9057071	9079096
OG_0014038	NC_062244.1	9118184	9155414
OG_0005854	NC_062244.1	9141914	9162486
OG_0008037	NC_062244.1	9178230	9203259
OG_0006437	NC_062244.1	9302755	9328260
OG_0008787	NC_062244.1	9308963	9340405
OG_0009117	NC_062244.1	9327267	9350501
OG_0017721	NC_062244.1	9504351	9540792
OG_0001415	NC_062244.1	9528651	9562488
OG_0015678	NC_062244.1	9736428	9765262
OG_0016578	NC_062244.1	9801747	9830353
OG_0018998	NC_062244.1	9820884	9841219
OG_0006428	NC_062244.1	9853577	9876145
OG_0002480	NC_062244.1	9889014	9910402
OG_0016871	NC_062244.1	9893889	9922672
OG_0007689	NC_062244.1	9916941	9945345
OG_0016973	NC_062244.1	9992391	10013527
OG_0005384	NC_062244.1	9997022	10019341
OG_0005383	NC_062244.1	10001704	10025209
OG_0016971	NC_062244.1	10040015	10065951
OG_0001595	NC_062244.1	10066622	10091515
OG_0012169	NC_062244.1	10092621	10114033
OG_0001902	NC_062244.1	10098743	10129772
OG_0001570	NC_062244.1	10123802	10145957
OG_0015872	NC_062244.1	10130133	10167680
OG_0008403	NC_062244.1	10219707	10269019
OG_0005623	NC_062244.1	10446396	10479032
OG_0012241	NC_062244.1	10543062	10621606
OG_0009596	NC_062244.1	10964061	10985534
OG_0001875	NC_062244.1	10968610	10992838
OG_0002215	NC_062244.1	10979240	11011778
OG_0007528	NC_062244.1	11077741	11131936
OG_0018672	NC_062244.1	11263363	11286258
OG_0005620	NC_062244.1	11358846	11478272
OG_0001491	NC_062244.1	11462250	11497709
OG_0011748	NC_062244.1	11539350	11590217
OG_0012564	NC_062244.1	11570985	11592501
OG_0006988	NC_062244.1	11576491	11664258
OG_0014310	NC_062244.1	11651921	11678528
OG_0014311	NC_062244.1	11673255	11700278
OG_0011483	NC_062244.1	11697291	11718809
OG_0015949	NC_062244.1	11842479	11886322
OG_0002142	NC_062244.1	11873522	11894624
OG_0016089	NC_062244.1	12376373	12403491
OG_0011636	NC_062244.1	12476437	12498991
OG_0005297	NC_062244.1	12487216	12508079
OG_0015980	NC_062244.1	12488609	12518479
OG_0009583	NC_062244.1	12500575	12521214
OG_0009582	NC_062244.1	12501473	12524389
OG_0003322	NC_062244.1	12523920	12547644
OG_0015634	NC_062244.1	12541966	12563616
OG_0007458	NC_062244.1	12552722	12575511
OG_0014465	NC_062244.1	12562201	12600740
OG_0014481	NC_062244.1	12636264	12656920
OG_0013172	NC_062244.1	12637838	12661268
OG_0000443	NC_062244.1	12656671	12680165
OG_0009355	NC_062244.1	12713507	12736089
OG_0007176	NC_062244.1	12789168	12812312
OG_0018072	NC_062244.1	12793270	12814207
OG_0017289	NC_062244.1	12799322	12821196
OG_0000521	NC_062244.1	12846197	12873966
OG_0015638	NC_062244.1	12862953	12888597
OG_0017751	NC_062244.1	12874793	12932397
OG_0015375	NC_062244.1	12923168	12962701
OG_0011411	NC_062244.1	12971794	12995365
OG_0014404	NC_062244.1	12983063	13007059
OG_0011371	NC_062244.1	13006906	13033628
OG_0017448	NC_062244.1	172601	194116
OG_0015053	NC_062244.1	176989	199893
OG_0005344	NC_062244.1	188029	210905
OG_0016793	NC_062244.1	214807	236092
OG_0000237	NC_062244.1	217484	240154
OG_0005636	NC_062244.1	227732	300658
OG_0001591	NC_062244.1	331555	355391
OG_0006436	NC_062244.1	369790	391487
OG_0011501	NC_062244.1	377121	440608
OG_0018403	NC_062244.1	480509	501525
OG_0015875	NC_062244.1	490240	517957
OG_0012479	NC_062244.1	856432	881405
OG_0012328	NC_062244.1	882601	915510
OG_0002660	NC_062244.1	909202	929945
OG_0005349	NC_062244.1	926102	955637
OG_0012894	NC_062244.1	972747	997669
OG_0007220	NC_062244.1	994706	1017662
OG_0018798	NC_062244.1	1002021	1139963
OG_0002649	NC_062244.1	1626538	1647290
OG_0012195	NC_062244.1	1717258	1738097
OG_0007789	NC_062244.1	1772049	1803503
OG_0012747	NC_062244.1	1787225	1808530
OG_0014103	NC_062244.1	1944127	1968476
OG_0001806	NC_062244.1	1957860	1981855
OG_0011971	NC_062244.1	2040745	2065830
OG_0014356	NC_062244.1	2075057	2097088
OG_0013260	NC_062244.1	2165458	2187259
OG_0002063	NC_062244.1	2176212	2205089
OG_0001134	NC_062244.1	2188699	2221432
OG_0013058	NC_062244.1	2242430	2271881
OG_0016153	NC_062244.1	2618925	2656069
OG_0000807	NC_062244.1	2646220	2685906
OG_0018930	NC_062244.1	2670909	2691589
OG_0015536	NC_062244.1	2789944	2811010
OG_0002089	NC_062244.1	2811808	2874804
OG_0006736	NC_062244.1	2864918	2888166
OG_0017014	NC_062244.1	2923421	2947042
OG_0017170	NC_062244.1	2930801	2959510
OG_0001023	NC_062244.1	2948227	2971621
OG_0013506	NC_062244.1	2967443	2988196
OG_0014405	NC_062244.1	2972316	3011378
OG_0009498	NC_062244.1	2996086	3019365
OG_0007588	NC_062244.1	3041921	3065197
OG_0011322	NC_062244.1	3064481	3094254
OG_0011789	NC_062244.1	3075096	3096389
OG_0011787	NC_062244.1	3077221	3099349
OG_0011788	NC_062244.1	3079703	3103562
OG_0011626	NC_062244.1	3111018	3136978
OG_0015078	NC_062244.1	3144929	3170675
OG_0007003	NC_062244.1	3158235	3178981
OG_0002721	NC_062244.1	3169255	3192717
OG_0002724	NC_062244.1	3173577	3199129
OG_0002723	NC_062244.1	3182365	3205593
OG_0002725	NC_062244.1	3191669	3213540
OG_0002731	NC_062244.1	3219261	3242380
OG_0002730	NC_062244.1	3251687	3273914
OG_0002728	NC_062244.1	3282714	3305290
OG_0002747	NC_062244.1	3299252	3321477
OG_0002727	NC_062244.1	3302078	3324835
OG_0002729	NC_062244.1	3305432	3328836
OG_0012289	NC_062244.1	3346541	3373579
OG_0001383	NC_062244.1	3354966	3384609
OG_0019116	NC_062244.1	3383812	3406111
OG_0011299	NC_062244.1	3408576	3447149
OG_0008391	NC_062244.1	3431236	3468961
OG_0000304	NC_062244.1	3609315	3674859
OG_0013104	NC_062244.1	3668279	3693648
OG_0011314	NC_062244.1	3678802	3702711
OG_0015125	NC_062244.1	3753975	3783285
OG_0006330	NC_062244.1	3807260	3832901
OG_0005890	NC_062244.1	3835502	3862274
OG_0005271	NC_062244.1	3919815	3943408
OG_0001301	NC_062244.1	3991999	4033518
OG_0001361	NC_062244.1	4031883	4054229
OG_0017072	NC_062244.1	4051217	4074455
OG_0018717	NC_062244.1	4059337	4084000
OG_0018406	NC_062244.1	4070549	4097009
OG_0017862	NC_062244.1	4104083	4125048
OG_0004969	NC_062244.1	4130782	4171020
OG_0006334	NC_062244.1	4169063	4200183
OG_0012898	NC_062244.1	4182998	4215386
OG_0013283	NC_062244.1	4200771	4221364
OG_0016755	NC_062244.1	4211826	4234048
OG_0018922	NC_062244.1	4221387	4242545
OG_0008096	NC_062244.1	4233821	4254621
OG_0009415	NC_062244.1	4237439	4262512
OG_0006704	NC_062244.1	4244059	4269210
OG_0017037	NC_062244.1	4266061	4363021
OG_0008006	NC_062244.1	4351729	4519064
OG_0002464	NC_062244.1	4591453	4618099
OG_0015582	NC_062244.1	4804535	4830553
OG_0017675	NC_062244.1	4811918	4839914
OG_0017676	NC_062244.1	4833559	4862554
OG_0014114	NC_062244.1	4874767	4895697
OG_0013827	NC_062244.1	4882187	4913753
OG_0013125	NC_062244.1	4911959	4933740
OG_0015094	NC_062244.1	4914212	4935250
OG_0013700	NC_062244.1	4917799	4938968
OG_0018632	NC_062244.1	4924750	4946337
OG_0012515	NC_062244.1	4934176	4961076
OG_0000884	NC_062244.1	4948841	4981567
OG_0017931	NC_062244.1	5278955	5300215
OG_0001766	NC_062244.1	5322670	5369616
OG_0015129	NC_062244.1	5663853	5685148
OG_0012174	NC_062244.1	5700603	5730821
OG_0011801	NC_062244.1	5722949	5754154
OG_0011723	NC_062244.1	5985550	6011051
OG_0007210	NC_062244.1	5999345	6021410
OG_0005466	NC_062244.1	6031780	6052691
OG_0001945	NC_062244.1	6066385	6098127
OG_0018961	NC_062244.1	6093405	6114137
OG_0007559	NC_062244.1	6098145	6120499
OG_0005592	NC_062244.1	6251148	6284994
OG_0005329	NC_062244.1	6406020	6434349
OG_0017420	NC_062244.1	6451211	6521617
OG_0000706	NC_062244.1	6535445	6558627
OG_0007745	NC_062244.1	6549578	6573030
OG_0009661	NC_062244.1	6597544	6669904
OG_0017464	NC_062244.1	6656306	6732094
OG_0011709	NC_062244.1	6744890	6778540
OG_0002628	NC_062244.1	6829279	6851618
OG_0018096	NC_062244.1	6834894	6855274
OG_0012787	NC_062244.1	6841656	6874262
OG_0011920	NC_062244.1	6889768	6922872
OG_0013299	NC_062244.1	6922753	6949616
OG_0012865	NC_062244.1	6934586	6965825
OG_0005918	NC_062244.1	6948420	6973614
OG_0013380	NC_062244.1	6959287	7002235
OG_0013930	NC_062244.1	7154049	7212576
OG_0000018	NC_062244.1	7244179	7272028
OG_0013859	NC_062244.1	7267323	7311849
OG_0017216	NC_062244.1	7296075	7318626
OG_0016412	NC_062244.1	7332965	7363923
OG_0016982	NC_062244.1	7390325	7411254
OG_0001284	NC_062244.1	7825274	7849667
OG_0007673	NC_062244.1	7873210	7897033
OG_0007830	NC_062244.1	7886880	7919587
OG_0017934	NC_062244.1	8047094	8075415
OG_0018554	NC_062244.1	8161013	8181935
OG_0001532	NC_062244.1	8246135	8267774
OG_0001531	NC_062244.1	8249902	8271719
OG_0011228	NC_062244.1	8284766	8307813
OG_0012386	NC_062244.1	8290130	8331176
OG_0011811	NC_062244.1	8338087	8362148
OG_0009568	NC_062244.1	8363064	8386261
OG_0014346	NC_062244.1	8451347	8529102
OG_0011840	NC_062244.1	8632933	8660304
OG_0001247	NC_062244.1	8644526	8730000
OG_0012625	NC_062244.1	8718577	8749684
OG_0013304	NC_062244.1	8733091	8754670
OG_0001178	NC_062244.1	8739764	8760544
OG_0007931	NC_062244.1	8748469	8770423
OG_0005328	NC_062244.1	8752082	8784018
OG_0002468	NC_062244.1	8803404	8824381
OG_0016103	NC_062244.1	8813191	8835133
OG_0015022	NC_062244.1	8867002	8895656
OG_0012498	NC_062244.1	8893943	8938662
OG_0009804	NC_062244.1	8960124	8982265
OG_0018761	NC_062244.1	8980690	9005639
OG_0018586	NC_062244.1	8988701	9009437
OG_0011221	NC_062244.1	8993812	9032521
OG_0011804	NC_062244.1	9136483	9159727
OG_0001264	NC_062244.1	9145564	9518959
OG_0015415	NC_062244.1	9506911	9528184
OG_0012558	NC_062244.1	9602295	9635853
OG_0016712	NC_062244.1	9623150	9649606
OG_0012888	NC_062244.1	9644550	9670883
OG_0000185	NC_062244.1	9653211	9675218
OG_0013007	NC_062244.1	9659798	9687367
OG_0008263	NC_062244.1	9732205	9753737
OG_0001979	NC_062244.1	9749404	9770420
OG_0011958	NC_062244.1	9757560	9779191
OG_0014048	NC_062244.1	9771354	9817655
OG_0013711	NC_062244.1	9811269	9838481
OG_0018247	NC_062244.1	9821960	9843189
OG_0000751	NC_062244.1	9860484	9908274
OG_0007391	NC_062244.1	9953350	9974330
OG_0006837	NC_062244.1	9987242	10009532
OG_0017000	NC_062244.1	9993719	10014903
OG_0014471	NC_062244.1	10013491	10038668
OG_0007032	NC_062244.1	10036861	10059524
OG_0012321	NC_062244.1	10046307	10073169
OG_0016581	NC_062244.1	10076131	10142501
OG_0017103	NC_062244.1	10126401	10147627
OG_0005041	NC_062244.1	10442195	10465610
OG_0007227	NC_062244.1	10637348	10670683
OG_0011325	NC_062244.1	10675573	10703390
OG_0011326	NC_062244.1	10736034	10765567
OG_0013572	NC_062244.1	10919567	10942012
OG_0012675	NC_062244.1	10943644	10965837
OG_0018993	NC_062244.1	10998957	11060219
OG_0013325	NC_062244.1	11041781	11062894
OG_0006295	NC_062244.1	11152416	11192260
OG_0006296	NC_062244.1	11233532	11277414
OG_0011960	NC_062244.1	11682996	11716682
OG_0014047	NC_062244.1	11702143	11736667
OG_0001031	NC_062244.1	11752509	11812741
OG_0012618	NC_062244.1	11901163	11982849
OG_0016544	NC_062244.1	12154727	12177313
OG_0001733	NC_062244.1	12390276	12486962
OG_0016186	NC_062244.1	12471558	12494110
OG_0005480	NC_062244.1	12505822	12542325
OG_0005387	NC_062244.1	12533900	12555090
OG_0017552	NC_062244.1	12545655	12571722
OG_0008104	NC_062244.1	12557504	12579063
OG_0015782	NC_062244.1	12590397	12639392
OG_0012743	NC_062244.1	12633474	12655612
OG_0016926	NC_062244.1	12644933	12673570
OG_0013516	NC_062244.1	12661174	12682638
OG_0016434	NC_062244.1	12670255	12699876
OG_0016622	NC_062244.1	12724742	12772376
OG_0007761	NC_062244.1	12774767	12796090
OG_0013630	NC_062244.1	12804420	12827566
OG_0016407	NC_062244.1	12839926	12865263
OG_0018022	NC_062244.1	12914999	12936673
OG_0015700	NC_062244.1	12976575	13000541
OG_0016433	NC_062244.1	12987203	13008882
OG_0016468	NC_062244.1	12992966	13014785
OG_0005451	NC_062244.1	13000285	13021619
OG_0014403	NC_062244.1	13003333	13024554
OG_0016181	NC_062245.1	133627	154833
OG_0015786	NC_062245.1	159498	193977
OG_0012842	NC_062245.1	182901	211324
OG_0000798	NC_062245.1	215453	241605
OG_0012065	NC_062245.1	224304	245825
OG_0006474	NC_062245.1	226488	248336
OG_0002075	NC_062245.1	234661	257682
OG_0013948	NC_062245.1	239214	287304
OG_0014097	NC_062245.1	275494	299632
OG_0008334	NC_062245.1	299323	333014
OG_0001306	NC_062245.1	315642	349090
OG_0006312	NC_062245.1	341482	364591
OG_0018087	NC_062245.1	353816	374657
OG_0009468	NC_062245.1	355286	412618
OG_0009467	NC_062245.1	396129	423850
OG_0002668	NC_062245.1	503969	527193
OG_0011375	NC_062245.1	531464	565211
OG_0012093	NC_062245.1	548211	595366
OG_0015474	NC_062245.1	580976	601554
OG_0005855	NC_062245.1	600464	625434
OG_0006541	NC_062245.1	612973	641069
OG_0015369	NC_062245.1	630727	652911
OG_0005566	NC_062245.1	638228	665647
OG_0018951	NC_062245.1	966100	989094
OG_0015499	NC_062245.1	985139	1008265
OG_0011455	NC_062245.1	993126	1015123
OG_0000923	NC_062245.1	1028890	1051013
OG_0011732	NC_062245.1	1071075	1094652
OG_0014452	NC_062245.1	1106136	1131403
OG_0001055	NC_062245.1	1113390	1144647
OG_0008236	NC_062245.1	1186864	1216777
OG_0017933	NC_062245.1	1208232	1229230
OG_0001707	NC_062245.1	1210591	1231923
OG_0001402	NC_062245.1	1245712	1342545
OG_0006783	NC_062245.1	1622871	1648833
OG_0015024	NC_062245.1	1879366	1934285
OG_0015482	NC_062245.1	2034186	2058241
OG_0001141	NC_062245.1	2048885	2074815
OG_0014127	NC_062245.1	2104361	2146270
OG_0014129	NC_062245.1	2132532	2209188
OG_0017554	NC_062245.1	2255319	2279141
OG_0009438	NC_062245.1	2279636	2310063
OG_0005783	NC_062245.1	2294617	2328090
OG_0015337	NC_062245.1	2425527	2447062
OG_0002066	NC_062245.1	2433602	2454814
OG_0002547	NC_062245.1	2483094	2517579
OG_0014291	NC_062245.1	2512859	2542591
OG_0005334	NC_062245.1	2533322	2555163
OG_0013985	NC_062245.1	2542953	2565081
OG_0001140	NC_062245.1	2605403	2627043
OG_0017027	NC_062245.1	2877544	2954463
OG_0017378	NC_062245.1	3051304	3072435
OG_0007546	NC_062245.1	3091369	3113318
OG_0005625	NC_062245.1	3094272	3119196
OG_0014562	NC_062245.1	3108177	3130832
OG_0013617	NC_062245.1	3114009	3136062
OG_0018640	NC_062245.1	3119702	3140564
OG_0016929	NC_062245.1	3149181	3172091
OG_0016928	NC_062245.1	3153674	3180250
OG_0016965	NC_062245.1	3172081	3197208
OG_0013692	NC_062245.1	3181857	3214075
OG_0005257	NC_062245.1	3205228	3228643
OG_0013646	NC_062245.1	3215791	3247477
OG_0013181	NC_062245.1	3314701	3502970
OG_0006902	NC_062245.1	3505998	3536294
OG_0002451	NC_062245.1	3523910	3559609
OG_0001593	NC_062245.1	3550635	3572563
OG_0000752	NC_062245.1	3554182	3586009
OG_0015158	NC_062245.1	3594780	3625932
OG_0008221	NC_062245.1	3608678	3633388
OG_0006743	NC_062245.1	3759985	3792095
OG_0002413	NC_062245.1	3851263	3872478
OG_0006675	NC_062245.1	3924791	3963344
OG_0015399	NC_062245.1	3998814	4079752
OG_0015222	NC_062245.1	4153848	4175104
OG_0007848	NC_062245.1	4186581	4222690
OG_0016182	NC_062245.1	4208845	4230040
OG_0013265	NC_062245.1	4235469	4259474
OG_0007889	NC_062245.1	4450715	4478103
OG_0015775	NC_062245.1	4479617	4510366
OG_0016392	NC_062245.1	4525577	4549976
OG_0005324	NC_062245.1	4547465	4568253
OG_0006957	NC_062245.1	4570128	4591519
OG_0017390	NC_062245.1	4632597	4655352
OG_0006722	NC_062245.1	4646359	4675486
OG_0007778	NC_062245.1	4663516	4688278
OG_0013521	NC_062245.1	4673254	4697170
OG_0005917	NC_062245.1	4691480	4713680
OG_0005916	NC_062245.1	4696888	4718203
OG_0007542	NC_062245.1	4719543	4752803
OG_0018454	NC_062245.1	4741633	4762541
OG_0016163	NC_062245.1	4769502	4818197
OG_0005900	NC_062245.1	4804587	4835196
OG_0003318	NC_062245.1	4818557	4845956
OG_0012434	NC_062245.1	4853845	4875671
OG_0008370	NC_062245.1	4917676	4942295
OG_0005662	NC_062245.1	5017378	5045730
OG_0001854	NC_062245.1	5073805	5108818
OG_0011182	NC_062245.1	5101130	5140919
OG_0005678	NC_062245.1	5635504	5659803
OG_0013597	NC_062245.1	5956127	5977597
OG_0016275	NC_062245.1	5958825	5983567
OG_0014542	NC_062245.1	6276430	6298051
OG_0005672	NC_062245.1	6284960	6330701
OG_0016423	NC_062245.1	6333555	6412528
OG_0002103	NC_062245.1	6424524	6444919
OG_0013902	NC_062245.1	6440616	6469566
OG_0008126	NC_062245.1	6548214	6569765
OG_0018327	NC_062245.1	6725652	6746374
OG_0006302	NC_062245.1	6829996	6854010
OG_0015449	NC_062245.1	6845881	6879385
OG_0000366	NC_062245.1	6862549	6893564
OG_0009067	NC_062245.1	6915300	6936208
OG_0008393	NC_062245.1	6983155	7014505
OG_0014984	NC_062245.1	7007724	7035782
OG_0013061	NC_062245.1	7029635	7051062
OG_0013868	NC_062245.1	7155478	7189854
OG_0018119	NC_062245.1	7288041	7309824
OG_0007228	NC_062245.1	7380994	7407815
OG_0012745	NC_062245.1	7412000	7444268
OG_0015312	NC_062245.1	7434311	7458271
OG_0015954	NC_062245.1	7589171	7611790
OG_0014463	NC_062245.1	7702519	7734398
OG_0015456	NC_062245.1	7721016	7742455
OG_0012798	NC_062245.1	7731471	7762733
OG_0000261	NC_062245.1	7764146	7786536
OG_0013932	NC_062245.1	7770262	7800335
OG_0005714	NC_062245.1	7784023	7805304
OG_0011426	NC_062245.1	7941362	7962606
OG_0015342	NC_062245.1	8028913	8084207
OG_0002379	NC_062245.1	8076786	8098622
OG_0013809	NC_062245.1	8219726	8407451
OG_0007934	NC_062245.1	8565514	8586251
OG_0016384	NC_062245.1	8615077	8636284
OG_0012823	NC_062245.1	8750167	8796630
OG_0015711	NC_062245.1	8924969	8988505
OG_0006728	NC_062245.1	8972092	8993365
OG_0015418	NC_062245.1	9015896	9036971
OG_0015402	NC_062245.1	9211625	9246755
OG_0017243	NC_062245.1	9249263	9273590
OG_0008316	NC_062245.1	9264554	9321234
OG_0017222	NC_062245.1	9304584	9327512
OG_0005273	NC_062245.1	9313074	9397137
OG_0011584	NC_062245.1	9384197	9410845
OG_0016901	NC_062245.1	9394632	9418994
OG_0016900	NC_062245.1	9401137	9424710
OG_0001124	NC_062245.1	9417574	9438260
OG_0009704	NC_062245.1	9423729	9446055
OG_0009705	NC_062245.1	9427087	9448427
OG_0001098	NC_062245.1	9453721	9486280
OG_0007597	NC_062245.1	9636361	9657512
OG_0007596	NC_062245.1	9637730	9658950
OG_0001670	NC_062245.1	9640128	9661297
OG_0014705	NC_062245.1	9720125	9740683
OG_0016377	NC_062245.1	9721416	9743601
OG_0000739	NC_062245.1	9729421	9756539
OG_0011208	NC_062245.1	9737104	9759884
OG_0012044	NC_062245.1	9743121	9776003
OG_0018307	NC_062245.1	9795046	9816369
OG_0007437	NC_062245.1	9816547	9840143
OG_0013320	NC_062245.1	9837264	9858169
OG_0009364	NC_062245.1	9847348	9888631
OG_0013201	NC_062245.1	10046241	10075781
OG_0006078	NC_062245.1	10139322	10179359
OG_0002570	NC_062245.1	10317640	10370945
OG_0018189	NC_062245.1	10384712	10406011
OG_0001777	NC_062245.1	10394666	10417329
OG_0016531	NC_062245.1	10397937	10420713
OG_0016848	NC_062245.1	10405826	10426656
OG_0016075	NC_062245.1	10514299	10535870
OG_0000462	NC_062245.1	10518766	10540671
OG_0002338	NC_062245.1	10614098	10638256
OG_0018471	NC_062245.1	10623060	10643824
OG_0013480	NC_062245.1	10627610	10648158
OG_0014940	NC_062245.1	10723841	10753367
OG_0018041	NC_062245.1	10829721	10850955
OG_0012444	NC_062245.1	10831715	10852436
OG_0006630	NC_062245.1	10868252	10890304
OG_0018534	NC_062245.1	10873071	10894057
OG_0000333	NC_062245.1	10874781	10900565
OG_0005534	NC_062245.1	10904039	10928523
OG_0007903	NC_062245.1	10911062	10932587
OG_0015169	NC_062245.1	10987462	11034062
OG_0015009	NC_062245.1	11115455	11155371
OG_0007255	NC_062245.1	11142392	11166214
OG_0012413	NC_062245.1	11246373	11268431
OG_0003342	NC_062245.1	11319992	11343014
OG_0008788	NC_062245.1	11415601	11438768
OG_0017324	NC_062245.1	11493878	11514927
OG_0012075	NC_062245.1	11550651	11575063
OG_0013825	NC_062245.1	11575283	11598186
OG_0018830	NC_062245.1	11706993	11763233
OG_0006885	NC_062245.1	11758596	11779965
OG_0008244	NC_062245.1	11941521	11963398
OG_0000220	NC_062245.1	12059745	12088482
OG_0011474	NC_062245.1	12075654	12099442
OG_0007606	NC_062245.1	12095699	12144520
OG_0016506	NC_062245.1	12197892	12290876
OG_0000385	NC_062245.1	12275759	12369104
OG_0000875	NC_062245.1	12389582	12432084
OG_0018746	NC_062245.1	12431393	12452621
OG_0017332	NC_062245.1	12455834	12476894
OG_0014407	NC_062245.1	12507588	12540672
OG_0005681	NC_062245.1	12568530	12594135
OG_0001169	NC_062245.1	12630486	12651323
OG_0007862	NC_062245.1	12632847	12653222
OG_0018045	NC_062245.1	12673251	12693670
OG_0012019	NC_062245.1	12855272	12880418
OG_0006999	NC_062245.1	12881612	12903973
OG_0014959	NC_062245.1	34228	63454
OG_0011954	NC_062245.1	135494	157542
OG_0001809	NC_062245.1	194288	216184
OG_0009451	NC_062245.1	197198	219213
OG_0009450	NC_062245.1	200032	223025
OG_0007731	NC_062245.1	271836	294010
OG_0002220	NC_062245.1	288799	310214
OG_0013008	NC_062245.1	294002	318069
OG_0006979	NC_062245.1	313417	335114
OG_0016974	NC_062245.1	338606	359657
OG_0015194	NC_062245.1	405046	433386
OG_0017241	NC_062245.1	458371	509735
OG_0005882	NC_062245.1	510494	550266
OG_0018289	NC_062245.1	546910	567360
OG_0001156	NC_062245.1	578742	599566
OG_0013438	NC_062245.1	581648	619883
OG_0015172	NC_062245.1	609874	632095
OG_0001369	NC_062245.1	622198	650421
OG_0005568	NC_062245.1	647754	674273
OG_0013587	NC_062245.1	680679	942407
OG_0014257	NC_062245.1	990811	1012633
OG_0017870	NC_062245.1	1032314	1053043
OG_0017741	NC_062245.1	1034234	1090646
OG_0007641	NC_062245.1	1075909	1105192
OG_0017439	NC_062245.1	1099011	1121619
OG_0017533	NC_062245.1	1127664	1181326
OG_0007827	NC_062245.1	1198450	1227907
OG_0011484	NC_062245.1	1375741	1429004
OG_0007343	NC_062245.1	1427387	1450872
OG_0017701	NC_062245.1	1443482	1471353
OG_0014236	NC_062245.1	2027951	2053402
OG_0001183	NC_062245.1	2041012	2065134
OG_0002325	NC_062245.1	2084206	2107773
OG_0006684	NC_062245.1	2204225	2226863
OG_0013365	NC_062245.1	2211895	2233277
OG_0013362	NC_062245.1	2213539	2235572
OG_0012290	NC_062245.1	2218694	2255512
OG_0012959	NC_062245.1	2244451	2273682
OG_0013596	NC_062245.1	2263774	2299219
OG_0012768	NC_062245.1	2293260	2313877
OG_0002208	NC_062245.1	2416835	2452506
OG_0015282	NC_062245.1	2436902	2467352
OG_0014994	NC_062245.1	2503824	2527088
OG_0006881	NC_062245.1	2510365	2531117
OG_0017158	NC_062245.1	2535347	2556925
OG_0009288	NC_062245.1	2546379	2598000
OG_0012658	NC_062245.1	2598640	2622525
OG_0001179	NC_062245.1	2941440	2968548
OG_0001624	NC_062245.1	3040081	3062888
OG_0007816	NC_062245.1	3045822	3067022
OG_0009368	NC_062245.1	3052796	3109758
OG_0002454	NC_062245.1	3101035	3123354
OG_0012826	NC_062245.1	3104561	3127546
OG_0017417	NC_062245.1	3116190	3137661
OG_0017261	NC_062245.1	3118344	3139261
OG_0016931	NC_062245.1	3120956	3152036
OG_0016932	NC_062245.1	3132683	3157061
OG_0016933	NC_062245.1	3138408	3165254
OG_0014509	NC_062245.1	3160364	3181565
OG_0006843	NC_062245.1	3178379	3199903
OG_0016572	NC_062245.1	3209672	3233388
OG_0000893	NC_062245.1	3231892	3265080
OG_0015027	NC_062245.1	3486878	3523020
OG_0017497	NC_062245.1	3521510	3543205
OG_0001422	NC_062245.1	3545166	3569649
OG_0006867	NC_062245.1	3552657	3573711
OG_0015227	NC_062245.1	3585300	3627303
OG_0013541	NC_062245.1	3679411	3700866
OG_0001933	NC_062245.1	3683259	3715235
OG_0001932	NC_062245.1	3840985	3869664
OG_0007769	NC_062245.1	3852783	3876900
OG_0016092	NC_062245.1	3946605	3978254
OG_0014563	NC_062245.1	4005766	4027914
OG_0012593	NC_062245.1	4009289	4037321
OG_0008305	NC_062245.1	4020801	4046392
OG_0001974	NC_062245.1	4148618	4171116
OG_0012882	NC_062245.1	4162844	4204010
OG_0002591	NC_062245.1	4207435	4228496
OG_0012813	NC_062245.1	4210872	4238975
OG_0001068	NC_062245.1	4241222	4266279
OG_0012632	NC_062245.1	4259511	4298718
OG_0012350	NC_062245.1	4383955	4417951
OG_0001684	NC_062245.1	4496129	4530049
OG_0018266	NC_062245.1	4580831	4603396
OG_0018843	NC_062245.1	4583771	4605074
OG_0006527	NC_062245.1	4617061	4641865
OG_0005325	NC_062245.1	4637481	4658242
OG_0007860	NC_062245.1	4736447	4757657
OG_0007168	NC_062245.1	4826302	4852168
OG_0001650	NC_062245.1	4859919	4901385
OG_0013046	NC_062245.1	4883218	4917893
OG_0014071	NC_062245.1	4922763	4956521
OG_0001724	NC_062245.1	4958489	4986678
OG_0012930	NC_062245.1	5091159	5119545
OG_0013903	NC_062245.1	5206711	5232937
OG_0007442	NC_062245.1	5406612	5443371
OG_0016477	NC_062245.1	5449924	5521736
OG_0018279	NC_062245.1	5557487	5606948
OG_0017993	NC_062245.1	5645552	5676642
OG_0016560	NC_062245.1	5659517	5701659
OG_0003361	NC_062245.1	5802393	5831402
OG_0016641	NC_062245.1	5829636	5863081
OG_0005514	NC_062245.1	5858986	5879753
OG_0016250	NC_062245.1	5860246	5904730
OG_0016580	NC_062245.1	5926569	5956351
OG_0016579	NC_062245.1	5937327	5973353
OG_0016365	NC_062245.1	6280124	6302230
OG_0007881	NC_062245.1	6495688	6522608
OG_0000679	NC_062245.1	6507921	6567111
OG_0015769	NC_062245.1	6555960	6582393
OG_0018192	NC_062245.1	6588748	6612543
OG_0018331	NC_062245.1	6594137	6617831
OG_0013904	NC_062245.1	6623611	6659397
OG_0016915	NC_062245.1	6708739	6743905
OG_0013472	NC_062245.1	6828366	6849186
OG_0000667	NC_062245.1	6836007	6862530
OG_0001508	NC_062245.1	6882512	6919951
OG_0016949	NC_062245.1	6923175	6944361
OG_0006337	NC_062245.1	6931419	6960764
OG_0002501	NC_062245.1	6968583	6998282
OG_0012739	NC_062245.1	6982084	7002695
OG_0001747	NC_062245.1	7018869	7047570
OG_0007737	NC_062245.1	7232828	7258841
OG_0011404	NC_062245.1	7243395	7299854
OG_0002583	NC_062245.1	7322496	7370703
OG_0015329	NC_062245.1	7390154	7422063
OG_0012243	NC_062245.1	7403736	7426636
OG_0002318	NC_062245.1	7439576	7464262
OG_0012077	NC_062245.1	7699712	7721120
OG_0005497	NC_062245.1	7722497	7743415
OG_0000843	NC_062245.1	7743978	7777872
OG_0003068	NC_062245.1	7786144	7807473
OG_0014983	NC_062245.1	7795392	7818959
OG_0016611	NC_062245.1	8069715	8095055
OG_0012269	NC_062245.1	8115383	8141851
OG_0018946	NC_062245.1	8476956	8497788
OG_0013622	NC_062245.1	8618981	8663545
OG_0009162	NC_062245.1	8705360	8729400
OG_0016304	NC_062245.1	8710242	8731645
OG_0008185	NC_062245.1	8713650	8739649
OG_0015401	NC_062245.1	8720683	8752123
OG_0012555	NC_062245.1	8805438	8911682
OG_0009649	NC_062245.1	8895125	8940857
OG_0013279	NC_062245.1	8923179	8944379
OG_0007365	NC_062245.1	8975047	9223054
OG_0001925	NC_062245.1	9231888	9267114
OG_0013771	NC_062245.1	9378966	9402823
OG_0009703	NC_062245.1	9405607	9431959
OG_0015778	NC_062245.1	9420660	9442595
OG_0014973	NC_062245.1	9469837	9647224
OG_0018099	NC_062245.1	9629232	9655188
OG_0008034	NC_062245.1	9724154	9746822
OG_0011355	NC_062245.1	9740065	9762233
OG_0017184	NC_062245.1	9756913	9778919
OG_0013857	NC_062245.1	9778817	9800208
OG_0000661	NC_062245.1	9803309	9850955
OG_0017535	NC_062245.1	9831751	9852698
OG_0016629	NC_062245.1	9840763	9866363
OG_0013893	NC_062245.1	10061729	10102804
OG_0001480	NC_062245.1	10086546	10136602
OG_0003278	NC_062245.1	10122282	10150872
OG_0014676	NC_062245.1	10163315	10305300
OG_0016167	NC_062245.1	10289836	10327386
OG_0012239	NC_062245.1	10354222	10375482
OG_0000178	NC_062245.1	10387438	10412887
OG_0012711	NC_062245.1	10512494	10533821
OG_0018495	NC_062245.1	10515978	10536525
OG_0004200	NC_062245.1	10542975	10570344
OG_0004935	NC_062245.1	10734347	10846432
OG_0012880	NC_062245.1	10833199	10886791
OG_0009327	NC_062245.1	10870464	10892044
OG_0016389	NC_062245.1	10880937	10902100
OG_0016390	NC_062245.1	10882112	10902451
OG_0016395	NC_062245.1	10886743	10921549
OG_0016396	NC_062245.1	10902658	10923508
OG_0013853	NC_062245.1	10909315	10930625
OG_0015484	NC_062245.1	10913604	10934233
OG_0000599	NC_062245.1	10920806	10956480
OG_0016296	NC_062245.1	10972462	11005127
OG_0016704	NC_062245.1	11323910	11363540
OG_0000201	NC_062245.1	11346442	11367500
OG_0013633	NC_062245.1	11355917	11424056
OG_0012242	NC_062245.1	11405716	11427334
OG_0009060	NC_062245.1	11409075	11434620
OG_0001143	NC_062245.1	11424931	11445758
OG_0006293	NC_062245.1	11556877	11580464
OG_0006685	NC_062245.1	11561766	11582395
OG_0013037	NC_062245.1	11588003	11633340
OG_0015193	NC_062245.1	11623904	11665215
OG_0015055	NC_062245.1	11662118	11686924
OG_0000515	NC_062245.1	11669247	11709181
OG_0001731	NC_062245.1	11696080	11726327
OG_0000785	NC_062245.1	11743695	11774308
OG_0017150	NC_062245.1	11756468	11777954
OG_0012928	NC_062245.1	11761824	11799757
OG_0016809	NC_062245.1	11846630	11889651
OG_0005878	NC_062245.1	11897214	11931606
OG_0009676	NC_062245.1	11927222	11952047
OG_0000179	NC_062245.1	11933336	11960551
OG_0008347	NC_062245.1	12015593	12077983
OG_0006945	NC_062245.1	12079553	12101161
OG_0006917	NC_062245.1	12125872	12148881
OG_0006750	NC_062245.1	12416839	12450537
OG_0007324	NC_062245.1	12436024	12462305
OG_0001452	NC_062245.1	12458035	12479160
OG_0017395	NC_062245.1	12580366	12629385
OG_0014567	NC_062245.1	12636076	12692049
OG_0012367	NC_062245.1	12709304	12733966
OG_0005550	NC_062245.1	12717652	12789756
OG_0015006	NC_062245.1	12888902	12910323
OG_0003712	NC_062246.1	192368	218016
OG_0000234	NC_062246.1	254703	279071
OG_0013534	NC_062246.1	260420	285301
OG_0011916	NC_062246.1	282095	305160
OG_0001612	NC_062246.1	286580	309322
OG_0000016	NC_062246.1	311256	351266
OG_0001256	NC_062246.1	396874	422016
OG_0013001	NC_062246.1	416067	439730
OG_0011903	NC_062246.1	458517	485266
OG_0015554	NC_062246.1	545698	574638
OG_0000023	NC_062246.1	584684	617517
OG_0013864	NC_062246.1	893727	927220
OG_0002023	NC_062246.1	917551	938660
OG_0000549	NC_062246.1	932128	963157
OG_0014536	NC_062246.1	951958	983388
OG_0008310	NC_062246.1	1026984	1054750
OG_0012162	NC_062246.1	1038342	1059916
OG_0014655	NC_062246.1	1069762	1094638
OG_0009554	NC_062246.1	1094325	1128207
OG_0002267	NC_062246.1	1167610	1191493
OG_0001129	NC_062246.1	1309363	1331198
OG_0012415	NC_062246.1	1427783	1521125
OG_0016236	NC_062246.1	1594001	1645896
OG_0005936	NC_062246.1	1639716	1660399
OG_0012167	NC_062246.1	1641666	1663022
OG_0015823	NC_062246.1	1648725	1670394
OG_0017063	NC_062246.1	1663804	1697334
OG_0009068	NC_062246.1	1749738	1777113
OG_0013210	NC_062246.1	1810603	1842787
OG_0003223	NC_062246.1	1827482	1861199
OG_0015279	NC_062246.1	1876624	1901795
OG_0013582	NC_062246.1	1993364	2025603
OG_0005859	NC_062246.1	2015924	2040459
OG_0014173	NC_062246.1	2070507	2117393
OG_0012322	NC_062246.1	2129483	2163623
OG_0000255	NC_062246.1	2156598	2190748
OG_0018985	NC_062246.1	2187643	2229749
OG_0012247	NC_062246.1	2221899	2243119
OG_0017315	NC_062246.1	2248877	2270301
OG_0011692	NC_062246.1	2254235	2311121
OG_0008470	NC_062246.1	2333778	2355022
OG_0006301	NC_062246.1	2337677	2358919
OG_0013542	NC_062246.1	2378517	2407833
OG_0001125	NC_062246.1	2449810	2471195
OG_0014849	NC_062246.1	2459611	2479817
OG_0018487	NC_062246.1	2865818	2886977
OG_0013076	NC_062246.1	2896290	2921151
OG_0001371	NC_062246.1	2902675	2928803
OG_0015445	NC_062246.1	3020949	3044202
OG_0016427	NC_062246.1	3316441	3348392
OG_0007784	NC_062246.1	3393460	3427191
OG_0001600	NC_062246.1	3417188	3444602
OG_0006241	NC_062246.1	3668537	3698376
OG_0008325	NC_062246.1	3684369	3716676
OG_0017257	NC_062246.1	3737301	3765587
OG_0006595	NC_062246.1	3762965	3799873
OG_0000164	NC_062246.1	3817799	3874813
OG_0019045	NC_062246.1	4106265	4127674
OG_0005584	NC_062246.1	4151956	4194037
OG_0004921	NC_062246.1	4351898	4381404
OG_0008219	NC_062246.1	4497392	4521932
OG_0005715	NC_062246.1	4645569	4666989
OG_0005737	NC_062246.1	4982627	5022021
OG_0002259	NC_062246.1	5110760	5131869
OG_0000449	NC_062246.1	5117836	5152391
OG_0018513	NC_062246.1	5133937	5179547
OG_0012037	NC_062246.1	5499351	5521576
OG_0011365	NC_062246.1	5628862	5671673
OG_0000274	NC_062246.1	5654994	5684339
OG_0001886	NC_062246.1	5688180	5723687
OG_0001887	NC_062246.1	5721689	5748838
OG_0008981	NC_062246.1	5739347	5759673
OG_0015137	NC_062246.1	5888221	5922796
OG_0007033	NC_062246.1	5936074	6004039
OG_0011403	NC_062246.1	6063048	6087631
OG_0009269	NC_062246.1	6072439	6099093
OG_0007300	NC_062246.1	6081582	6105106
OG_0011557	NC_062246.1	6105971	6127979
OG_0015815	NC_062246.1	6111297	6132645
OG_0006794	NC_062246.1	6115425	6144661
OG_0011535	NC_062246.1	6724447	6758035
OG_0006823	NC_062246.1	6791733	6815020
OG_0012639	NC_062246.1	6857307	6883845
OG_0015505	NC_062246.1	6876571	6897716
OG_0018401	NC_062246.1	6935692	6956385
OG_0005904	NC_062246.1	6940540	6964705
OG_0008100	NC_062246.1	7071844	7092943
OG_0009122	NC_062246.1	7073239	7095259
OG_0005332	NC_062246.1	7099353	7120045
OG_0005331	NC_062246.1	7180692	7201645
OG_0007427	NC_062246.1	7247564	7271104
OG_0003500	NC_062246.1	7424208	7530150
OG_0001139	NC_062246.1	7512114	7546502
OG_0001021	NC_062246.1	7577797	7620113
OG_0015120	NC_062246.1	7698023	7728854
OG_0006366	NC_062246.1	7854453	7878010
OG_0001841	NC_062246.1	7893743	7932406
OG_0001964	NC_062246.1	7996691	8020921
OG_0015574	NC_062246.1	8138128	8162702
OG_0007807	NC_062246.1	8186419	8207228
OG_0006599	NC_062246.1	8188099	8223975
OG_0016760	NC_062246.1	8206781	8227608
OG_0015768	NC_062246.1	8208094	8228948
OG_0005318	NC_062246.1	8422720	8454089
OG_0011258	NC_062246.1	8685881	8709959
OG_0012335	NC_062246.1	8691275	8718566
OG_0013456	NC_062246.1	8722576	8782231
OG_0007311	NC_062246.1	8807128	8858087
OG_0012736	NC_062246.1	8859227	8890359
OG_0016748	NC_062246.1	8917141	8939096
OG_0008067	NC_062246.1	8926902	8949059
OG_0016977	NC_062246.1	8954058	8977444
OG_0002133	NC_062246.1	9025809	9048889
OG_0010725	NC_062246.1	9031161	9080552
OG_0001497	NC_062246.1	9170492	9199114
OG_0014681	NC_062246.1	9192568	9212855
OG_0017044	NC_062246.1	9213490	9295729
OG_0015854	NC_062246.1	9289461	9315079
OG_0015895	NC_062246.1	9343231	9364826
OG_0011281	NC_062246.1	9412545	9440029
OG_0016235	NC_062246.1	9428447	9459262
OG_0010519	NC_062246.1	9483099	9505503
OG_0011612	NC_062246.1	9502134	9551824
OG_0000209	NC_062246.1	9561999	9583069
OG_0015002	NC_062246.1	9598421	9682097
OG_0018975	NC_062246.1	9726847	9786640
OG_0001542	NC_062246.1	9784888	9814658
OG_0014544	NC_062246.1	9851538	9884097
OG_0018408	NC_062246.1	10077130	10099366
OG_0015077	NC_062246.1	10168549	10193060
OG_0017607	NC_062246.1	10223819	10333115
OG_0009664	NC_062246.1	10321190	10373452
OG_0007192	NC_062246.1	10383915	10423062
OG_0018390	NC_062246.1	10423103	10450278
OG_0001110	NC_062246.1	10449935	10480389
OG_0013782	NC_062246.1	10482541	10529169
OG_0007191	NC_062246.1	10587901	10613221
OG_0015851	NC_062246.1	10605445	10629014
OG_0001219	NC_062246.1	10856749	10960105
OG_0003588	NC_062246.1	10974694	11021647
OG_0018976	NC_062246.1	11056172	11126219
OG_0007234	NC_062246.1	11187197	11213652
OG_0000860	NC_062246.1	11199339	11220481
OG_0017601	NC_062246.1	11208425	11242345
OG_0001619	NC_062246.1	11300975	11322162
OG_0009267	NC_062246.1	11374351	11451592
OG_0001267	NC_062246.1	11457298	11509620
OG_0007028	NC_062246.1	11534470	11558038
OG_0018966	NC_062246.1	11600204	11631836
OG_0008045	NC_062246.1	11657891	11690244
OG_0016387	NC_062246.1	11791104	11812738
OG_0001455	NC_062246.1	11802040	11830861
OG_0016840	NC_062246.1	11933426	11966959
OG_0017710	NC_062246.1	12063468	12185743
OG_0014292	NC_062246.1	12191417	12213996
OG_0001920	NC_062246.1	12211887	12235923
OG_0012086	NC_062246.1	12258112	12324894
OG_0016869	NC_062246.1	12344712	12380229
OG_0007747	NC_062246.1	12362754	12390937
OG_0000296	NC_062246.1	12456045	12487762
OG_0013108	NC_062246.1	12472165	12512489
OG_0018144	NC_062246.1	12501936	12522583
OG_0013623	NC_062246.1	12506303	12530007
OG_0018215	NC_062246.1	12534653	12555218
OG_0018884	NC_062246.1	12579909	12601236
OG_0012649	NC_062246.1	12622141	12643864
OG_0015271	NC_062246.1	206656	272836
OG_0008304	NC_062246.1	269771	300614
OG_0006925	NC_062246.1	289696	311448
OG_0016302	NC_062246.1	299852	321789
OG_0007943	NC_062246.1	335261	416464
OG_0012802	NC_062246.1	402822	434567
OG_0013544	NC_062246.1	420931	444713
OG_0017356	NC_062246.1	426340	450802
OG_0001821	NC_062246.1	465901	495415
OG_0016627	NC_062246.1	495021	521901
OG_0018702	NC_062246.1	526935	549416
OG_0001016	NC_062246.1	556573	581476
OG_0016729	NC_062246.1	562059	584534
OG_0012007	NC_062246.1	599800	640688
OG_0009366	NC_062246.1	629932	684435
OG_0006880	NC_062246.1	668226	697907
OG_0003629	NC_062246.1	724904	752076
OG_0005491	NC_062246.1	912385	935238
OG_0013392	NC_062246.1	921169	950410
OG_0019083	NC_062246.1	961655	982425
OG_0009730	NC_062246.1	1012094	1046175
OG_0006927	NC_062246.1	1053849	1085148
OG_0007203	NC_062246.1	1075055	1107017
OG_0018886	NC_062246.1	1184223	1206061
OG_0019176	NC_062246.1	1213306	1234201
OG_0013105	NC_062246.1	1220765	1300330
OG_0000775	NC_062246.1	1317074	1339578
OG_0014325	NC_062246.1	1347707	1382536
OG_0009334	NC_062246.1	1364904	1386475
OG_0005569	NC_062246.1	1367614	1394615
OG_0017225	NC_062246.1	1376048	1398506
OG_0005465	NC_062246.1	1588306	1610384
OG_0014237	NC_062246.1	1629185	1652640
OG_0007586	NC_062246.1	1644708	1668094
OG_0012913	NC_062246.1	1684101	1722777
OG_0018458	NC_062246.1	1721024	1749042
OG_0017286	NC_062246.1	1742539	1763976
OG_0008296	NC_062246.1	1760012	1824768
OG_0018252	NC_062246.1	1842612	1864821
OG_0001062	NC_062246.1	1916246	1945031
OG_0016766	NC_062246.1	1963461	1997640
OG_0008088	NC_062246.1	2172494	2199721
OG_0017813	NC_062246.1	2214848	2251688
OG_0002605	NC_062246.1	2247315	2268456
OG_0018448	NC_062246.1	2251041	2271939
OG_0006537	NC_062246.1	2293772	2315744
OG_0014267	NC_062246.1	2298578	2324285
OG_0006300	NC_062246.1	2331130	2352694
OG_0001851	NC_062246.1	2335223	2356320
OG_0002412	NC_062246.1	2339261	2360669
OG_0005913	NC_062246.1	2417144	2438901
OG_0018244	NC_062246.1	2423031	2443482
OG_0018382	NC_062246.1	2427866	2457686
OG_0007257	NC_062246.1	2442540	2469210
OG_0017411	NC_062246.1	2451855	2477848
OG_0007238	NC_062246.1	2577190	2604504
OG_0012971	NC_062246.1	2804291	2883771
OG_0012611	NC_062246.1	2869097	2915283
OG_0008229	NC_062246.1	2918224	2946509
OG_0008228	NC_062246.1	2927009	2948641
OG_0008349	NC_062246.1	2931503	2968060
OG_0008351	NC_062246.1	2950030	2980442
OG_0014380	NC_062246.1	3002150	3040293
OG_0017223	NC_062246.1	3025353	3055242
OG_0014449	NC_062246.1	3346303	3389287
OG_0011658	NC_062246.1	3557363	3681674
OG_0013553	NC_062246.1	3666774	3687403
OG_0009696	NC_062246.1	3701734	3743002
OG_0005614	NC_062246.1	3747070	3780319
OG_0006594	NC_062246.1	3790266	3822110
OG_0011206	NC_062246.1	3858512	3885979
OG_0007460	NC_062246.1	3910343	3979231
OG_0005585	NC_062246.1	4035891	4069157
OG_0006931	NC_062246.1	4210049	4236806
OG_0011302	NC_062246.1	4347951	4369386
OG_0002566	NC_062246.1	4367222	4469807
OG_0002666	NC_062246.1	4457094	4480013
OG_0015696	NC_062246.1	4486627	4516673
OG_0015695	NC_062246.1	4503742	4552436
OG_0001879	NC_062246.1	4552355	4614729
OG_0012795	NC_062246.1	4621705	4662760
OG_0002993	NC_062246.1	4650514	4697900
OG_0012040	NC_062246.1	4703882	4792878
OG_0000834	NC_062246.1	4782329	4811932
OG_0007929	NC_062246.1	5118576	5141016
OG_0000448	NC_062246.1	5127776	5148801
OG_0016678	NC_062246.1	5181963	5203475
OG_0011982	NC_062246.1	5240528	5304615
OG_0018164	NC_062246.1	5567296	5633968
OG_0006788	NC_062246.1	5665275	5692364
OG_0000337	NC_062246.1	5702510	5733042
OG_0000338	NC_062246.1	5714101	5743783
OG_0003155	NC_062246.1	5748066	5784360
OG_0003165	NC_062246.1	5772425	5796375
OG_0003164	NC_062246.1	5781159	5805881
OG_0015016	NC_062246.1	5906723	5939076
OG_0005426	NC_062246.1	6051071	6074125
OG_0005295	NC_062246.1	6068891	6091484
OG_0015108	NC_062246.1	6095192	6120645
OG_0013366	NC_062246.1	6128855	6163908
OG_0017732	NC_062246.1	6474207	6496682
OG_0007684	NC_062246.1	6535944	6708015
OG_0012761	NC_062246.1	6745151	6766460
OG_0012394	NC_062246.1	6773737	6810364
OG_0002263	NC_062246.1	6842835	6863944
OG_0012303	NC_062246.1	6864169	6890137
OG_0001014	NC_062246.1	6881792	6925616
OG_0005554	NC_062246.1	6913751	6942806
OG_0018158	NC_062246.1	6936876	6957665
OG_0007297	NC_062246.1	6945717	6974008
OG_0014305	NC_062246.1	6972486	7023716
OG_0012298	NC_062246.1	7022353	7069122
OG_0012729	NC_062246.1	7068602	7089638
OG_0007953	NC_062246.1	7075792	7098732
OG_0005448	NC_062246.1	7079832	7100647
OG_0015564	NC_062246.1	7242829	7264448
OG_0008139	NC_062246.1	7255559	7320248
OG_0006990	NC_062246.1	7309151	7340876
OG_0015771	NC_062246.1	7321954	7342978
OG_0007930	NC_062246.1	7677236	7698000
OG_0007907	NC_062246.1	7683506	7704297
OG_0015047	NC_062246.1	7762185	7844273
OG_0013402	NC_062246.1	7852018	7873544
OG_0002032	NC_062246.1	7875322	7910759
OG_0001901	NC_062246.1	8010296	8055024
OG_0015575	NC_062246.1	8070693	8098834
OG_0001900	NC_062246.1	8158915	8181135
OG_0006598	NC_062246.1	8166168	8202652
OG_0008732	NC_062246.1	8204377	8236623
OG_0014148	NC_062246.1	8456106	8695990
OG_0001889	NC_062246.1	8678576	8699427
OG_0009742	NC_062246.1	8702533	8727785
OG_0016839	NC_062246.1	8709005	8736837
OG_0016272	NC_062246.1	8844448	8873639
OG_0004167	NC_062246.1	8875775	8921819
OG_0002381	NC_062246.1	8933341	8971605
OG_0007543	NC_062246.1	8958350	8996205
OG_0015335	NC_062246.1	9076173	9101207
OG_0005477	NC_062246.1	9090990	9124192
OG_0005275	NC_062246.1	9116184	9162751
OG_0011275	NC_062246.1	9180153	9211805
OG_0005392	NC_062246.1	9193220	9217636
OG_0009405	NC_062246.1	9375746	9430937
OG_0009463	NC_062246.1	9423134	9446571
OG_0014576	NC_062246.1	9473206	9498658
OG_0017600	NC_062246.1	9488653	9521375
OG_0007027	NC_062246.1	9535650	9560619
OG_0016059	NC_062246.1	9669696	9694032
OG_0018839	NC_062246.1	9682144	9715552
OG_0009917	NC_062246.1	9769791	9794981
OG_0001543	NC_062246.1	9781847	9804189
OG_0011209	NC_062246.1	9841131	9870885
OG_0006827	NC_062246.1	10072505	10096252
OG_0015880	NC_062246.1	10094390	10116536
OG_0017267	NC_062246.1	10096879	10125500
OG_0000246	NC_062246.1	10186272	10221464
OG_0011233	NC_062246.1	10207461	10235296
OG_0014076	NC_062246.1	10275654	10308368
OG_0013538	NC_062246.1	10317188	10340211
OG_0001778	NC_062246.1	10355273	10383256
OG_0002288	NC_062246.1	10365918	10388630
OG_0013147	NC_062246.1	10410186	10433314
OG_0012233	NC_062246.1	10416306	10440529
OG_0017520	NC_062246.1	10434070	10460434
OG_0007426	NC_062246.1	10441994	10496737
OG_0017285	NC_062246.1	10512234	10537251
OG_0011260	NC_062246.1	10558128	10594998
OG_0005641	NC_062246.1	10595806	10624857
OG_0017699	NC_062246.1	10611367	10653593
OG_0001620	NC_062246.1	10634137	10655372
OG_0005698	NC_062246.1	10719249	10740528
OG_0018942	NC_062246.1	10948516	10977135
OG_0001582	NC_062246.1	11114026	11161092
OG_0019067	NC_062246.1	11160569	11181213
OG_0013057	NC_062246.1	11168147	11194286
OG_0014372	NC_062246.1	11228427	11283545
OG_0000791	NC_062246.1	11351164	11381919
OG_0011421	NC_062246.1	11364723	11393750
OG_0010359	NC_062246.1	11488945	11511101
OG_0000622	NC_062246.1	11512286	11547550
OG_0012170	NC_062246.1	11587341	11616449
OG_0013759	NC_062246.1	11626357	11673007
OG_0007254	NC_062246.1	11679954	11750313
OG_0017346	NC_062246.1	11768724	11796437
OG_0000627	NC_062246.1	11783493	11808951
OG_0016998	NC_062246.1	11796112	11821218
OG_0018150	NC_062246.1	11813631	11834429
OG_0000108	NC_062246.1	11889841	11930904
OG_0013126	NC_062246.1	11949949	12011762
OG_0001083	NC_062246.1	12178476	12222816
OG_0000626	NC_062246.1	12209114	12230049
OG_0019071	NC_062246.1	12210754	12231287
OG_0016456	NC_062246.1	12244810	12274355
OG_0006650	NC_062246.1	12320389	12346798
OG_0014245	NC_062246.1	12332759	12359392
OG_0017822	NC_062246.1	12361035	12382168
OG_0009445	NC_062246.1	12377295	12398290
OG_0009443	NC_062246.1	12383805	12408162
OG_0001773	NC_062246.1	12393042	12416072
OG_0012679	NC_062246.1	12553396	12575658
OG_0001315	NC_062246.1	12561566	12598175
OG_0006849	NC_062246.1	12602203	12623690
OG_0002596	NC_062246.1	12609458	12631530
OG_0011791	NC_062246.1	12626109	12664803
OG_0006619	NC_062247.1	101173	122732
OG_0008109	NC_062247.1	159969	181437
OG_0014028	NC_062247.1	163783	191233
OG_0007526	NC_062247.1	173939	204717
OG_0013470	NC_062247.1	190536	211745
OG_0018857	NC_062247.1	350567	372183
OG_0011765	NC_062247.1	612096	636081
OG_0001154	NC_062247.1	753550	785380
OG_0015198	NC_062247.1	808718	839547
OG_0000980	NC_062247.1	835780	857729
OG_0011935	NC_062247.1	864243	889847
OG_0001185	NC_062247.1	877587	899958
OG_0000172	NC_062247.1	916893	982028
OG_0018925	NC_062247.1	969803	991959
OG_0006562	NC_062247.1	1141364	1188707
OG_0008327	NC_062247.1	1307068	1331557
OG_0011339	NC_062247.1	1376279	1425986
OG_0007034	NC_062247.1	1452434	1488014
OG_0017181	NC_062247.1	1483728	1506795
OG_0013298	NC_062247.1	1513842	1535559
OG_0011200	NC_062247.1	1525544	1557357
OG_0009509	NC_062247.1	1541972	1583938
OG_0000855	NC_062247.1	1692993	1739299
OG_0014547	NC_062247.1	1764997	1786556
OG_0007701	NC_062247.1	1887506	1915860
OG_0008598	NC_062247.1	2113009	2134108
OG_0014368	NC_062247.1	2116453	2137328
OG_0002326	NC_062247.1	2135275	2156188
OG_0011568	NC_062247.1	2241106	2270151
OG_0009490	NC_062247.1	2341296	2373413
OG_0002494	NC_062247.1	2621086	2643896
OG_0007180	NC_062247.1	2908889	2934840
OG_0016924	NC_062247.1	3020357	3046815
OG_0013832	NC_062247.1	3050848	3076466
OG_0005289	NC_062247.1	3060601	3089997
OG_0005293	NC_062247.1	3087749	3116371
OG_0006756	NC_062247.1	3103669	3131565
OG_0014680	NC_062247.1	3120437	3149106
OG_0016438	NC_062247.1	3204505	3226744
OG_0001855	NC_062247.1	3226053	3257499
OG_0000724	NC_062247.1	3247182	3280949
OG_0017550	NC_062247.1	3412939	3436908
OG_0016026	NC_062247.1	3432176	3462762
OG_0007195	NC_062247.1	3474001	3506633
OG_0001433	NC_062247.1	3573292	3617100
OG_0017338	NC_062247.1	3599666	3624193
OG_0011503	NC_062247.1	3631935	3668565
OG_0013235	NC_062247.1	3665914	3694735
OG_0000662	NC_062247.1	3714704	3743385
OG_0000664	NC_062247.1	3766236	3794389
OG_0005494	NC_062247.1	3853974	3884920
OG_0015547	NC_062247.1	3868496	3891478
OG_0008223	NC_062247.1	3887293	3909425
OG_0000979	NC_062247.1	3904622	3926411
OG_0016379	NC_062247.1	3907828	3929475
OG_0006977	NC_062247.1	4045003	4096083
OG_0007639	NC_062247.1	4098308	4133136
OG_0015313	NC_062247.1	4126990	4153981
OG_0006858	NC_062247.1	4136767	4157536
OG_0016417	NC_062247.1	4157227	4179969
OG_0006644	NC_062247.1	4163068	4240806
OG_0014183	NC_062247.1	4235076	4325977
OG_0009083	NC_062247.1	4313694	4338385
OG_0012079	NC_062247.1	4332936	4358708
OG_0007971	NC_062247.1	4351741	4380228
OG_0012614	NC_062247.1	4472102	4498326
OG_0014585	NC_062247.1	4485234	4512582
OG_0013749	NC_062247.1	4502579	4524350
OG_0014990	NC_062247.1	4507310	4529720
OG_0016825	NC_062247.1	4522260	4562747
OG_0012212	NC_062247.1	4548281	4569598
OG_0017969	NC_062247.1	4585710	4607443
OG_0014020	NC_062247.1	4828692	4865453
OG_0018108	NC_062247.1	4929582	4950454
OG_0002241	NC_062247.1	4931122	4958217
OG_0014557	NC_062247.1	5099680	5121502
OG_0016116	NC_062247.1	5103122	5134138
OG_0018797	NC_062247.1	5183242	5214777
OG_0014214	NC_062247.1	5214061	5236650
OG_0014314	NC_062247.1	5222761	5244038
OG_0007610	NC_062247.1	5242188	5277977
OG_0016975	NC_062247.1	5279624	5301554
OG_0007493	NC_062247.1	5290410	5319751
OG_0013555	NC_062247.1	5327823	5349089
OG_0005922	NC_062247.1	5413006	5436095
OG_0007938	NC_062247.1	5486761	5507331
OG_0014436	NC_062247.1	5496299	5529361
OG_0002427	NC_062247.1	5533603	5566183
OG_0007997	NC_062247.1	5700703	5730654
OG_0015249	NC_062247.1	5723394	5751558
OG_0006460	NC_062247.1	5735824	5758133
OG_0007880	NC_062247.1	5774348	5795519
OG_0001167	NC_062247.1	5782617	5803423
OG_0017619	NC_062247.1	5787072	5829140
OG_0013550	NC_062247.1	5827908	5848858
OG_0007374	NC_062247.1	5879236	5997882
OG_0007992	NC_062247.1	6010932	6071954
OG_0017229	NC_062247.1	6057620	6081696
OG_0007495	NC_062247.1	6065859	6094128
OG_0015469	NC_062247.1	6078492	6099088
OG_0015275	NC_062247.1	6164985	6241649
OG_0012710	NC_062247.1	6227807	6248947
OG_0000684	NC_062247.1	6344032	6370292
OG_0000034	NC_062247.1	6448803	6496023
OG_0015868	NC_062247.1	6501306	6527084
OG_0015867	NC_062247.1	6511515	6538406
OG_0006695	NC_062247.1	6522884	6552251
OG_0017151	NC_062247.1	6546350	6570552
OG_0000155	NC_062247.1	6568613	6589857
OG_0009559	NC_062247.1	6588229	6609782
OG_0016436	NC_062247.1	6660808	6690020
OG_0002043	NC_062247.1	6709828	6733454
OG_0006628	NC_062247.1	6722292	6743929
OG_0011609	NC_062247.1	6738692	6762974
OG_0008239	NC_062247.1	6784342	6830015
OG_0011334	NC_062247.1	6846417	7027222
OG_0016823	NC_062247.1	7073043	7139950
OG_0016418	NC_062247.1	7182750	7212019
OG_0016040	NC_062247.1	7221219	7242009
OG_0006973	NC_062247.1	7228161	7249038
OG_0016953	NC_062247.1	7235860	7257664
OG_0018589	NC_062247.1	7242724	7263822
OG_0005667	NC_062247.1	7429971	7458450
OG_0007521	NC_062247.1	7441217	7474694
OG_0014620	NC_062247.1	7456636	7477522
OG_0017926	NC_062247.1	7546178	7566802
OG_0011433	NC_062247.1	7547431	7572251
OG_0017578	NC_062247.1	7583345	7614231
OG_0009153	NC_062247.1	7622022	7646982
OG_0014080	NC_062247.1	7628072	7653546
OG_0013967	NC_062247.1	7674505	7696046
OG_0002391	NC_062247.1	7676965	7720191
OG_0001615	NC_062247.1	7712439	7733999
OG_0018056	NC_062247.1	7729612	7750052
OG_0018883	NC_062247.1	7734457	7755199
OG_0009315	NC_062247.1	7736809	7762360
OG_0007199	NC_062247.1	7786417	7811835
OG_0003691	NC_062247.1	7799397	7820703
OG_0011888	NC_062247.1	7805108	7844187
OG_0007595	NC_062247.1	7828863	7861422
OG_0018576	NC_062247.1	7843415	7864595
OG_0012115	NC_062247.1	7946754	8023302
OG_0017249	NC_062247.1	8007225	8028382
OG_0009481	NC_062247.1	8015301	8041713
OG_0008259	NC_062247.1	8082706	8141671
OG_0015871	NC_062247.1	8201136	8229148
OG_0009612	NC_062247.1	8211389	8242973
OG_0006866	NC_062247.1	8224696	8245526
OG_0000882	NC_062247.1	8254976	8288142
OG_0013608	NC_062247.1	8275945	8300336
OG_0013087	NC_062247.1	8288711	8310793
OG_0015866	NC_062247.1	8315272	8359147
OG_0007219	NC_062247.1	8392630	8413520
OG_0016810	NC_062247.1	8417541	8440530
OG_0005876	NC_062247.1	8429773	8450653
OG_0017271	NC_062247.1	8433674	8461099
OG_0012447	NC_062247.1	8444543	8466361
OG_0012448	NC_062247.1	8446881	8470080
OG_0001951	NC_062247.1	8453306	8480239
OG_0008051	NC_062247.1	8502680	8633869
OG_0015274	NC_062247.1	8623215	8660432
OG_0006686	NC_062247.1	8658190	8679101
OG_0006679	NC_062247.1	8788871	8813490
OG_0015331	NC_062247.1	8873392	8946337
OG_0014072	NC_062247.1	8977696	9009080
OG_0016342	NC_062247.1	9099755	9134589
OG_0002555	NC_062247.1	9120001	9142076
OG_0017546	NC_062247.1	9129626	9160642
OG_0001635	NC_062247.1	9330751	9356170
OG_0002069	NC_062247.1	9341787	9363432
OG_0011081	NC_062247.1	9379979	9402965
OG_0016631	NC_062247.1	9384866	9411672
OG_0013100	NC_062247.1	9427696	9451177
OG_0006950	NC_062247.1	9445500	9468192
OG_0009148	NC_062247.1	9461591	9484472
OG_0011757	NC_062247.1	9523678	9566214
OG_0009105	NC_062247.1	9594388	9616535
OG_0017712	NC_062247.1	9599275	9620516
OG_0003309	NC_062247.1	9600963	9627307
OG_0007580	NC_062247.1	9609873	9630506
OG_0013116	NC_062247.1	9626127	9648599
OG_0009548	NC_062247.1	9727736	9750171
OG_0015511	NC_062247.1	9774824	9797180
OG_0017110	NC_062247.1	9846554	9870022
OG_0005734	NC_062247.1	10045372	10088554
OG_0015855	NC_062247.1	10070147	10090821
OG_0016127	NC_062247.1	10223172	10288075
OG_0017293	NC_062247.1	10342756	10365909
OG_0002688	NC_062247.1	10636318	10661807
OG_0013197	NC_062247.1	10875817	10902088
OG_0002585	NC_062247.1	10890473	10912544
OG_0014657	NC_062247.1	10915671	10942565
OG_0012612	NC_062247.1	10940470	10975042
OG_0009360	NC_062247.1	10973765	11028950
OG_0002619	NC_062247.1	11021451	11058263
OG_0002077	NC_062247.1	11084436	11106794
OG_0001500	NC_062247.1	11092357	11142545
OG_0002366	NC_062247.1	11875843	11901913
OG_0011267	NC_062247.1	12363081	12389040
OG_0003157	NC_062247.1	12407181	12434268
OG_0007296	NC_062247.1	12420790	12449103
OG_0001151	NC_062247.1	12441616	12462630
OG_0014033	NC_062247.1	12447080	12475460
OG_0014030	NC_062247.1	12458659	12484530
OG_0015356	NC_062247.1	12501471	12527528
OG_0011561	NC_062247.1	12542226	12565036
OG_0017368	NC_062247.1	12556855	12578486
OG_0016831	NC_062247.1	12581645	12621990
OG_0016157	NC_062247.1	12624907	12649314
OG_0003610	NC_062247.1	12639663	12662392
OG_0014390	NC_062247.1	105151	154660
OG_0014597	NC_062247.1	138780	177506
OG_0019089	NC_062247.1	161630	181902
OG_0018937	NC_062247.1	171299	193332
OG_0012808	NC_062247.1	185453	210097
OG_0008163	NC_062247.1	194458	219054
OG_0001184	NC_062247.1	452759	473995
OG_0003345	NC_062247.1	471620	494847
OG_0006914	NC_062247.1	541132	609155
OG_0006915	NC_062247.1	713661	734392
OG_0014206	NC_062247.1	739882	760493
OG_0001834	NC_062247.1	794535	827893
OG_0005498	NC_062247.1	825160	848576
OG_0011562	NC_062247.1	838040	859341
OG_0017553	NC_062247.1	840040	878915
OG_0011993	NC_062247.1	873374	896713
OG_0015175	NC_062247.1	883988	930051
OG_0001039	NC_062247.1	966621	989307
OG_0007202	NC_062247.1	981151	1016644
OG_0017392	NC_062247.1	1171842	1239065
OG_0001201	NC_062247.1	1288183	1309433
OG_0016064	NC_062247.1	1290131	1325527
OG_0002113	NC_062247.1	1315224	1350518
OG_0005288	NC_062247.1	1422796	1449603
OG_0006106	NC_062247.1	1449765	1471312
OG_0015038	NC_062247.1	1494775	1532911
OG_0017806	NC_062247.1	1609305	1631266
OG_0002388	NC_062247.1	1675575	1697921
OG_0016718	NC_062247.1	1739305	1771770
OG_0007209	NC_062247.1	1752589	1784647
OG_0007196	NC_062247.1	1771847	1883970
OG_0014009	NC_062247.1	2154193	2199613
OG_0002041	NC_062247.1	2252046	2279068
OG_0002044	NC_062247.1	2266066	2300600
OG_0002532	NC_062247.1	2361521	2751098
OG_0017001	NC_062247.1	3014417	3039509
OG_0018683	NC_062247.1	3027725	3053090
OG_0005287	NC_062247.1	3071210	3103670
OG_0012133	NC_062247.1	3211615	3245089
OG_0012464	NC_062247.1	3241018	3265797
OG_0018536	NC_062247.1	3289822	3310316
OG_0018370	NC_062247.1	3446907	3489755
OG_0015907	NC_062247.1	3487416	3523126
OG_0000170	NC_062247.1	3523096	3545408
OG_0007357	NC_062247.1	3545332	3578621
OG_0000733	NC_062247.1	3571234	3619376
OG_0018999	NC_062247.1	3606380	3626792
OG_0002580	NC_062247.1	3616621	3642253
OG_0005798	NC_062247.1	3622913	3651212
OG_0000816	NC_062247.1	3650662	3685384
OG_0001465	NC_062247.1	3891220	3922705
OG_0001656	NC_062247.1	3906512	3927531
OG_0014318	NC_062247.1	3911584	3932895
OG_0000186	NC_062247.1	3986751	4080709
OG_0001776	NC_062247.1	4121115	4146254
OG_0001622	NC_062247.1	4138732	4170663
OG_0006319	NC_062247.1	4160305	4182279
OG_0013594	NC_062247.1	4176861	4198554
OG_0015104	NC_062247.1	4223070	4253637
OG_0016777	NC_062247.1	4307688	4331215
OG_0006960	NC_062247.1	4319823	4340981
OG_0017689	NC_062247.1	4323108	4345063
OG_0017690	NC_062247.1	4328771	4350747
OG_0011794	NC_062247.1	4342386	4370642
OG_0018565	NC_062247.1	4362103	4382801
OG_0001478	NC_062247.1	4380672	4449583
OG_0007845	NC_062247.1	4444352	4482930
OG_0012257	NC_062247.1	4469322	4490915
OG_0009337	NC_062247.1	4479561	4504654
OG_0009538	NC_062247.1	4492928	4514290
OG_0002092	NC_062247.1	4504835	4526955
OG_0005530	NC_062247.1	4510745	4541783
OG_0015513	NC_062247.1	4892476	4915183
OG_0012426	NC_062247.1	4901220	4926598
OG_0012156	NC_062247.1	4941833	4966950
OG_0009729	NC_062247.1	5117650	5141066
OG_0000428	NC_062247.1	5198651	5228648
OG_0019018	NC_062247.1	5210496	5231089
OG_0013975	NC_062247.1	5212801	5233584
OG_0016458	NC_062247.1	5220503	5246291
OG_0006642	NC_062247.1	5259329	5290068
OG_0002473	NC_062247.1	5281897	5304797
OG_0001629	NC_062247.1	5316238	5346239
OG_0018697	NC_062247.1	5330244	5362124
OG_0013584	NC_062247.1	5464210	5494810
OG_0018341	NC_062247.1	5476621	5497178
OG_0002346	NC_062247.1	5480305	5502536
OG_0012261	NC_062247.1	5488173	5511157
OG_0014772	NC_062247.1	5511803	5533580
OG_0013045	NC_062247.1	5527980	5551299
OG_0007755	NC_062247.1	5595184	5640601
OG_0017592	NC_062247.1	5732233	5754432
OG_0016382	NC_062247.1	5757131	5777799
OG_0002418	NC_062247.1	5776308	5798951
OG_0013842	NC_062247.1	5783930	5805339
OG_0012266	NC_062247.1	5809989	5832713
OG_0016756	NC_062247.1	5815118	5837342
OG_0001926	NC_062247.1	5821441	5845652
OG_0001929	NC_062247.1	5829113	5849733
OG_0011836	NC_062247.1	5836487	5862731
OG_0007572	NC_062247.1	5845420	5874815
OG_0007482	NC_062247.1	5979270	6001324
OG_0017638	NC_062247.1	6062452	6084438
OG_0017458	NC_062247.1	6158644	6179612
OG_0007277	NC_062247.1	6223982	6247319
OG_0006521	NC_062247.1	6229054	6249695
OG_0007821	NC_062247.1	6233286	6259398
OG_0006201	NC_062247.1	6302121	6322534
OG_0014233	NC_062247.1	6306246	6327501
OG_0011772	NC_062247.1	6318461	6354321
OG_0012592	NC_062247.1	6337406	6363388
OG_0008014	NC_062247.1	6482034	6516562
OG_0016984	NC_062247.1	6534972	6561084
OG_0006860	NC_062247.1	6552690	6579513
OG_0012642	NC_062247.1	6590272	6616859
OG_0007026	NC_062247.1	6605263	6627359
OG_0007519	NC_062247.1	6612885	6636260
OG_0018384	NC_062247.1	6625364	6671801
OG_0011560	NC_062247.1	6706888	6728312
OG_0017603	NC_062247.1	6714543	6740692
OG_0016443	NC_062247.1	6745585	6769238
OG_0016444	NC_062247.1	6754790	6778794
OG_0005872	NC_062247.1	6811045	6832490
OG_0013409	NC_062247.1	7010998	7032311
OG_0018086	NC_062247.1	7056111	7077071
OG_0014366	NC_062247.1	7167144	7197987
OG_0015033	NC_062247.1	7197575	7229060
OG_0012843	NC_062247.1	7222764	7244303
OG_0007035	NC_062247.1	7229127	7253589
OG_0001818	NC_062247.1	7240503	7261645
OG_0002720	NC_062247.1	7244483	7268154
OG_0011207	NC_062247.1	7256780	7284198
OG_0016360	NC_062247.1	7271553	7296368
OG_0009620	NC_062247.1	7293820	7358650
OG_0005797	NC_062247.1	7368811	7443223
OG_0000454	NC_062247.1	7424316	7449223
OG_0015972	NC_062247.1	7458137	7479914
OG_0008315	NC_062247.1	7474915	7496949
OG_0001486	NC_062247.1	7477389	7505234
OG_0014553	NC_062247.1	7497341	7536368
OG_0000389	NC_062247.1	7659897	7686683
OG_0011633	NC_062247.1	7714641	7749021
OG_0008218	NC_062247.1	7743090	7763551
OG_0016921	NC_062247.1	7748999	7803662
OG_0008386	NC_062247.1	7792510	7814633
OG_0006459	NC_062247.1	7801245	7822300
OG_0017022	NC_062247.1	7845271	7905205
OG_0011923	NC_062247.1	7893176	7915829
OG_0018209	NC_062247.1	8005001	8025414
OG_0016356	NC_062247.1	8009819	8031479
OG_0001339	NC_062247.1	8026730	8058387
OG_0007754	NC_062247.1	8122909	8144218
OG_0000465	NC_062247.1	8129649	8161889
OG_0018468	NC_062247.1	8193308	8215350
OG_0018187	NC_062247.1	8199682	8220718
OG_0017334	NC_062247.1	8227362	8254571
OG_0006812	NC_062247.1	8238278	8260776
OG_0006864	NC_062247.1	8241962	8264606
OG_0006528	NC_062247.1	8253291	8273950
OG_0002502	NC_062247.1	8271199	8294072
OG_0018605	NC_062247.1	8282261	8304543
OG_0007865	NC_062247.1	8286953	8308176
OG_0018469	NC_062247.1	8342950	8363423
OG_0015811	NC_062247.1	8344101	8366517
OG_0016276	NC_062247.1	8347290	8373079
OG_0013351	NC_062247.1	8355184	8389216
OG_0019002	NC_062247.1	8382703	8403532
OG_0011777	NC_062247.1	8397390	8435919
OG_0011581	NC_062247.1	8426219	8449228
OG_0012320	NC_062247.1	8484381	8536833
OG_0014287	NC_062247.1	8538075	8566847
OG_0018044	NC_062247.1	8616944	8640321
OG_0001625	NC_062247.1	8640844	8675452
OG_0018965	NC_062247.1	8660027	8708201
OG_0016352	NC_062247.1	8706734	8728088
OG_0006592	NC_062247.1	8847692	8911716
OG_0007598	NC_062247.1	8941166	8993783
OG_0015465	NC_062247.1	8993463	9053721
OG_0001876	NC_062247.1	9053730	9091097
OG_0013766	NC_062247.1	9072363	9096848
OG_0007836	NC_062247.1	9078463	9139144
OG_0016858	NC_062247.1	9151846	9262462
OG_0015849	NC_062247.1	9257450	9300739
OG_0018615	NC_062247.1	9343474	9364147
OG_0005741	NC_062247.1	9348411	9396947
OG_0005851	NC_062247.1	9392453	9415044
OG_0011828	NC_062247.1	9433606	9460893
OG_0012557	NC_062247.1	9442570	9464480
OG_0007477	NC_062247.1	9449319	9479009
OG_0013053	NC_062247.1	9465139	9493533
OG_0013861	NC_062247.1	9478531	9513095
OG_0012153	NC_062247.1	9502114	9543056
OG_0016072	NC_062247.1	9551789	9580652
OG_0009719	NC_062247.1	9562091	9606147
OG_0006901	NC_062247.1	9589640	9611172
OG_0015489	NC_062247.1	9597174	9618309
OG_0018862	NC_062247.1	9638347	9660455
OG_0002264	NC_062247.1	9641289	9686761
OG_0017835	NC_062247.1	9676173	9699787
OG_0015640	NC_062247.1	9692457	9714959
OG_0013112	NC_062247.1	9714310	9737121
OG_0018231	NC_062247.1	9734259	9756240
OG_0018197	NC_062247.1	9737074	9766222
OG_0013114	NC_062247.1	9759857	9780697
OG_0012401	NC_062247.1	9766211	9787211
OG_0015596	NC_062247.1	9786841	9814108
OG_0018031	NC_062247.1	9803341	9834048
OG_0016306	NC_062247.1	9832732	9857998
OG_0003550	NC_062247.1	9843231	9865314
OG_0018030	NC_062247.1	9886401	9907641
OG_0016374	NC_062247.1	9898133	9920523
OG_0007001	NC_062247.1	9904500	9930583
OG_0001426	NC_062247.1	9917802	9940657
OG_0001425	NC_062247.1	9927816	9951265
OG_0013119	NC_062247.1	9944985	9965510
OG_0000944	NC_062247.1	9950540	9971151
OG_0014085	NC_062247.1	9954401	9976703
OG_0014083	NC_062247.1	9958235	9980655
OG_0015221	NC_062247.1	9969699	9990797
OG_0009074	NC_062247.1	9978747	10015241
OG_0012824	NC_062247.1	9998954	10028324
OG_0011850	NC_062247.1	10036041	10063968
OG_0001197	NC_062247.1	10074834	10096893
OG_0011818	NC_062247.1	10347123	10374132
OG_0017618	NC_062247.1	10359496	10408892
OG_0018294	NC_062247.1	10390042	10410710
OG_0017389	NC_062247.1	10393877	10419284
OG_0002543	NC_062247.1	10402209	10552527
OG_0013327	NC_062247.1	10711029	10829784
OG_0017369	NC_062247.1	10887536	10909855
OG_0008101	NC_062247.1	10893261	10914456
OG_0017816	NC_062247.1	10895467	10916081
OG_0001998	NC_062247.1	10912618	10934828
OG_0012150	NC_062247.1	10925834	10957611
OG_0018020	NC_062247.1	10938512	10958986
OG_0001909	NC_062247.1	11048449	11096384
OG_0002315	NC_062247.1	11079966	11110045
OG_0005609	NC_062247.1	11583735	11633042
OG_0014958	NC_062247.1	11731799	11767833
OG_0017748	NC_062247.1	11783673	11816921
OG_0006872	NC_062247.1	11883655	11905084
OG_0014149	NC_062247.1	11891196	12066072
OG_0015650	NC_062247.1	12277286	12309720
OG_0013022	NC_062247.1	12333033	12362051
OG_0002256	NC_062247.1	12343745	12365979
OG_0016616	NC_062247.1	12348677	12381379
OG_0013339	NC_062247.1	12414594	12439985
OG_0006316	NC_062247.1	12430071	12456477
OG_0018849	NC_062247.1	12509716	12531210
OG_0007055	NC_062247.1	12523552	12566591
OG_0016808	NC_062247.1	12554111	12575189
OG_0018618	NC_062247.1	12561325	12583036
OG_0001698	NC_062247.1	12610259	12641551
OG_0002513	NC_062248.1	32556	53656
OG_0007905	NC_062248.1	266335	308816
OG_0018818	NC_062248.1	315827	442374
OG_0001476	NC_062248.1	427351	458599
OG_0017910	NC_062248.1	477865	498587
OG_0007456	NC_062248.1	546334	591334
OG_0002679	NC_062248.1	576191	597165
OG_0012437	NC_062248.1	625254	646483
OG_0007562	NC_062248.1	712795	739361
OG_0011953	NC_062248.1	752984	777364
OG_0017475	NC_062248.1	774927	808579
OG_0015457	NC_062248.1	1319963	1373028
OG_0011994	NC_062248.1	1647000	1671377
OG_0006903	NC_062248.1	1653275	1676652
OG_0001744	NC_062248.1	1799474	1846156
OG_0001743	NC_062248.1	1917596	1960667
OG_0017430	NC_062248.1	1967865	1989688
OG_0018342	NC_062248.1	2060312	2083005
OG_0015788	NC_062248.1	2071851	2099736
OG_0007690	NC_062248.1	2100731	2127773
OG_0009290	NC_062248.1	2133632	2167691
OG_0016680	NC_062248.1	2390511	2412173
OG_0017940	NC_062248.1	2393454	2415205
OG_0001880	NC_062248.1	2531536	2554319
OG_0005844	NC_062248.1	2539695	2560864
OG_0009112	NC_062248.1	2541412	2567974
OG_0011901	NC_062248.1	2576356	2600724
OG_0012792	NC_062248.1	2587582	2622794
OG_0015340	NC_062248.1	2604198	2627857
OG_0003306	NC_062248.1	2659181	2701310
OG_0003305	NC_062248.1	2685619	2722545
OG_0018841	NC_062248.1	3083223	3134221
OG_0000714	NC_062248.1	3214162	3240356
OG_0000566	NC_062248.1	3605041	3635315
OG_0000580	NC_062248.1	3649050	3675898
OG_0001086	NC_062248.1	3659289	3689706
OG_0001242	NC_062248.1	3714823	3761652
OG_0012759	NC_062248.1	3907384	3929933
OG_0012935	NC_062248.1	3925599	3963984
OG_0007837	NC_062248.1	3985749	4009359
OG_0006422	NC_062248.1	3998717	4101648
OG_0013284	NC_062248.1	4096437	4117448
OG_0012140	NC_062248.1	4116416	4137717
OG_0017561	NC_062248.1	4167955	4206870
OG_0017985	NC_062248.1	4196998	4217732
OG_0016570	NC_062248.1	4202377	4260853
OG_0008152	NC_062248.1	4275738	4298182
OG_0008094	NC_062248.1	4295935	4316564
OG_0013925	NC_062248.1	4316193	4361490
OG_0005596	NC_062248.1	4345526	4407970
OG_0006742	NC_062248.1	4393698	4423687
OG_0005701	NC_062248.1	4405242	4427230
OG_0018928	NC_062248.1	4415733	4456456
OG_0005418	NC_062248.1	4439649	4467110
OG_0018301	NC_062248.1	4452784	4473299
OG_0017479	NC_062248.1	4501050	4522925
OG_0018865	NC_062248.1	4534493	4555714
OG_0007285	NC_062248.1	4544778	4570766
OG_0015036	NC_062248.1	4556378	4579935
OG_0009076	NC_062248.1	4570044	4594029
OG_0009284	NC_062248.1	4647764	4682677
OG_0002572	NC_062248.1	4676963	4698698
OG_0009124	NC_062248.1	4696735	4718436
OG_0012255	NC_062248.1	4702533	4740435
OG_0008212	NC_062248.1	4726517	4747143
OG_0015843	NC_062248.1	4751694	4772520
OG_0014354	NC_062248.1	4754959	4781541
OG_0014353	NC_062248.1	4766208	4798834
OG_0011537	NC_062248.1	4810920	4904143
OG_0017133	NC_062248.1	5075383	5096730
OG_0012918	NC_062248.1	5104345	5131941
OG_0005728	NC_062248.1	5121703	5144303
OG_0017401	NC_062248.1	5125290	5146529
OG_0009536	NC_062248.1	5138305	5159183
OG_0001052	NC_062248.1	5143359	5166492
OG_0014166	NC_062248.1	5243072	5328117
OG_0012877	NC_062248.1	5320710	5343783
OG_0012050	NC_062248.1	5334943	5359101
OG_0014295	NC_062248.1	5375963	5403406
OG_0002233	NC_062248.1	5415047	5442066
OG_0006757	NC_062248.1	5428732	5454593
OG_0017494	NC_062248.1	5439715	5460719
OG_0015082	NC_062248.1	5463073	5604174
OG_0006384	NC_062248.1	5594623	5615683
OG_0016239	NC_062248.1	5597703	5622803
OG_0002342	NC_062248.1	5607874	5629334
OG_0005306	NC_062248.1	5613006	5634847
OG_0017474	NC_062248.1	5619561	5640624
OG_0018569	NC_062248.1	5641953	5662709
OG_0016573	NC_062248.1	5650048	5678094
OG_0000021	NC_062248.1	5710403	5736449
OG_0012459	NC_062248.1	5718145	5739933
OG_0014565	NC_062248.1	5725119	5755602
OG_0007184	NC_062248.1	5765477	5787543
OG_0013293	NC_062248.1	5874802	5896026
OG_0011712	NC_062248.1	5933942	5956134
OG_0016711	NC_062248.1	5956254	5990291
OG_0012135	NC_062248.1	5979767	6004396
OG_0017183	NC_062248.1	5985792	6007516
OG_0000829	NC_062248.1	6004844	6032248
OG_0015163	NC_062248.1	6028946	6052203
OG_0018205	NC_062248.1	6036599	6057406
OG_0005490	NC_062248.1	6044662	6066143
OG_0014279	NC_062248.1	6051381	6072675
OG_0009397	NC_062248.1	6054192	6102539
OG_0017323	NC_062248.1	6124897	6149623
OG_0011608	NC_062248.1	6133532	6158807
OG_0005354	NC_062248.1	6139990	6164662
OG_0009526	NC_062248.1	6145430	6184902
OG_0012545	NC_062248.1	6436481	6498313
OG_0017793	NC_062248.1	6551023	6621410
OG_0013177	NC_062248.1	6608077	6654324
OG_0018222	NC_062248.1	6638953	6659303
OG_0014651	NC_062248.1	6713936	6735052
OG_0012118	NC_062248.1	6725093	6747406
OG_0007892	NC_062248.1	6751951	6772960
OG_0017683	NC_062248.1	6999375	7036321
OG_0001963	NC_062248.1	7023469	7045991
OG_0002554	NC_062248.1	7032832	7054547
OG_0014438	NC_062248.1	7044929	7290658
OG_0007729	NC_062248.1	7300788	7348002
OG_0014982	NC_062248.1	7351841	7373328
OG_0015532	NC_062248.1	7353916	7375581
OG_0009147	NC_062248.1	7357329	7382591
OG_0017773	NC_062248.1	7363530	7384872
OG_0013135	NC_062248.1	7412725	7438746
OG_0000020	NC_062248.1	7419844	7443533
OG_0009137	NC_062248.1	7427347	7448620
OG_0013595	NC_062248.1	7433054	7455642
OG_0001681	NC_062248.1	7441561	7464276
OG_0013386	NC_062248.1	7820898	7843395
OG_0012801	NC_062248.1	7909941	7951020
OG_0002175	NC_062248.1	7996358	8045248
OG_0002176	NC_062248.1	8030268	8066075
OG_0002177	NC_062248.1	8050717	8105458
OG_0016512	NC_062248.1	8120327	8144289
OG_0017932	NC_062248.1	8141750	8162191
OG_0009737	NC_062248.1	8148694	8176157
OG_0016229	NC_062248.1	8189610	8216986
OG_0016230	NC_062248.1	8204199	8228545
OG_0017232	NC_062248.1	8241459	8262644
OG_0019009	NC_062248.1	8243455	8263772
OG_0009272	NC_062248.1	8247250	8277133
OG_0019049	NC_062248.1	8262652	8283239
OG_0017452	NC_062248.1	8290802	8311749
OG_0000498	NC_062248.1	8297022	8319609
OG_0015110	NC_062248.1	8321219	8342766
OG_0018002	NC_062248.1	8325901	8346933
OG_0012145	NC_062248.1	8331211	8353261
OG_0012911	NC_062248.1	8339510	8371379
OG_0016347	NC_062248.1	8359418	8382491
OG_0003203	NC_062248.1	8429883	8451310
OG_0013405	NC_062248.1	8496088	8526443
OG_0001748	NC_062248.1	8509650	8531443
OG_0015779	NC_062248.1	8553008	8578465
OG_0006510	NC_062248.1	8573634	8595085
OG_0000250	NC_062248.1	8577855	8607583
OG_0012392	NC_062248.1	8591368	8616222
OG_0012669	NC_062248.1	8597096	8622617
OG_0000645	NC_062248.1	8639230	8676238
OG_0007189	NC_062248.1	8658772	8679836
OG_0017563	NC_062248.1	8735955	8756726
OG_0011399	NC_062248.1	8897737	8935365
OG_0014252	NC_062248.1	8956708	8981002
OG_0006751	NC_062248.1	8977266	9010869
OG_0007433	NC_062248.1	9000283	9026859
OG_0004870	NC_062248.1	9021674	9067417
OG_0006776	NC_062248.1	9053620	9117215
OG_0015576	NC_062248.1	9110871	9136577
OG_0008183	NC_062248.1	9209506	9231386
OG_0015774	NC_062248.1	9464755	9486222
OG_0013952	NC_062248.1	9551605	9574892
OG_0006526	NC_062248.1	9566535	9587206
OG_0017510	NC_062248.1	9574873	9599357
OG_0011534	NC_062248.1	9598577	9743415
OG_0018739	NC_062248.1	9866308	9886706
OG_0011379	NC_062248.1	9935899	9994025
OG_0014993	NC_062248.1	10127141	10150053
OG_0000258	NC_062248.1	10134665	10156992
OG_0013300	NC_062248.1	10162358	10183700
OG_0011741	NC_062248.1	10185197	10236409
OG_0000782	NC_062248.1	10275698	10308585
OG_0000519	NC_062248.1	10295618	10319913
OG_0001978	NC_062248.1	10319232	10341812
OG_0017786	NC_062248.1	10436738	10484634
OG_0016104	NC_062248.1	10562487	10588292
OG_0006689	NC_062248.1	10605759	10631084
OG_0005835	NC_062248.1	10671512	10693141
OG_0004887	NC_062248.1	10735013	10764997
OG_0006358	NC_062248.1	10833108	10879407
OG_0013247	NC_062248.1	10860660	10882919
OG_0017875	NC_062248.1	10905097	10928156
OG_0016015	NC_062248.1	11095557	11126827
OG_0018461	NC_062248.1	11320399	11341771
OG_0012038	NC_062248.1	11338186	11367442
OG_0016014	NC_062248.1	11555384	11578241
OG_0011346	NC_062248.1	11614051	11656162
OG_0006509	NC_062248.1	11734416	11760810
OG_0017526	NC_062248.1	11822195	11845926
OG_0007504	NC_062248.1	11829543	11861803
OG_0000612	NC_062248.1	11847924	11898208
OG_0015450	NC_062248.1	11880768	11906870
OG_0001752	NC_062248.1	11889738	11921839
OG_0014561	NC_062248.1	12000931	12027821
OG_0013040	NC_062248.1	12155476	12218043
OG_0017708	NC_062248.1	12292961	12315429
OG_0017076	NC_062248.1	12307923	12351325
OG_0013984	NC_062248.1	12352770	12374921
OG_0007894	NC_062248.1	12367265	12388176
OG_0000184	NC_062248.1	12372927	12394412
OG_0002392	NC_062248.1	12383366	12405422
OG_0011188	NC_062248.1	12388078	12424966
OG_0018318	NC_062248.1	12413813	12437844
OG_0007817	NC_062248.1	0	12647
OG_0011559	NC_062248.1	0	18699
OG_0011180	NC_062248.1	289954	319812
OG_0012218	NC_062248.1	303426	325105
OG_0018515	NC_062248.1	309236	333497
OG_0009341	NC_062248.1	367314	388126
OG_0013137	NC_062248.1	439350	463669
OG_0017627	NC_062248.1	472302	493804
OG_0000049	NC_062248.1	609910	632404
OG_0001275	NC_062248.1	653168	720562
OG_0013249	NC_062248.1	724486	745928
OG_0007409	NC_062248.1	736581	772427
OG_0018573	NC_062248.1	758388	784105
OG_0018133	NC_062248.1	799254	819652
OG_0006447	NC_062248.1	802606	839505
OG_0007980	NC_062248.1	828718	863705
OG_0017187	NC_062248.1	847204	868064
OG_0000163	NC_062248.1	851336	876091
OG_0013028	NC_062248.1	921383	1079884
OG_0011995	NC_062248.1	1262578	1285142
OG_0000575	NC_062248.1	1462690	1492028
OG_0000567	NC_062248.1	1489935	1514265
OG_0000576	NC_062248.1	1502038	1528724
OG_0000579	NC_062248.1	1545187	1572233
OG_0000587	NC_062248.1	1558984	1589012
OG_0000585	NC_062248.1	1592760	1657141
OG_0005684	NC_062248.1	1668326	1690164
OG_0009459	NC_062248.1	1671898	1694116
OG_0003750	NC_062248.1	2030870	2056902
OG_0002419	NC_062248.1	2048324	2071660
OG_0006476	NC_062248.1	2081935	2118965
OG_0019060	NC_062248.1	2108774	2129389
OG_0008176	NC_062248.1	2111800	2132720
OG_0006501	NC_062248.1	2363566	2387116
OG_0009259	NC_062248.1	2403994	2448395
OG_0012966	NC_062248.1	2431612	2469570
OG_0002098	NC_062248.1	2535362	2556851
OG_0006572	NC_062248.1	2573174	2595753
OG_0015530	NC_062248.1	2610885	2633877
OG_0013761	NC_062248.1	2615629	2636930
OG_0002616	NC_062248.1	2642542	2675478
OG_0003300	NC_062248.1	2714642	2748507
OG_0003301	NC_062248.1	2730203	2756687
OG_0003303	NC_062248.1	2739597	2771388
OG_0003304	NC_062248.1	2761905	2789810
OG_0003302	NC_062248.1	2781970	2806512
OG_0016720	NC_062248.1	3221796	3243613
OG_0011606	NC_062248.1	3246488	3291004
OG_0013937	NC_062248.1	3302595	3327506
OG_0000285	NC_062248.1	3318513	3454776
OG_0017709	NC_062248.1	3441971	3512175
OG_0000581	NC_062248.1	3546717	3584285
OG_0007313	NC_062248.1	3672969	3726204
OG_0017260	NC_062248.1	3709000	3732330
OG_0017193	NC_062248.1	3743820	3769529
OG_0008400	NC_062248.1	3755801	3793801
OG_0002481	NC_062248.1	3828649	3888057
OG_0011595	NC_062248.1	3948546	4005076
OG_0011363	NC_062248.1	3989388	4010422
OG_0011826	NC_062248.1	4083989	4112473
OG_0006519	NC_062248.1	4097784	4118410
OG_0006006	NC_062248.1	4123517	4143942
OG_0006975	NC_062248.1	4192961	4215976
OG_0001765	NC_062248.1	4247869	4293902
OG_0013203	NC_062248.1	4280594	4304571
OG_0005522	NC_062248.1	4296789	4323030
OG_0015772	NC_062248.1	4448162	4472520
OG_0001505	NC_062248.1	4505284	4537630
OG_0001431	NC_062248.1	4542389	4563682
OG_0015784	NC_062248.1	4552850	4574144
OG_0005423	NC_062248.1	4565712	4589398
OG_0015632	NC_062248.1	4575824	4663997
OG_0016145	NC_062248.1	4684044	4708671
OG_0015914	NC_062248.1	4699027	4721766
OG_0001525	NC_062248.1	4720986	4745073
OG_0007736	NC_062248.1	4728736	4757837
OG_0017512	NC_062248.1	4747091	4770461
OG_0016741	NC_062248.1	4752648	4773853
OG_0011416	NC_062248.1	4779550	4800842
OG_0018647	NC_062248.1	5037352	5057552
OG_0008142	NC_062248.1	5042865	5064583
OG_0001496	NC_062248.1	5047172	5068575
OG_0008087	NC_062248.1	5077808	5098807
OG_0013540	NC_062248.1	5116140	5136726
OG_0005501	NC_062248.1	5127717	5148677
OG_0007547	NC_062248.1	5139607	5162575
OG_0016588	NC_062248.1	5149899	5179761
OG_0018081	NC_062248.1	5310619	5332847
OG_0012226	NC_062248.1	5325234	5346412
OG_0002623	NC_062248.1	5426995	5447819
OG_0014255	NC_062248.1	5442180	5467419
OG_0009531	NC_062248.1	5448211	5474528
OG_0014533	NC_062248.1	5457664	5482457
OG_0002667	NC_062248.1	5585132	5608115
OG_0018354	NC_062248.1	5606811	5627227
OG_0009545	NC_062248.1	5609815	5630675
OG_0013954	NC_062248.1	5621520	5644548
OG_0012796	NC_062248.1	5630612	5658810
OG_0014045	NC_062248.1	5643079	5664110
OG_0008489	NC_062248.1	5648180	5669346
OG_0013671	NC_062248.1	5661100	5685400
OG_0013344	NC_062248.1	5667175	5701458
OG_0009342	NC_062248.1	5682289	5703131
OG_0007448	NC_062248.1	5693572	5725394
OG_0013375	NC_062248.1	5720774	5742126
OG_0007217	NC_062248.1	5737820	5762140
OG_0005316	NC_062248.1	5745301	5785642
OG_0014050	NC_062248.1	5876951	5910735
OG_0014049	NC_062248.1	5901510	5941615
OG_0001546	NC_062248.1	5925315	5950400
OG_0012721	NC_062248.1	5937063	5957876
OG_0006467	NC_062248.1	5970712	5992598
OG_0015164	NC_062248.1	6014263	6040427
OG_0018257	NC_062248.1	6047545	6069614
OG_0005538	NC_062248.1	6049937	6070677
OG_0005858	NC_062248.1	6635224	6657490
OG_0014549	NC_062248.1	6696037	6716942
OG_0015453	NC_062248.1	6703044	6732296
OG_0018773	NC_062248.1	6715980	6736456
OG_0013865	NC_062248.1	6735499	6757668
OG_0006731	NC_062248.1	6742067	6762798
OG_0001611	NC_062248.1	7018512	7042351
OG_0011784	NC_062248.1	7026469	7050582
OG_0014625	NC_062248.1	7347661	7370279
OG_0001605	NC_062248.1	7377686	7431639
OG_0014682	NC_062248.1	7423745	7444590
OG_0001198	NC_062248.1	7438378	7461043
OG_0011269	NC_062248.1	7447491	7476157
OG_0013829	NC_062248.1	7809836	7838139
OG_0001421	NC_062248.1	7823536	7844741
OG_0011825	NC_062248.1	8106771	8133767
OG_0006451	NC_062248.1	8125395	8146667
OG_0009585	NC_062248.1	8128908	8150591
OG_0015589	NC_062248.1	8133361	8158693
OG_0014514	NC_062248.1	8143632	8165397
OG_0000395	NC_062248.1	8156217	8180495
OG_0008364	NC_062248.1	8211423	8240858
OG_0007642	NC_062248.1	8234958	8257864
OG_0014412	NC_062248.1	8242654	8265902
OG_0018293	NC_062248.1	8263614	8284121
OG_0011805	NC_062248.1	8306765	8329643
OG_0016758	NC_062248.1	8314761	8339140
OG_0012815	NC_062248.1	8322983	8343730
OG_0000499	NC_062248.1	8328540	8350052
OG_0014240	NC_062248.1	8356681	8377504
OG_0018953	NC_062248.1	8357989	8378931
OG_0014116	NC_062248.1	8488343	8515074
OG_0019156	NC_062248.1	8507838	8528673
OG_0001180	NC_062248.1	8575619	8596371
OG_0018046	NC_062248.1	8590230	8610613
OG_0005226	NC_062248.1	8604091	8658057
OG_0016300	NC_062248.1	8656650	8677750
OG_0016991	NC_062248.1	8661035	8682549
OG_0003556	NC_062248.1	8664973	8697304
OG_0014226	NC_062248.1	8700703	8721743
OG_0016176	NC_062248.1	8702478	8755149
OG_0016237	NC_062248.1	8740628	8777714
OG_0002343	NC_062248.1	8759175	8795714
OG_0013048	NC_062248.1	8825854	8878335
OG_0013152	NC_062248.1	8916793	8952901
OG_0006553	NC_062248.1	9006937	9028682
OG_0016784	NC_062248.1	9010286	9031983
OG_0011956	NC_062248.1	9103113	9128914
OG_0015426	NC_062248.1	9118740	9146222
OG_0017136	NC_062248.1	9131084	9154949
OG_0007111	NC_062248.1	9181772	9204748
OG_0019037	NC_062248.1	9192814	9214479
OG_0008182	NC_062248.1	9218146	9239967
OG_0000282	NC_062248.1	9242806	9281125
OG_0007117	NC_062248.1	9398979	9421842
OG_0002744	NC_062248.1	9453816	9479545
OG_0002552	NC_062248.1	9469318	9585737
OG_0012228	NC_062248.1	9571892	9592937
OG_0009608	NC_062248.1	9580517	9612921
OG_0012769	NC_062248.1	9745925	9800153
OG_0018417	NC_062248.1	9892450	9930056
OG_0016432	NC_062248.1	9925812	9954186
OG_0017590	NC_062248.1	10133254	10161652
OG_0011699	NC_062248.1	10300699	10335573
OG_0015978	NC_062248.1	10322910	10355355
OG_0006841	NC_062248.1	10432940	10455474
OG_0007153	NC_062248.1	10576117	10690679
OG_0005655	NC_062248.1	10677428	10749245
OG_0014012	NC_062248.1	10732270	10754178
OG_0015952	NC_062248.1	10748437	10794676
OG_0016941	NC_062248.1	10783377	10811141
OG_0008137	NC_062248.1	10863431	10884591
OG_0001652	NC_062248.1	11264569	11289764
OG_0017091	NC_062248.1	11283022	11309449
OG_0001651	NC_062248.1	11290107	11318513
OG_0009622	NC_062248.1	11645310	11693960
OG_0005272	NC_062248.1	11842379	11865615
OG_0000160	NC_062248.1	11848030	11875512
OG_0008757	NC_062248.1	11887155	11908619
OG_0009706	NC_062248.1	11938430	12001264
OG_0015355	NC_062248.1	12009938	12036452
OG_0017815	NC_062248.1	12299693	12321716
OG_0005802	NC_062248.1	12347445	12370090
OG_0012601	NC_062248.1	12368575	12390055
OG_0003097	NC_062248.1	12375408	12396574
OG_0011570	NC_062249.1	34766	56067
OG_0013969	NC_062249.1	44933	66745
OG_0014125	NC_062249.1	66296	88635
OG_0014126	NC_062249.1	71359	119340
OG_0015800	NC_062249.1	115262	163740
OG_0000742	NC_062249.1	164682	188978
OG_0013821	NC_062249.1	274116	303211
OG_0011362	NC_062249.1	381104	402234
OG_0018518	NC_062249.1	390217	415703
OG_0015667	NC_062249.1	445539	576034
OG_0002436	NC_062249.1	605805	639963
OG_0002511	NC_062249.1	650010	695438
OG_0012085	NC_062249.1	676993	698010
OG_0016887	NC_062249.1	689684	714296
OG_0000975	NC_062249.1	704046	725579
OG_0000747	NC_062249.1	717887	746248
OG_0015917	NC_062249.1	903219	924937
OG_0015920	NC_062249.1	906828	930538
OG_0018085	NC_062249.1	937217	958960
OG_0005467	NC_062249.1	997454	1018155
OG_0009007	NC_062249.1	1019386	1039625
OG_0014588	NC_062249.1	1025574	1048680
OG_0008086	NC_062249.1	1029259	1050050
OG_0015757	NC_062249.1	1046992	1068173
OG_0015756	NC_062249.1	1055672	1098147
OG_0000230	NC_062249.1	1095221	1121621
OG_0000231	NC_062249.1	1114143	1135475
OG_0006899	NC_062249.1	1124852	1158305
OG_0014124	NC_062249.1	1414505	1436547
OG_0017074	NC_062249.1	1741776	1775719
OG_0005459	NC_062249.1	1779550	1800492
OG_0002600	NC_062249.1	1911765	1935587
OG_0016094	NC_062249.1	2049509	2072988
OG_0000598	NC_062249.1	2053816	2111971
OG_0001596	NC_062249.1	2186158	2315281
OG_0000475	NC_062249.1	2329428	2365797
OG_0001370	NC_062249.1	2374190	2405615
OG_0007838	NC_062249.1	2396627	2419077
OG_0001772	NC_062249.1	2401485	2424517
OG_0017117	NC_062249.1	2408731	2452242
OG_0015214	NC_062249.1	2438356	2462692
OG_0005508	NC_062249.1	2479311	2500513
OG_0007337	NC_062249.1	2485641	2518406
OG_0018828	NC_062249.1	2679127	2701010
OG_0018827	NC_062249.1	2685516	2722441
OG_0007108	NC_062249.1	2856577	3043088
OG_0011222	NC_062249.1	3106914	3137427
OG_0006958	NC_062249.1	3198206	3231916
OG_0005351	NC_062249.1	3227171	3271043
OG_0017259	NC_062249.1	3253904	3303709
OG_0005428	NC_062249.1	3288301	3310742
OG_0001318	NC_062249.1	3299855	3337181
OG_0017089	NC_062249.1	3332690	3354958
OG_0011412	NC_062249.1	3359560	3383638
OG_0005628	NC_062249.1	3377851	3405189
OG_0000988	NC_062249.1	3392811	3420839
OG_0014375	NC_062249.1	3464610	3495542
OG_0015428	NC_062249.1	3514287	3540880
OG_0002118	NC_062249.1	3562603	3635184
OG_0009515	NC_062249.1	3688944	3712264
OG_0009457	NC_062249.1	3707492	3729945
OG_0012340	NC_062249.1	3713890	3748473
OG_0000252	NC_062249.1	3734116	3788897
OG_0013464	NC_062249.1	3773080	3793553
OG_0016273	NC_062249.1	3773559	3796053
OG_0014001	NC_062249.1	3783741	3881122
OG_0006419	NC_062249.1	3927145	3949256
OG_0002434	NC_062249.1	3983558	4005503
OG_0001761	NC_062249.1	4127960	4178947
OG_0005810	NC_062249.1	4314393	4358593
OG_0019055	NC_062249.1	4372746	4398377
OG_0016474	NC_062249.1	4390971	4454183
OG_0013812	NC_062249.1	4499609	4547697
OG_0000035	NC_062249.1	4627739	4675845
OG_0017396	NC_062249.1	4674362	4697474
OG_0017007	NC_062249.1	4685284	4711338
OG_0016028	NC_062249.1	4695462	4723552
OG_0002622	NC_062249.1	4726185	4754798
OG_0006314	NC_062249.1	4751309	4773057
OG_0006407	NC_062249.1	4764618	4821901
OG_0011835	NC_062249.1	4810144	4840995
OG_0007326	NC_062249.1	4827713	4892350
OG_0013195	NC_062249.1	4917418	4989390
OG_0009525	NC_062249.1	5032857	5090278
OG_0005394	NC_062249.1	5114764	5143763
OG_0003327	NC_062249.1	5164023	5189516
OG_0016023	NC_062249.1	5216210	5254623
OG_0007075	NC_062249.1	5348712	5389331
OG_0005898	NC_062249.1	5947365	5968468
OG_0015812	NC_062249.1	5961390	5982933
OG_0014468	NC_062249.1	5994914	6048331
OG_0002461	NC_062249.1	6049621	6075960
OG_0007331	NC_062249.1	6192371	6222193
OG_0008361	NC_062249.1	6205439	6239035
OG_0000451	NC_062249.1	6349021	6450600
OG_0014197	NC_062249.1	6436670	6457224
OG_0011430	NC_062249.1	6455140	6476938
OG_0013328	NC_062249.1	6507949	6533036
OG_0007556	NC_062249.1	6623364	6657683
OG_0014195	NC_062249.1	6684791	6705321
OG_0007105	NC_062249.1	6723948	6775295
OG_0016447	NC_062249.1	6849375	6976021
OG_0000192	NC_062249.1	7059196	7109615
OG_0017846	NC_062249.1	7132414	7152902
OG_0000513	NC_062249.1	7134708	7166403
OG_0000514	NC_062249.1	7149585	7176551
OG_0011201	NC_062249.1	7181853	7204634
OG_0008342	NC_062249.1	7186778	7223033
OG_0000600	NC_062249.1	7205683	7228730
OG_0013552	NC_062249.1	7212410	7233888
OG_0003504	NC_062249.1	7226101	7256637
OG_0005492	NC_062249.1	7260593	7281333
OG_0007712	NC_062249.1	7263390	7306806
OG_0013515	NC_062249.1	7328591	7349202
OG_0006707	NC_062249.1	7340812	7362517
OG_0007398	NC_062249.1	7345402	7399129
OG_0012380	NC_062249.1	7426601	7462998
OG_0012965	NC_062249.1	7479390	7517204
OG_0016255	NC_062249.1	7510075	7536444
OG_0002301	NC_062249.1	7535138	7559907
OG_0013496	NC_062249.1	7554277	7577887
OG_0002636	NC_062249.1	7571782	7593567
OG_0002638	NC_062249.1	7582671	7604972
OG_0002637	NC_062249.1	7586581	7608952
OG_0005602	NC_062249.1	7687365	7708468
OG_0018019	NC_062249.1	7697596	7718409
OG_0007774	NC_062249.1	7701635	7722757
OG_0018559	NC_062249.1	7708404	7729495
OG_0017380	NC_062249.1	7745493	7770435
OG_0017914	NC_062249.1	7758668	7779422
OG_0009708	NC_062249.1	7762335	7783003
OG_0017880	NC_062249.1	7772783	7793809
OG_0013319	NC_062249.1	7841987	7865296
OG_0007780	NC_062249.1	7851153	7873200
OG_0016320	NC_062249.1	7895276	7921968
OG_0001259	NC_062249.1	8022803	8087220
OG_0000842	NC_062249.1	8079890	8106419
OG_0009335	NC_062249.1	8096108	8117877
OG_0012682	NC_062249.1	8129240	8153151
OG_0002341	NC_062249.1	8322967	8352497
OG_0016415	NC_062249.1	8334003	8364177
OG_0012950	NC_062249.1	8355968	8380567
OG_0000984	NC_062249.1	8368477	8399281
OG_0009731	NC_062249.1	8389579	8417237
OG_0014242	NC_062249.1	8473690	8494547
OG_0016078	NC_062249.1	8493821	8516414
OG_0017645	NC_062249.1	8505166	8546377
OG_0017195	NC_062249.1	8534069	8586148
OG_0001334	NC_062249.1	8590557	8629745
OG_0014747	NC_062249.1	8699711	8723143
OG_0005834	NC_062249.1	8791170	8815524
OG_0015976	NC_062249.1	8871234	8899578
OG_0008348	NC_062249.1	8920417	8951619
OG_0007727	NC_062249.1	8932442	8959388
OG_0009741	NC_062249.1	8942363	8973151
OG_0000381	NC_062249.1	9057748	9096856
OG_0005524	NC_062249.1	9088579	9119567
OG_0014004	NC_062249.1	9201150	9226520
OG_0015518	NC_062249.1	9213337	9237582
OG_0014003	NC_062249.1	9228501	9253600
OG_0015350	NC_062249.1	9337228	9365024
OG_0005581	NC_062249.1	9642688	9676663
OG_0006354	NC_062249.1	9842799	9902554
OG_0013734	NC_062249.1	9885941	9906978
OG_0006853	NC_062249.1	9938999	9960955
OG_0019035	NC_062249.1	9967998	9988668
OG_0013194	NC_062249.1	10012386	10033081
OG_0013193	NC_062249.1	10013085	10034094
OG_0007305	NC_062249.1	10124896	10155016
OG_0016203	NC_062249.1	10155318	10189632
OG_0007306	NC_062249.1	10223934	10248140
OG_0000705	NC_062249.1	10266484	10289269
OG_0011466	NC_062249.1	10270709	10291977
OG_0005863	NC_062249.1	10278437	10299510
OG_0012765	NC_062249.1	10323117	10343647
OG_0002735	NC_062249.1	10509924	10531970
OG_0006530	NC_062249.1	10525930	10547419
OG_0018398	NC_062249.1	10677589	10703301
OG_0017528	NC_062249.1	10686114	10726815
OG_0015625	NC_062249.1	10715183	10753115
OG_0017410	NC_062249.1	10737799	10761326
OG_0002577	NC_062249.1	10748278	10770211
OG_0006520	NC_062249.1	10759003	10827375
OG_0007781	NC_062249.1	11278269	11299069
OG_0016530	NC_062249.1	11334612	11359751
OG_0005410	NC_062249.1	11359844	11381913
OG_0016370	NC_062249.1	11373335	11396733
OG_0007995	NC_062249.1	11381106	11419233
OG_0015133	NC_062249.1	11523513	11548216
OG_0005553	NC_062249.1	11576263	11604907
OG_0008602	NC_062249.1	11618143	11638424
OG_0012915	NC_062249.1	11621230	11652988
OG_0014663	NC_062249.1	11642025	11663203
OG_0006890	NC_062249.1	11682842	11719502
OG_0006786	NC_062249.1	11961115	11987171
OG_0007659	NC_062249.1	12189409	12213958
OG_0018082	NC_062249.1	12224595	12245516
OG_0012737	NC_062249.1	12230524	12252206
OG_0013744	NC_062249.1	12242674	12264982
OG_0011694	NC_062249.1	12352810	12378294
OG_0001373	NC_062249.1	12361819	12388065
OG_0005676	NC_062249.1	12388130	12420654
OG_0006397	NC_062249.1	36147	58288
OG_0002592	NC_062249.1	46908	67475
OG_0017301	NC_062249.1	52986	83660
OG_0007891	NC_062249.1	68908	89773
OG_0012443	NC_062249.1	78526	101054
OG_0002230	NC_062249.1	107002	128855
OG_0010935	NC_062249.1	148468	169116
OG_0007465	NC_062249.1	169860	197989
OG_0003390	NC_062249.1	353796	378973
OG_0016232	NC_062249.1	371924	396326
OG_0005891	NC_062249.1	383078	408857
OG_0018571	NC_062249.1	398536	422188
OG_0002599	NC_062249.1	623211	649105
OG_0001331	NC_062249.1	629815	654577
OG_0000352	NC_062249.1	679313	708891
OG_0013101	NC_062249.1	696273	723001
OG_0018477	NC_062249.1	706943	737386
OG_0016805	NC_062249.1	731570	809033
OG_0019152	NC_062249.1	880819	916262
OG_0015652	NC_062249.1	944457	1015512
OG_0009564	NC_062249.1	1022564	1044692
OG_0005793	NC_062249.1	1032149	1060429
OG_0018927	NC_062249.1	1048375	1069107
OG_0006762	NC_062249.1	1083369	1113794
OG_0006978	NC_062249.1	1103842	1127607
OG_0005884	NC_062249.1	1108376	1133859
OG_0012081	NC_062249.1	1115665	1138086
OG_0017470	NC_062249.1	1120574	1143997
OG_0012457	NC_062249.1	1652481	1679797
OG_0005751	NC_062249.1	1758952	1797552
OG_0007269	NC_062249.1	1785971	1901520
OG_0007083	NC_062249.1	1899969	1923177
OG_0007500	NC_062249.1	1923468	1983067
OG_0002423	NC_062249.1	2103917	2133460
OG_0009375	NC_062249.1	2127897	2161918
OG_0009374	NC_062249.1	2143057	2168881
OG_0009377	NC_062249.1	2150545	2186307
OG_0018104	NC_062249.1	2325867	2346763
OG_0013968	NC_062249.1	2399178	2420680
OG_0016520	NC_062249.1	2452870	2498903
OG_0018489	NC_062249.1	2480905	2503392
OG_0015207	NC_062249.1	2579685	2659881
OG_0006654	NC_062249.1	2705757	2748646
OG_0013264	NC_062249.1	3067721	3093971
OG_0013097	NC_062249.1	3121795	3149853
OG_0002601	NC_062249.1	3137006	3162858
OG_0018062	NC_062249.1	3285946	3307048
OG_0005770	NC_062249.1	3291467	3319253
OG_0000654	NC_062249.1	3321928	3351568
OG_0016752	NC_062249.1	3335421	3356739
OG_0011259	NC_062249.1	3339841	3364887
OG_0007253	NC_062249.1	3366401	3388671
OG_0018646	NC_062249.1	3391258	3411970
OG_0011637	NC_062249.1	3406286	3446829
OG_0008131	NC_062249.1	3478147	3499683
OG_0001131	NC_062249.1	3482890	3525326
OG_0015502	NC_062249.1	3521944	3542621
OG_0011573	NC_062249.1	3524455	3562401
OG_0015971	NC_062249.1	3864814	3901475
OG_0016650	NC_062249.1	3924402	3946363
OG_0014492	NC_062249.1	3936162	3958782
OG_0015076	NC_062249.1	3943889	3980469
OG_0014493	NC_062249.1	3969983	3993137
OG_0018077	NC_062249.1	3979192	3999590
OG_0017295	NC_062249.1	4249097	4280061
OG_0014478	NC_062249.1	4286431	4328343
OG_0001759	NC_062249.1	4497629	4518677
OG_0001135	NC_062249.1	4657783	4678427
OG_0015526	NC_062249.1	4681118	4704413
OG_0015111	NC_062249.1	4737166	4769844
OG_0000036	NC_062249.1	4974571	5031554
OG_0018790	NC_062249.1	5076336	5133694
OG_0000439	NC_062249.1	5128220	5155587
OG_0016873	NC_062249.1	5179032	5232710
OG_0007107	NC_062249.1	5239800	5308055
OG_0013810	NC_062249.1	5304042	5337949
OG_0012838	NC_062249.1	5372927	5413282
OG_0013957	NC_062249.1	5396711	5475433
OG_0002595	NC_062249.1	5619324	5643201
OG_0005496	NC_062249.1	5951104	5975431
OG_0007539	NC_062249.1	5964597	6013429
OG_0006412	NC_062249.1	6031551	6068535
OG_0011758	NC_062249.1	6439518	6472197
OG_0007739	NC_062249.1	6640667	6702589
OG_0014194	NC_062249.1	6686940	6707452
OG_0002009	NC_062249.1	6960512	6981843
OG_0007924	NC_062249.1	6965044	6989351
OG_0006047	NC_062249.1	7014947	7035518
OG_0011477	NC_062249.1	7036716	7077290
OG_0019023	NC_062249.1	7092493	7114271
OG_0000431	NC_062249.1	7160086	7199753
OG_0006538	NC_062249.1	7215764	7245662
OG_0016904	NC_062249.1	7237438	7261903
OG_0009697	NC_062249.1	7254169	7276039
OG_0001930	NC_062249.1	7288503	7320625
OG_0004591	NC_062249.1	7323998	7346542
OG_0009598	NC_062249.1	7338310	7359629
OG_0007397	NC_062249.1	7382158	7445128
OG_0002094	NC_062249.1	7516573	7537366
OG_0001994	NC_062249.1	7517578	7543760
OG_0012934	NC_062249.1	7540046	7562654
OG_0005093	NC_062249.1	7592376	7618647
OG_0001823	NC_062249.1	7602242	7647784
OG_0015853	NC_062249.1	7671835	7701630
OG_0018592	NC_062249.1	7685024	7705771
OG_0018628	NC_062249.1	7720181	7741113
OG_0018250	NC_062249.1	7725245	7746129
OG_0003073	NC_062249.1	7737854	7759018
OG_0000665	NC_062249.1	7759829	7780643
OG_0014260	NC_062249.1	7775757	7796607
OG_0000932	NC_062249.1	7780311	7814671
OG_0012074	NC_062249.1	7796415	7826935
OG_0002526	NC_062249.1	7833834	7861496
OG_0018537	NC_062249.1	7844134	7864607
OG_0018707	NC_062249.1	7846154	7867281
OG_0013166	NC_062249.1	7854675	7894751
OG_0001107	NC_062249.1	7907183	7999219
OG_0017587	NC_062249.1	8069429	8095440
OG_0001196	NC_062249.1	8086862	8109608
OG_0015112	NC_062249.1	8091992	8114255
OG_0009407	NC_062249.1	8098294	8124720
OG_0011463	NC_062249.1	8144490	8263196
OG_0002455	NC_062249.1	8349651	8374685
OG_0000969	NC_062249.1	8362678	8386038
OG_0001785	NC_062249.1	8379681	8409125
OG_0018373	NC_062249.1	8437064	8465709
OG_0017418	NC_062249.1	8471176	8492305
OG_0002522	NC_062249.1	8497168	8524236
OG_0006512	NC_062249.1	8527476	8548258
OG_0011539	NC_062249.1	8570352	8609851
OG_0001732	NC_062249.1	8612256	8635024
OG_0012908	NC_062249.1	8704651	8783474
OG_0000137	NC_062249.1	8777664	8808998
OG_0001509	NC_062249.1	8801395	8857335
OG_0000380	NC_062249.1	8954150	8976207
OG_0000382	NC_062249.1	8974097	9067732
OG_0015529	NC_062249.1	9050202	9072231
OG_0001657	NC_062249.1	9101079	9161109
OG_0006959	NC_062249.1	9150411	9175058
OG_0013261	NC_062249.1	9160071	9196857
OG_0017008	NC_062249.1	9236204	9260984
OG_0018483	NC_062249.1	9243276	9264692
OG_0010152	NC_062249.1	9289576	9311554
OG_0015801	NC_062249.1	9298642	9320354
OG_0017180	NC_062249.1	9306126	9329172
OG_0016655	NC_062249.1	9317631	9343179
OG_0016945	NC_062249.1	9884439	9905305
OG_0001587	NC_062249.1	9888392	9948084
OG_0014146	NC_062249.1	9941801	9986789
OG_0016796	NC_062249.1	9996440	10026817
OG_0012271	NC_062249.1	10008053	10031561
OG_0012544	NC_062249.1	10014885	10039805
OG_0009651	NC_062249.1	10074269	10106845
OG_0009652	NC_062249.1	10092885	10132497
OG_0002212	NC_062249.1	10240247	10284213
OG_0013461	NC_062249.1	10264847	10285919
OG_0005683	NC_062249.1	10274582	10296590
OG_0016337	NC_062249.1	10280194	10301598
OG_0004301	NC_062249.1	10285114	10312896
OG_0011303	NC_062249.1	10298133	10321385
OG_0015361	NC_062249.1	10311644	10341388
OG_0009428	NC_062249.1	10353386	10551392
OG_0000003	NC_062249.1	10711649	10733895
OG_0011992	NC_062249.1	10741964	10763220
OG_0007886	NC_062249.1	10754571	10778295
OG_0014065	NC_062249.1	10845293	11003997
OG_0017292	NC_062249.1	11166043	11187735
OG_0002640	NC_062249.1	11213878	11234639
OG_0017930	NC_062249.1	11377506	11398760
OG_0012220	NC_062249.1	11405264	11439551
OG_0000502	NC_062249.1	11500476	11530356
OG_0018686	NC_062249.1	11558167	11582825
OG_0001763	NC_062249.1	11571285	11595134
OG_0002082	NC_062249.1	11585030	11623230
OG_0016252	NC_062249.1	11633773	11655597
OG_0014656	NC_062249.1	11637298	11661536
OG_0016602	NC_062249.1	11644433	11665355
OG_0016601	NC_062249.1	11652658	11681011
OG_0013099	NC_062249.1	11662704	11687949
OG_0013673	NC_062249.1	11691412	11713137
OG_0012835	NC_062249.1	11709617	11731026
OG_0015941	NC_062249.1	11978943	12025529
OG_0015942	NC_062249.1	12059410	12168792
OG_0011329	NC_062249.1	12194686	12236505
OG_0018548	NC_062249.1	12220703	12243743
OG_0000405	NC_062249.1	12225676	12249557
OG_0001969	NC_062249.1	12236370	12262112
OG_0000642	NC_062249.1	12264599	12288614
OG_0000644	NC_062249.1	12269246	12295133
OG_0008371	NC_062250.1	42440	65445
OG_0015676	NC_062250.1	50359	74869
OG_0015585	NC_062250.1	66972	91257
OG_0015820	NC_062250.1	98622	126564
OG_0006417	NC_062250.1	119748	152282
OG_0016689	NC_062250.1	141568	168379
OG_0002013	NC_062250.1	274945	299573
OG_0000322	NC_062250.1	880906	926300
OG_0000517	NC_062250.1	924744	959264
OG_0013779	NC_062250.1	942255	972095
OG_0018154	NC_062250.1	962908	983427
OG_0005629	NC_062250.1	965831	987702
OG_0014539	NC_062250.1	970520	998489
OG_0013880	NC_062250.1	988442	1009845
OG_0006974	NC_062250.1	992464	1013992
OG_0017067	NC_062250.1	1051274	1072241
OG_0018611	NC_062250.1	1057562	1078246
OG_0017384	NC_062250.1	1065591	1089715
OG_0013317	NC_062250.1	1192904	1226157
OG_0012897	NC_062250.1	1455063	1548264
OG_0012274	NC_062250.1	1965414	2096081
OG_0017217	NC_062250.1	2613479	2635641
OG_0013218	NC_062250.1	2619163	2640867
OG_0008052	NC_062250.1	2625068	2650050
OG_0017299	NC_062250.1	2631957	2661043
OG_0012538	NC_062250.1	2712671	2734002
OG_0000788	NC_062250.1	2722736	2789336
OG_0001686	NC_062250.1	2788815	2815604
OG_0019110	NC_062250.1	2810555	2831021
OG_0012092	NC_062250.1	2814652	2849981
OG_0005322	NC_062250.1	2849284	2874768
OG_0009107	NC_062250.1	2867806	2888681
OG_0016561	NC_062250.1	2873498	2917206
OG_0006435	NC_062250.1	3205250	3234758
OG_0011449	NC_062250.1	3246294	3323586
OG_0007632	NC_062250.1	3325010	3355197
OG_0013005	NC_062250.1	3339032	3391204
OG_0002139	NC_062250.1	3400718	3423786
OG_0004777	NC_062250.1	3407510	3434121
OG_0003338	NC_062250.1	3931160	3954324
OG_0001365	NC_062250.1	4060919	4086492
OG_0011554	NC_062250.1	4071958	4094202
OG_0011555	NC_062250.1	4074812	4095993
OG_0017589	NC_062250.1	4106953	4128731
OG_0000968	NC_062250.1	4112005	4134625
OG_0012240	NC_062250.1	4121669	4146702
OG_0013047	NC_062250.1	4136497	4162310
OG_0002218	NC_062250.1	4188033	4227933
OG_0017329	NC_062250.1	4256463	4278682
OG_0007644	NC_062250.1	4259962	4298256
OG_0017288	NC_062250.1	4318010	4339862
OG_0016607	NC_062250.1	4329273	4362589
OG_0006629	NC_062250.1	4371181	4414810
OG_0014360	NC_062250.1	4407209	4447778
OG_0007722	NC_062250.1	4667054	4687767
OG_0014519	NC_062250.1	4741624	4769368
OG_0017211	NC_062250.1	4804721	4835604
OG_0015231	NC_062250.1	4817963	4842763
OG_0015830	NC_062250.1	4829177	4863471
OG_0015670	NC_062250.1	4850867	4872904
OG_0014966	NC_062250.1	4866469	4897302
OG_0016323	NC_062250.1	4880559	4901593
OG_0016453	NC_062250.1	4903774	4981236
OG_0012250	NC_062250.1	5140104	5166143
OG_0007777	NC_062250.1	5152083	5174749
OG_0007691	NC_062250.1	5166353	5206160
OG_0016886	NC_062250.1	5670025	5701955
OG_0018295	NC_062250.1	5688103	5711175
OG_0018265	NC_062250.1	5698686	5719792
OG_0016430	NC_062250.1	5719053	5804636
OG_0006719	NC_062250.1	5828087	5855998
OG_0013421	NC_062250.1	5848441	5885205
OG_0007732	NC_062250.1	5870387	6091354
OG_0011833	NC_062250.1	6088439	6115206
OG_0016591	NC_062250.1	6164256	6186047
OG_0014270	NC_062250.1	6178836	6202482
OG_0007158	NC_062250.1	6227130	6404491
OG_0009070	NC_062250.1	6419347	6452935
OG_0018366	NC_062250.1	6494783	6544263
OG_0009164	NC_062250.1	6537498	6567116
OG_0001498	NC_062250.1	6566401	6610933
OG_0005537	NC_062250.1	6615156	6811920
OG_0007402	NC_062250.1	6801602	6826239
OG_0008105	NC_062250.1	6813811	6840892
OG_0000802	NC_062250.1	6845986	6878000
OG_0005487	NC_062250.1	6874037	6894747
OG_0012064	NC_062250.1	6901096	6924131
OG_0008275	NC_062250.1	6923413	6987786
OG_0009308	NC_062250.1	6974321	7056427
OG_0012753	NC_062250.1	7049623	7070521
OG_0012453	NC_062250.1	7054872	7079976
OG_0014396	NC_062250.1	7085331	7155792
OG_0002143	NC_062250.1	7175902	7208628
OG_0002369	NC_062250.1	7210612	7231721
OG_0012974	NC_062250.1	7213106	7234575
OG_0016007	NC_062250.1	7222210	7287674
OG_0007760	NC_062250.1	7423870	7486555
OG_0018400	NC_062250.1	7475931	7499642
OG_0016124	NC_062250.1	7587817	7682843
OG_0000257	NC_062250.1	7830987	7853676
OG_0003352	NC_062250.1	7918490	7942510
OG_0018666	NC_062250.1	7939212	7959781
OG_0000786	NC_062250.1	7986355	8014792
OG_0014164	NC_062250.1	7997961	8020456
OG_0000910	NC_062250.1	8022817	8064459
OG_0018418	NC_062250.1	8061987	8083603
OG_0018330	NC_062250.1	8065972	8094795
OG_0008964	NC_062250.1	8209707	8232233
OG_0015691	NC_062250.1	8231311	8260877
OG_0001341	NC_062250.1	8258330	8295819
OG_0011725	NC_062250.1	8410427	8532974
OG_0006839	NC_062250.1	8612471	8634625
OG_0007491	NC_062250.1	8775480	8888084
OG_0004516	NC_062250.1	8898591	8981509
OG_0003114	NC_062250.1	8966235	8991909
OG_0018824	NC_062250.1	8983366	9036758
OG_0017715	NC_062250.1	9036959	9079581
OG_0017205	NC_062250.1	9106038	9129776
OG_0002742	NC_062250.1	9297072	9320867
OG_0017838	NC_062250.1	9470767	9492439
OG_0015979	NC_062250.1	9797178	9824226
OG_0005780	NC_062250.1	9843620	9867795
OG_0014426	NC_062250.1	9861015	9891477
OG_0008035	NC_062250.1	9904031	9947991
OG_0017740	NC_062250.1	10077085	10154328
OG_0001048	NC_062250.1	10149007	10184086
OG_0002287	NC_062250.1	10186978	10209113
OG_0015829	NC_062250.1	10195335	10217264
OG_0002060	NC_062250.1	10202821	10225586
OG_0017722	NC_062250.1	10234670	10258392
OG_0014010	NC_062250.1	10238687	10259187
OG_0011448	NC_062250.1	10287904	10312536
OG_0000625	NC_062250.1	10342035	10384337
OG_0018347	NC_062250.1	10366042	10387627
OG_0012108	NC_062250.1	10370189	10398968
OG_0005599	NC_062250.1	10379922	10438871
OG_0013604	NC_062250.1	10594425	10620942
OG_0018698	NC_062250.1	10643732	10665816
OG_0016386	NC_062250.1	10649598	10672175
OG_0015320	NC_062250.1	10677705	10700721
OG_0016610	NC_062250.1	10723548	10745425
OG_0013314	NC_062250.1	10738799	10760182
OG_0006311	NC_062250.1	10742522	10766868
OG_0015013	NC_062250.1	10778279	10798620
OG_0017564	NC_062250.1	10802632	10823619
OG_0001012	NC_062250.1	10853075	10892362
OG_0000943	NC_062250.1	10878677	10903614
OG_0011331	NC_062250.1	10940608	11052324
OG_0016129	NC_062250.1	11276580	11323151
OG_0018997	NC_062250.1	11325641	11358762
OG_0017155	NC_062250.1	11419961	11445041
OG_0015246	NC_062250.1	11479259	11524646
OG_0001584	NC_062250.1	11565206	11591594
OG_0008024	NC_062250.1	11585935	11619446
OG_0015987	NC_062250.1	11660901	11708768
OG_0016914	NC_062250.1	11696555	11718024
OG_0017995	NC_062250.1	11754418	11783410
OG_0001616	NC_062250.1	11868310	11892325
OG_0014429	NC_062250.1	11945848	11974515
OG_0018535	NC_062250.1	11969847	11990350
OG_0016258	NC_062250.1	11982925	12009878
OG_0015533	NC_062250.1	12024021	12045163
OG_0011976	NC_062250.1	12025633	12050720
OG_0001054	NC_062250.1	12058408	12079913
OG_0011393	NC_062250.1	12064120	12086945
OG_0011387	NC_062250.1	12070723	12104500
OG_0013922	NC_062250.1	12087922	12108999
OG_0011689	NC_062250.1	12100072	12122516
OG_0005720	NC_062250.1	12104607	12143241
OG_0015628	NC_062250.1	57239	84836
OG_0005521	NC_062250.1	115196	137070
OG_0012831	NC_062250.1	122305	144147
OG_0000312	NC_062250.1	161043	207274
OG_0005726	NC_062250.1	187934	218726
OG_0012873	NC_062250.1	200515	237522
OG_0016184	NC_062250.1	237480	258985
OG_0012754	NC_062250.1	248543	271050
OG_0012387	NC_062250.1	266647	294529
OG_0007753	NC_062250.1	337378	362288
OG_0008036	NC_062250.1	735830	756456
OG_0006315	NC_062250.1	910905	943110
OG_0002395	NC_062250.1	969435	990002
OG_0006638	NC_062250.1	979969	1007439
OG_0001203	NC_062250.1	990342	1012133
OG_0013431	NC_062250.1	995801	1025402
OG_0013432	NC_062250.1	1009409	1054278
OG_0016248	NC_062250.1	1039470	1070593
OG_0011395	NC_062250.1	1053049	1076512
OG_0012896	NC_062250.1	1276381	1317850
OG_0001559	NC_062250.1	2185783	2319102
OG_0015551	NC_062250.1	2577394	2599642
OG_0018621	NC_062250.1	2621605	2643259
OG_0000311	NC_062250.1	2643591	2731590
OG_0001835	NC_062250.1	2714517	2738678
OG_0006666	NC_062250.1	2770204	2794853
OG_0005454	NC_062250.1	2795770	2821101
OG_0017803	NC_062250.1	2811340	2831981
OG_0000686	NC_062250.1	2812228	2833915
OG_0009483	NC_062250.1	2835920	2868665
OG_0011443	NC_062250.1	2855240	2877768
OG_0014431	NC_062250.1	2900295	2921830
OG_0015915	NC_062250.1	2920714	2948319
OG_0015134	NC_062250.1	2929907	2950478
OG_0017182	NC_062250.1	3129333	3159481
OG_0015072	NC_062250.1	3180532	3224272
OG_0001891	NC_062250.1	3335262	3355895
OG_0012746	NC_062250.1	3404134	3425155
OG_0008127	NC_062250.1	3611314	3650893
OG_0014218	NC_062250.1	4078871	4100129
OG_0012661	NC_062250.1	4084616	4113466
OG_0016665	NC_062250.1	4095648	4126140
OG_0015822	NC_062250.1	4109384	4130872
OG_0001764	NC_062250.1	4129959	4154673
OG_0011407	NC_062250.1	4210005	4233473
OG_0001190	NC_062250.1	4236185	4273603
OG_0006942	NC_062250.1	4291251	4312277
OG_0008227	NC_062250.1	4294043	4330357
OG_0002026	NC_062250.1	4343475	4369300
OG_0002149	NC_062250.1	4354190	4380959
OG_0001680	NC_062250.1	4472539	4493729
OG_0007720	NC_062250.1	4568922	4589500
OG_0007721	NC_062250.1	4695066	4715665
OG_0016538	NC_062250.1	4824112	4845597
OG_0016536	NC_062250.1	4827482	4848450
OG_0018654	NC_062250.1	4846644	4868088
OG_0016660	NC_062250.1	4853566	4876391
OG_0014243	NC_062250.1	4879325	4900317
OG_0012130	NC_062250.1	4967985	4989952
OG_0012331	NC_062250.1	5124202	5145431
OG_0007345	NC_062250.1	5129065	5159247
OG_0017429	NC_062250.1	5147514	5168802
OG_0006150	NC_062250.1	5148850	5169185
OG_0015908	NC_062250.1	5157748	5184283
OG_0007699	NC_062250.1	5489818	5531533
OG_0014420	NC_062250.1	5692969	5715749
OG_0009273	NC_062250.1	5790039	5817202
OG_0006365	NC_062250.1	6097567	6127311
OG_0018095	NC_062250.1	6386866	6421937
OG_0017310	NC_062250.1	6530425	6551306
OG_0015121	NC_062250.1	6554924	6583971
OG_0014297	NC_062250.1	6597902	6624717
OG_0018434	NC_062250.1	6798006	6819201
OG_0004603	NC_062250.1	6822165	6854144
OG_0017375	NC_062250.1	6875362	6899006
OG_0001353	NC_062250.1	6909343	6941227
OG_0002617	NC_062250.1	6968920	6993419
OG_0013397	NC_062250.1	7040564	7063530
OG_0012157	NC_062250.1	7045694	7067840
OG_0000656	NC_062250.1	7050898	7073280
OG_0007266	NC_062250.1	7063120	7085353
OG_0007583	NC_062250.1	7066942	7094157
OG_0001017	NC_062250.1	7138088	7173762
OG_0011533	NC_062250.1	7195445	7230153
OG_0016812	NC_062250.1	7273172	7293729
OG_0011766	NC_062250.1	7299206	7324124
OG_0014296	NC_062250.1	7480909	7510468
OG_0014370	NC_062250.1	7505921	7528680
OG_0015565	NC_062250.1	7946061	7972347
OG_0018143	NC_062250.1	7984096	8005625
OG_0000712	NC_062250.1	8009380	8031876
OG_0002168	NC_062250.1	8048090	8077400
OG_0018723	NC_062250.1	8060020	8080586
OG_0014848	NC_062250.1	8065277	8085504
OG_0009637	NC_062250.1	8206521	8227534
OG_0006561	NC_062250.1	8214143	8249935
OG_0013802	NC_062250.1	8241760	8271819
OG_0014556	NC_062250.1	8252857	8276547
OG_0017177	NC_062250.1	8307984	8367115
OG_0008073	NC_062250.1	8366459	8396910
OG_0012425	NC_062250.1	8392250	8417512
OG_0018430	NC_062250.1	8488201	8510172
OG_0017504	NC_062250.1	8495295	8516837
OG_0014582	NC_062250.1	8975203	9002551
OG_0015896	NC_062250.1	9030440	9053444
OG_0009313	NC_062250.1	9067926	9091053
OG_0009314	NC_062250.1	9093143	9118375
OG_0000624	NC_062250.1	9378834	9456270
OG_0000623	NC_062250.1	9589955	9659917
OG_0003388	NC_062250.1	9757122	9785701
OG_0003387	NC_062250.1	9781791	9812957
OG_0003386	NC_062250.1	9806057	9834239
OG_0012390	NC_062250.1	9821056	9842480
OG_0019100	NC_062250.1	9825122	9846200
OG_0000822	NC_062250.1	9836659	9880152
OG_0012664	NC_062250.1	9905142	9941403
OG_0013170	NC_062250.1	9946135	10019537
OG_0017558	NC_062250.1	10135658	10162588
OG_0000927	NC_062250.1	10168414	10190252
OG_0013288	NC_062250.1	10171389	10192577
OG_0018136	NC_062250.1	10180731	10201404
OG_0002565	NC_062250.1	10191625	10213066
OG_0007496	NC_062250.1	10197896	10222052
OG_0018509	NC_062250.1	10209825	10251829
OG_0007140	NC_062250.1	10296452	10361164
OG_0002018	NC_062250.1	10364436	10385515
OG_0012671	NC_062250.1	10368369	10388890
OG_0018343	NC_062250.1	10653313	10675473
OG_0015470	NC_062250.1	10656778	10679622
OG_0012701	NC_062250.1	10664982	10685991
OG_0002597	NC_062250.1	10693865	10725277
OG_0016913	NC_062250.1	10709773	10731314
OG_0012251	NC_062250.1	10714712	10742075
OG_0009154	NC_062250.1	10725526	10746422
OG_0007702	NC_062250.1	10740881	10761380
OG_0001253	NC_062250.1	10754028	10797259
OG_0007983	NC_062250.1	10793990	10821555
OG_0015417	NC_062250.1	10842525	10867469
OG_0002733	NC_062250.1	10887325	10909324
OG_0009721	NC_062250.1	10889877	10911882
OG_0018140	NC_062250.1	11040865	11061718
OG_0012766	NC_062250.1	11055641	11078189
OG_0015299	NC_062250.1	11059383	11162854
OG_0003220	NC_062250.1	11173799	11287135
OG_0015384	NC_062250.1	11389642	11421787
OG_0007038	NC_062250.1	11505784	11526605
OG_0015000	NC_062250.1	11572415	11593404
OG_0015001	NC_062250.1	11573655	11594080
OG_0018360	NC_062250.1	11657373	11677729
OG_0000149	NC_062250.1	11725042	11746541
OG_0014427	NC_062250.1	11745364	11770862
OG_0017321	NC_062250.1	11963311	11984591
OG_0002741	NC_062250.1	11964931	11987849
OG_0005525	NC_062250.1	11971185	11995460
OG_0016781	NC_062250.1	11994352	12027396
OG_0013211	NC_062250.1	12031941	12066203
OG_0002743	NC_062250.1	12049536	12071508
OG_0007967	NC_062250.1	12053038	12077306
OG_0018638	NC_062250.1	12086138	12106707
OG_0007936	NC_062250.1	12089228	12109980
OG_0019038	NC_062250.1	12093106	12113660
OG_0018132	NC_062250.1	12128688	12149035
OG_0015114	NC_062250.1	12134803	12156946
OG_0015848	NC_062251.1	176260	200726
OG_0016122	NC_062251.1	219861	241367
OG_0012521	NC_062251.1	227720	256839
OG_0006511	NC_062251.1	256068	279282
OG_0014491	NC_062251.1	313741	346148
OG_0012214	NC_062251.1	328782	355899
OG_0013916	NC_062251.1	350960	388875
OG_0017374	NC_062251.1	483068	510326
OG_0013605	NC_062251.1	522872	548559
OG_0001871	NC_062251.1	604891	634994
OG_0009159	NC_062251.1	850386	871228
OG_0011432	NC_062251.1	980108	1010335
OG_0005622	NC_062251.1	1242059	1269591
OG_0002128	NC_062251.1	1257428	1278243
OG_0018027	NC_062251.1	1347544	1370040
OG_0017100	NC_062251.1	1355589	1384300
OG_0002248	NC_062251.1	1380656	1407193
OG_0017333	NC_062251.1	1439472	1462723
OG_0015029	NC_062251.1	1580195	1634706
OG_0018705	NC_062251.1	1648760	1671461
OG_0018538	NC_062251.1	1714964	1736022
OG_0007329	NC_062251.1	1768931	1814155
OG_0000911	NC_062251.1	1849474	1896458
OG_0016798	NC_062251.1	1892026	1920608
OG_0014247	NC_062251.1	1917375	1946345
OG_0009046	NC_062251.1	1995159	2015527
OG_0013481	NC_062251.1	2096504	2117281
OG_0001218	NC_062251.1	2097730	2126529
OG_0015429	NC_062251.1	2226613	2266762
OG_0012718	NC_062251.1	2279573	2302469
OG_0013715	NC_062251.1	2357613	2378467
OG_0008694	NC_062251.1	2445760	2467619
OG_0017843	NC_062251.1	2592007	2612579
OG_0005700	NC_062251.1	2615272	2637283
OG_0012262	NC_062251.1	2731835	2768121
OG_0018935	NC_062251.1	2777811	2798630
OG_0016271	NC_062251.1	2824795	2868679
OG_0012997	NC_062251.1	2869138	2932983
OG_0001792	NC_062251.1	2984453	3020179
OG_0012760	NC_062251.1	3018731	3043129
OG_0018245	NC_062251.1	3044999	3065871
OG_0000248	NC_062251.1	3057249	3088493
OG_0016803	NC_062251.1	3238124	3273557
OG_0015179	NC_062251.1	3328819	3365391
OG_0016804	NC_062251.1	3381594	3420162
OG_0016799	NC_062251.1	3479909	3518585
OG_0001038	NC_062251.1	3503553	3526467
OG_0005771	NC_062251.1	3598587	3621425
OG_0016800	NC_062251.1	3614223	3647875
OG_0016801	NC_062251.1	3683941	3714565
OG_0014521	NC_062251.1	3696727	3736097
OG_0007603	NC_062251.1	3743843	3794042
OG_0001304	NC_062251.1	3804518	3836976
OG_0013002	NC_062251.1	4041469	4063537
OG_0001481	NC_062251.1	4046969	4069194
OG_0006008	NC_062251.1	4401641	4423038
OG_0018688	NC_062251.1	4453430	4479005
OG_0013315	NC_062251.1	4461551	4485439
OG_0016652	NC_062251.1	4885687	4920574
OG_0005957	NC_062251.1	4974456	4995135
OG_0012029	NC_062251.1	4977133	4998452
OG_0000859	NC_062251.1	5035151	5072669
OG_0015924	NC_062251.1	5056382	5077466
OG_0003010	NC_062251.1	5102881	5146743
OG_0001074	NC_062251.1	5394991	5418554
OG_0017024	NC_062251.1	5483966	5517931
OG_0005370	NC_062251.1	5530343	5576300
OG_0001786	NC_062251.1	5574610	5606374
OG_0012483	NC_062251.1	5608526	5679272
OG_0013753	NC_062251.1	5679945	5732302
OG_0006714	NC_062251.1	5718437	5742488
OG_0017687	NC_062251.1	5744339	5773889
OG_0008099	NC_062251.1	5762543	5788557
OG_0013804	NC_062251.1	5779698	5801037
OG_0013757	NC_062251.1	5795658	5820217
OG_0009506	NC_062251.1	5899304	5924181
OG_0001540	NC_062251.1	5944711	5967822
OG_0003154	NC_062251.1	5951093	6000111
OG_0016919	NC_062251.1	6006786	6044318
OG_0003209	NC_062251.1	6029150	6064576
OG_0018473	NC_062251.1	6100144	6120990
OG_0017605	NC_062251.1	6358631	6464751
OG_0001530	NC_062251.1	6502340	6533169
OG_0002200	NC_062251.1	6685184	6760612
OG_0001800	NC_062251.1	6771262	6810692
OG_0012504	NC_062251.1	6792598	6814037
OG_0013510	NC_062251.1	6828185	6855352
OG_0017066	NC_062251.1	6922454	6960995
OG_0013621	NC_062251.1	6946604	6977682
OG_0011383	NC_062251.1	6976104	7040855
OG_0005513	NC_062251.1	7131070	7159839
OG_0018969	NC_062251.1	7433044	7455487
OG_0007653	NC_062251.1	7634740	7656341
OG_0013133	NC_062251.1	7658781	7679683
OG_0006211	NC_062251.1	7819541	7843915
OG_0000527	NC_062251.1	7853147	7876694
OG_0014665	NC_062251.1	8286623	8310279
OG_0007897	NC_062251.1	8333061	8361255
OG_0008186	NC_062251.1	8365429	8400698
OG_0002163	NC_062251.1	8442613	8483980
OG_0002691	NC_062251.1	8746973	8770404
OG_0015414	NC_062251.1	8816398	8838431
OG_0009600	NC_062251.1	9495584	9526598
OG_0001323	NC_062251.1	9549471	9570654
OG_0017861	NC_062251.1	9554720	9575052
OG_0013429	NC_062251.1	9556851	9624204
OG_0012013	NC_062251.1	9627094	9657685
OG_0006792	NC_062251.1	9655590	9682129
OG_0001270	NC_062251.1	9680121	9719137
OG_0001888	NC_062251.1	9699946	9721179
OG_0005772	NC_062251.1	9748271	9785888
OG_0000945	NC_062251.1	9781580	9818960
OG_0019078	NC_062251.1	9868546	9890161
OG_0007871	NC_062251.1	9892785	9915307
OG_0006883	NC_062251.1	10063706	10085316
OG_0000112	NC_062251.1	10260666	10281517
OG_0016482	NC_062251.1	11018352	11052409
OG_0010070	NC_062251.1	11105760	11127538
OG_0015248	NC_062251.1	11192126	11212552
OG_0009504	NC_062251.1	11260243	11280763
OG_0018952	NC_062251.1	85026	107590
OG_0016522	NC_062251.1	94153	148743
OG_0018665	NC_062251.1	181888	204833
OG_0006967	NC_062251.1	240112	275506
OG_0001634	NC_062251.1	262921	306559
OG_0013334	NC_062251.1	310743	332689
OG_0013862	NC_062251.1	347356	368801
OG_0012981	NC_062251.1	639781	749239
OG_0016551	NC_062251.1	800284	832692
OG_0017018	NC_062251.1	951675	1095044
OG_0018989	NC_062251.1	1132099	1198709
OG_0012782	NC_062251.1	1199501	1252654
OG_0008272	NC_062251.1	1275648	1339410
OG_0001701	NC_062251.1	1331678	1365978
OG_0009155	NC_062251.1	1368048	1396724
OG_0009666	NC_062251.1	1390327	1451525
OG_0011504	NC_062251.1	1528159	1582885
OG_0012352	NC_062251.1	1632506	1658813
OG_0006486	NC_062251.1	1909211	1936057
OG_0000544	NC_062251.1	1928676	1968701
OG_0007354	NC_062251.1	1975505	2002488
OG_0001981	NC_062251.1	1987068	2007988
OG_0012735	NC_062251.1	2009965	2031032
OG_0017946	NC_062251.1	2015156	2037586
OG_0007708	NC_062251.1	2056803	2085580
OG_0001216	NC_062251.1	2089086	2112638
OG_0001783	NC_062251.1	2093090	2115870
OG_0007575	NC_062251.1	2111953	2160306
OG_0012851	NC_062251.1	2192795	2245090
OG_0011879	NC_062251.1	2254274	2286948
OG_0011196	NC_062251.1	2775665	2797203
OG_0018017	NC_062251.1	2854629	2882592
OG_0006747	NC_062251.1	3002177	3035544
OG_0001580	NC_062251.1	3500628	3523207
OG_0005899	NC_062251.1	3539648	3576039
OG_0016612	NC_062251.1	3565708	3618080
OG_0011577	NC_062251.1	3880395	3922847
OG_0012602	NC_062251.1	4289642	4313247
OG_0018097	NC_062251.1	4329070	4351544
OG_0001231	NC_062251.1	4344136	4366538
OG_0001637	NC_062251.1	4361660	4383537
OG_0013175	NC_062251.1	4481946	4516196
OG_0007037	NC_062251.1	4503722	4532442
OG_0000166	NC_062251.1	4704203	4726489
OG_0001636	NC_062251.1	4799798	4820928
OG_0012304	NC_062251.1	4880318	4904419
OG_0006744	NC_062251.1	4954311	4991776
OG_0013545	NC_062251.1	4978902	5000035
OG_0014013	NC_062251.1	4981162	5042103
OG_0009338	NC_062251.1	5060700	5103264
OG_0007770	NC_062251.1	5129685	5161451
OG_0005544	NC_062251.1	5144656	5180257
OG_0007286	NC_062251.1	5161094	5208787
OG_0012716	NC_062251.1	5569069	5591223
OG_0018416	NC_062251.1	5665692	5692851
OG_0001870	NC_062251.1	5677966	5699126
OG_0012946	NC_062251.1	5724958	5763855
OG_0012688	NC_062251.1	5776055	5797513
OG_0014869	NC_062251.1	5791520	5813074
OG_0015431	NC_062251.1	5886420	5918886
OG_0007584	NC_062251.1	5919445	5963366
OG_0011274	NC_062251.1	5950793	6021006
OG_0012149	NC_062251.1	6005145	6026350
OG_0015351	NC_062251.1	6053199	6090689
OG_0013384	NC_062251.1	6102257	6125101
OG_0014672	NC_062251.1	6115465	6141099
OG_0009379	NC_062251.1	6135959	6272957
OG_0001631	NC_062251.1	6292400	6365619
OG_0001632	NC_062251.1	6347200	6376836
OG_0005338	NC_062251.1	6463418	6517253
OG_0014408	NC_062251.1	6541911	6595526
OG_0017105	NC_062251.1	6643125	6672479
OG_0008246	NC_062251.1	6744240	6790470
OG_0005397	NC_062251.1	6814753	6847661
OG_0011702	NC_062251.1	6837512	6864340
OG_0002662	NC_062251.1	6847050	6867805
OG_0012741	NC_062251.1	6890483	6921389
OG_0002239	NC_062251.1	6915645	6941827
OG_0005782	NC_062251.1	7025157	7048866
OG_0000935	NC_062251.1	7079116	7106749
OG_0007405	NC_062251.1	7091410	7132904
OG_0013049	NC_062251.1	7145438	7176012
OG_0009543	NC_062251.1	7162612	7192580
OG_0000990	NC_062251.1	7378122	7400281
OG_0011690	NC_062251.1	7401533	7423119
OG_0015253	NC_062251.1	8188177	8210671
OG_0009084	NC_062251.1	8306062	8332155
OG_0006793	NC_062251.1	8323554	8351768
OG_0011698	NC_062251.1	8363501	8384421
OG_0013102	NC_062251.1	8415752	8454978
OG_0007998	NC_062251.1	8625962	8648073
OG_0001269	NC_062251.1	9475486	9512332
OG_0009352	NC_062251.1	9510025	9531542
OG_0011273	NC_062251.1	9513704	9557623
OG_0015900	NC_062251.1	9548412	9568789
OG_0011480	NC_062251.1	9666999	9693860
OG_0013204	NC_062251.1	9714897	9759549
OG_0007553	NC_062251.1	9895965	9921332
OG_0000365	NC_062251.1	10672536	10699791
OG_0014967	NC_062251.1	11481023	11503239
OG_0008933	NC_062251.1	11534847	11556085
OG_0018778	NC_062252.1	20706	163155
OG_0014517	NC_062252.1	174067	214040
OG_0000597	NC_062252.1	245233	305522
OG_0014198	NC_062252.1	305446	325988
OG_0015168	NC_062252.1	331803	372870
OG_0014652	NC_062252.1	657329	678006
OG_0003355	NC_062252.1	781983	806877
OG_0000240	NC_062252.1	849872	882509
OG_0000468	NC_062252.1	928602	1015103
OG_0009580	NC_062252.1	1001352	1042040
OG_0000965	NC_062252.1	1051099	1072214
OG_0006194	NC_062252.1	1136300	1157562
OG_0003048	NC_062252.1	1151632	1174141
OG_0017278	NC_062252.1	1276600	1304126
OG_0002607	NC_062252.1	1342781	1371898
OG_0002312	NC_062252.1	1637772	1668635
OG_0016039	NC_062252.1	1775926	1801143
OG_0000671	NC_062252.1	1862997	1911752
OG_0005914	NC_062252.1	2099423	2211245
OG_0001121	NC_062252.1	2197922	2223107
OG_0012883	NC_062252.1	2400520	2434787
OG_0013345	NC_062252.1	2496163	2600394
OG_0011807	NC_062252.1	2587908	2611213
OG_0007782	NC_062252.1	2963411	2991912
OG_0006683	NC_062252.1	2997688	3021703
OG_0015330	NC_062252.1	3181719	3213272
OG_0003331	NC_062252.1	3245182	3274918
OG_0011778	NC_062252.1	3285243	3319081
OG_0012125	NC_062252.1	3307926	3332639
OG_0001985	NC_062252.1	3345471	3374795
OG_0007000	NC_062252.1	3355125	3376414
OG_0002298	NC_062252.1	3404116	3433336
OG_0017276	NC_062252.1	3431608	3455463
OG_0008178	NC_062252.1	3441594	3477224
OG_0002311	NC_062252.1	3517484	3549543
OG_0015838	NC_062252.1	3604675	3629764
OG_0015243	NC_062252.1	3911425	3933248
OG_0013419	NC_062252.1	4000592	4030962
OG_0012111	NC_062252.1	4186220	4211032
OG_0014516	NC_062252.1	4269393	4310131
OG_0017777	NC_062252.1	4472578	4515275
OG_0018808	NC_062252.1	4599197	4646261
OG_0001300	NC_062252.1	4659426	4813711
OG_0012870	NC_062252.1	4849554	4872436
OG_0014589	NC_062252.1	4857696	4899642
OG_0011844	NC_062252.1	4897020	4926834
OG_0013458	NC_062252.1	4965442	5006626
OG_0000315	NC_062252.1	4989104	5038020
OG_0013627	NC_062252.1	5381183	5408208
OG_0016753	NC_062252.1	5609605	5631054
OG_0006687	NC_062252.1	5614335	5636403
OG_0007698	NC_062252.1	5633821	5656643
OG_0007564	NC_062252.1	5640797	5661774
OG_0013371	NC_062252.1	5756573	5779759
OG_0012756	NC_062252.1	5761251	5805618
OG_0015310	NC_062252.1	5882878	5909548
OG_0016295	NC_062252.1	5955635	6017436
OG_0000792	NC_062252.1	6007009	6042292
OG_0011366	NC_062252.1	6024396	6127018
OG_0006373	NC_062252.1	6126777	6148911
OG_0002160	NC_062252.1	6142666	6168323
OG_0017466	NC_062252.1	6155674	6177014
OG_0001526	NC_062252.1	6195493	6235217
OG_0018890	NC_062252.1	6232114	6254517
OG_0011673	NC_062252.1	6636577	6671953
OG_0011674	NC_062252.1	6653424	6676819
OG_0018931	NC_062252.1	6684878	6705766
OG_0011442	NC_062252.1	6792690	6821965
OG_0013554	NC_062252.1	6814052	6836029
OG_0017030	NC_062252.1	6954960	6991066
OG_0002621	NC_062252.1	7294986	7316572
OG_0001095	NC_062252.1	7343754	7418635
OG_0016016	NC_062252.1	7608609	7915191
OG_0005558	NC_062252.1	8006235	8074986
OG_0000941	NC_062252.1	8108573	8130862
OG_0017547	NC_062252.1	8116997	8140185
OG_0002737	NC_062252.1	8663293	8701200
OG_0001716	NC_062252.1	8799620	8830436
OG_0005207	NC_062252.1	8819412	8851115
OG_0014401	NC_062252.1	8842844	8916903
OG_0007470	NC_062252.1	8909162	8930742
OG_0013951	NC_062252.1	8935742	8957122
OG_0017256	NC_062252.1	9152622	9182697
OG_0017967	NC_062252.1	9193221	9215703
OG_0001514	NC_062252.1	9752390	9776542
OG_0013769	NC_062252.1	9760274	9783842
OG_0001114	NC_062252.1	9806622	9865982
OG_0000501	NC_062252.1	9863404	9925806
OG_0007067	NC_062252.1	9950828	9985576
OG_0006532	NC_062252.1	10016042	10136266
OG_0006531	NC_062252.1	10324084	10378938
OG_0018539	NC_062252.1	10395748	10419319
OG_0007256	NC_062252.1	10433259	10471433
OG_0000378	NC_062252.1	10534555	10576346
OG_0016883	NC_062252.1	10563261	10584502
OG_0012217	NC_062252.1	10568620	10591467
OG_0017867	NC_062252.1	10588015	10609325
OG_0017407	NC_062252.1	10957161	11063830
OG_0015190	NC_062252.1	11243765	11324415
OG_0012403	NC_062252.1	11362987	11422274
OG_0015626	NC_062252.1	11409902	11440591
OG_0012451	NC_062252.1	11433720	11456180
OG_0009471	NC_062252.1	11455800	11484394
OG_0005860	NC_062252.1	11597112	11617888
OG_0017879	NC_062252.1	11598645	11619199
OG_0005458	NC_062252.1	11604748	11628279
OG_0012309	NC_062252.1	11622410	11657235
OG_0012323	NC_062252.1	11643451	11666251
OG_0018875	NC_062252.1	11659965	11681282
OG_0006637	NC_062252.1	11661799	11682643
OG_0012665	NC_062252.1	11676157	11697572
OG_0016735	NC_062252.1	58772	79689
OG_0008238	NC_062252.1	145786	169394
OG_0002231	NC_062252.1	300970	322769
OG_0014193	NC_062252.1	303242	323841
OG_0012977	NC_062252.1	311352	351139
OG_0009095	NC_062252.1	363695	403857
OG_0014371	NC_062252.1	433657	480076
OG_0000013	NC_062252.1	528912	651148
OG_0014474	NC_062252.1	661234	735749
OG_0013164	NC_062252.1	791621	825403
OG_0013281	NC_062252.1	838897	859433
OG_0015303	NC_062252.1	870839	901651
OG_0016634	NC_062252.1	905364	932475
OG_0002457	NC_062252.1	1075266	1253176
OG_0002229	NC_062252.1	1358530	1430864
OG_0001798	NC_062252.1	1433255	1481178
OG_0016969	NC_062252.1	1464926	1486836
OG_0017633	NC_062252.1	1474269	1522780
OG_0005562	NC_062252.1	1532936	1560432
OG_0016527	NC_062252.1	1544775	1568158
OG_0008022	NC_062252.1	1565216	1629915
OG_0007204	NC_062252.1	1653801	1693272
OG_0018522	NC_062252.1	1700220	1763664
OG_0000212	NC_062252.1	1755261	1794154
OG_0016687	NC_062252.1	1893465	1958270
OG_0012377	NC_062252.1	2078317	2116135
OG_0019044	NC_062252.1	2098087	2118697
OG_0000424	NC_062252.1	2216212	2238035
OG_0014192	NC_062252.1	2274865	2295419
OG_0002127	NC_062252.1	2332963	2360625
OG_0004376	NC_062252.1	2350176	2376118
OG_0018067	NC_062252.1	2967342	2987810
OG_0012767	NC_062252.1	2983475	3005688
OG_0009173	NC_062252.1	2986797	3009787
OG_0011939	NC_062252.1	3004362	3028000
OG_0002184	NC_062252.1	3011241	3117471
OG_0003333	NC_062252.1	3259682	3286951
OG_0013982	NC_062252.1	3277042	3304310
OG_0012810	NC_062252.1	3300617	3324097
OG_0011792	NC_062252.1	3313662	3364827
OG_0011752	NC_062252.1	3357084	3421928
OG_0007826	NC_062252.1	3460072	3492341
OG_0017406	NC_062252.1	3614568	3637476
OG_0002183	NC_062252.1	3690221	3775163
OG_0007928	NC_062252.1	3898268	3919357
OG_0002505	NC_062252.1	3913390	3935942
OG_0011437	NC_062252.1	3940385	3962938
OG_0001206	NC_062252.1	3965139	4008409
OG_0012630	NC_062252.1	4128808	4187551
OG_0000588	NC_062252.1	4193313	4218747
OG_0016912	NC_062252.1	4259844	4281316
OG_0014524	NC_062252.1	4345257	4371006
OG_0012830	NC_062252.1	4355054	4400804
OG_0018380	NC_062252.1	4797968	4834185
OG_0013628	NC_062252.1	4843573	4865115
OG_0014551	NC_062252.1	4853511	4875547
OG_0013881	NC_062252.1	4886545	4911067
OG_0000833	NC_062252.1	4907921	4943474
OG_0005583	NC_062252.1	5210518	5264348
OG_0013543	NC_062252.1	5505998	5526945
OG_0017462	NC_062252.1	5543125	5566978
OG_0013453	NC_062252.1	5588124	5627093
OG_0002476	NC_062252.1	5611395	5633425
OG_0018232	NC_062252.1	5616679	5637064
OG_0000926	NC_062252.1	5620336	5642173
OG_0005476	NC_062252.1	5637436	5659821
OG_0017325	NC_062252.1	5642412	5663102
OG_0003316	NC_062252.1	5677920	5709757
OG_0003317	NC_062252.1	5708797	5734767
OG_0013370	NC_062252.1	5741975	5763410
OG_0009518	NC_062252.1	5998970	6022615
OG_0001320	NC_062252.1	6116944	6153756
OG_0005577	NC_062252.1	6151631	6209924
OG_0018326	NC_062252.1	6191616	6213287
OG_0001268	NC_062252.1	6215529	6250765
OG_0015531	NC_062252.1	6284915	6305553
OG_0011486	NC_062252.1	6331956	6378275
OG_0017450	NC_062252.1	6658807	6680149
OG_0017536	NC_062252.1	7143577	7166812
OG_0016241	NC_062252.1	7216539	7292625
OG_0015365	NC_062252.1	7288471	7314074
OG_0002203	NC_062252.1	7299980	7335618
OG_0009470	NC_062252.1	7319971	7358958
OG_0011304	NC_062252.1	7455374	7484367
OG_0016080	NC_062252.1	7898707	7922371
OG_0014573	NC_062252.1	7930397	7959564
OG_0000620	NC_062252.1	7943543	7968198
OG_0011754	NC_062252.1	7954507	8009489
OG_0001441	NC_062252.1	8064898	8101155
OG_0006669	NC_062252.1	8111602	8134092
OG_0016226	NC_062252.1	8216729	8243302
OG_0007261	NC_062252.1	8374140	8443576
OG_0006760	NC_062252.1	8811582	8832538
OG_0017527	NC_062252.1	8833047	8862136
OG_0006533	NC_062252.1	9019747	9114225
OG_0002759	NC_062252.1	9299887	9325754
OG_0003332	NC_062252.1	9543175	9568371
OG_0011187	NC_062252.1	9570964	9619331
OG_0007850	NC_062252.1	9771902	9811938
OG_0005269	NC_062252.1	9912312	9933499
OG_0002297	NC_062252.1	10379058	10552672
OG_0012925	NC_062252.1	10560030	10587943
OG_0015665	NC_062252.1	10578210	10606242
OG_0006320	NC_062252.1	10599214	10621064
OG_0008356	NC_062252.1	10747019	10773421
OG_0009653	NC_062252.1	10777623	10832464
OG_0016031	NC_062252.1	11075179	11096475
OG_0013134	NC_062252.1	11196065	11220846
OG_0011347	NC_062252.1	11205254	11244808
OG_0000891	NC_062252.1	11232545	11253768
OG_0001575	NC_062252.1	11233799	11255974
OG_0012723	NC_062252.1	11240683	11263128
OG_0001356	NC_062252.1	11466310	11494849
OG_0005803	NC_062252.1	11478988	11504714
OG_0015333	NC_062252.1	11485327	11510372
OG_0000223	NC_062252.1	11493455	11525661
OG_0000370	NC_062252.1	11508533	11559506
OG_0012438	NC_062252.1	11542987	11567927
OG_0000921	NC_062252.1	11573536	11609198
OG_0012591	NC_062252.1	11600904	11623051
OG_0015709	NC_062252.1	11609130	11632568
OG_0015705	NC_062252.1	11616530	11641345
OG_0014284	NC_062252.1	11629424	11650246
OG_0016719	NC_062252.1	11638651	11660116
OG_0018163	NC_062252.1	11648422	11670126
OG_0012862	NC_062252.1	11655614	11677884
OG_0012256	NC_062252.1	11669225	11690304
OG_0003369	NC_062253.1	106039	136445
OG_0001057	NC_062253.1	147168	169715
OG_0017146	NC_062253.1	173907	203499
OG_0012489	NC_062253.1	184286	218827
OG_0017057	NC_062253.1	235151	283762
OG_0001789	NC_062253.1	268552	289397
OG_0017058	NC_062253.1	271473	293956
OG_0018009	NC_062253.1	279807	302558
OG_0018315	NC_062253.1	395395	418928
OG_0000189	NC_062253.1	411108	434061
OG_0000493	NC_062253.1	481579	504026
OG_0010234	NC_062253.1	549200	570600
OG_0016112	NC_062253.1	694545	725784
OG_0005531	NC_062253.1	797005	819891
OG_0012657	NC_062253.1	808338	832851
OG_0011203	NC_062253.1	863999	893270
OG_0000140	NC_062253.1	1043153	1202691
OG_0005815	NC_062253.1	1184469	1205544
OG_0017978	NC_062253.1	1212521	1232954
OG_0001187	NC_062253.1	1227425	1254460
OG_0000894	NC_062253.1	1246190	1272776
OG_0013423	NC_062253.1	1278886	1346916
OG_0006775	NC_062253.1	1330824	1370674
OG_0001239	NC_062253.1	1447476	1496302
OG_0011307	NC_062253.1	1721659	1760727
OG_0018256	NC_062253.1	1746589	1767194
OG_0009299	NC_062253.1	1783226	1809920
OG_0014659	NC_062253.1	1876789	1940743
OG_0003371	NC_062253.1	1927617	1964347
OG_0003373	NC_062253.1	1981555	2013770
OG_0003374	NC_062253.1	2002098	2048940
OG_0013670	NC_062253.1	2048176	2080598
OG_0017114	NC_062253.1	2086105	2106944
OG_0006411	NC_062253.1	2167282	2246214
OG_0008251	NC_062253.1	2272856	2313873
OG_0007560	NC_062253.1	2331945	2371618
OG_0017980	NC_062253.1	2389437	2409694
OG_0017383	NC_062253.1	2407441	2443916
OG_0019061	NC_062253.1	2508612	2530437
OG_0017784	NC_062253.1	2582057	2625489
OG_0000466	NC_062253.1	2609845	2633794
OG_0013254	NC_062253.1	2640029	2662214
OG_0014598	NC_062253.1	2759338	2812339
OG_0015435	NC_062253.1	2799180	2820673
OG_0018214	NC_062253.1	2835687	2856347
OG_0001109	NC_062253.1	2898933	2986484
OG_0017154	NC_062253.1	2972714	3008371
OG_0015587	NC_062253.1	3007410	3124010
OG_0012436	NC_062253.1	3135164	3161270
OG_0002780	NC_062253.1	3156613	3180074
OG_0011881	NC_062253.1	3161748	3188074
OG_0000397	NC_062253.1	3173924	3205540
OG_0015455	NC_062253.1	3204572	3227354
OG_0009540	NC_062253.1	3348918	3370988
OG_0015635	NC_062253.1	3363882	3386433
OG_0000459	NC_062253.1	3385650	3409933
OG_0014167	NC_062253.1	3393709	3439652
OG_0000655	NC_062253.1	3566563	3591808
OG_0016449	NC_062253.1	3589834	3616089
OG_0013390	NC_062253.1	3699325	3721096
OG_0017966	NC_062253.1	3702539	3722796
OG_0009140	NC_062253.1	3716945	3766932
OG_0018365	NC_062253.1	3792379	3869908
OG_0016740	NC_062253.1	3962051	3983420
OG_0016238	NC_062253.1	4094005	4131554
OG_0011597	NC_062253.1	4148274	4174444
OG_0007771	NC_062253.1	4304994	4329983
OG_0008147	NC_062253.1	4335877	4384971
OG_0011593	NC_062253.1	4413662	4435347
OG_0017714	NC_062253.1	4442742	4491256
OG_0018117	NC_062253.1	4486392	4507577
OG_0018079	NC_062253.1	4497009	4521726
OG_0002070	NC_062253.1	4566870	4587520
OG_0009343	NC_062253.1	4573170	4594462
OG_0019084	NC_062253.1	4838010	4863794
OG_0016724	NC_062253.1	5020511	5041176
OG_0009496	NC_062253.1	5066739	5088322
OG_0017112	NC_062253.1	5099002	5142847
OG_0011564	NC_062253.1	5126732	5149192
OG_0009361	NC_062253.1	5183493	5208859
OG_0001432	NC_062253.1	5190717	5212222
OG_0018887	NC_062253.1	5193140	5213979
OG_0013269	NC_062253.1	5219702	5242202
OG_0017319	NC_062253.1	5292895	5314131
OG_0007681	NC_062253.1	5302674	5324917
OG_0011342	NC_062253.1	5311684	5336288
OG_0013724	NC_062253.1	5321944	5344914
OG_0014304	NC_062253.1	5640262	5678268
OG_0018402	NC_062253.1	5663374	5683955
OG_0011640	NC_062253.1	5772567	5852041
OG_0002213	NC_062253.1	5844997	5869521
OG_0018455	NC_062253.1	6356802	6379735
OG_0017982	NC_062253.1	6557849	6578182
OG_0001715	NC_062253.1	6844996	6872517
OG_0003267	NC_062253.1	6858688	6881123
OG_0017296	NC_062253.1	7004176	7033543
OG_0000956	NC_062253.1	7020720	7055728
OG_0016555	NC_062253.1	7109512	7131721
OG_0002581	NC_062253.1	7131079	7155128
OG_0015423	NC_062253.1	7170003	7238070
OG_0016424	NC_062253.1	7223323	7246316
OG_0006464	NC_062253.1	7228137	7256590
OG_0001374	NC_062253.1	7237419	7274308
OG_0007322	NC_062253.1	7255290	7280101
OG_0016891	NC_062253.1	7303984	7448100
OG_0002751	NC_062253.1	7433674	7510161
OG_0005495	NC_062253.1	7531586	7565370
OG_0015060	NC_062253.1	7707105	7804271
OG_0015062	NC_062253.1	7784744	7824196
OG_0000835	NC_062253.1	7830115	7863789
OG_0017640	NC_062253.1	7918942	8021345
OG_0000781	NC_062253.1	8003835	8032148
OG_0011877	NC_062253.1	8088057	8110726
OG_0001298	NC_062253.1	8273795	8342768
OG_0015639	NC_062253.1	8554593	8598481
OG_0017468	NC_062253.1	8586884	8612199
OG_0017457	NC_062253.1	8599290	8622921
OG_0002299	NC_062253.1	8619803	8795122
OG_0000743	NC_062253.1	8778679	8811426
OG_0009702	NC_062253.1	8795265	8826862
OG_0012540	NC_062253.1	8839172	8878973
OG_0006559	NC_062253.1	8868009	8907452
OG_0001729	NC_062253.1	8964437	8990011
OG_0017101	NC_062253.1	8971280	9256115
OG_0006622	NC_062253.1	9246389	9268096
OG_0014136	NC_062253.1	9333575	9372022
OG_0016027	NC_062253.1	9353486	9375680
OG_0002207	NC_062253.1	9363497	9384963
OG_0006617	NC_062253.1	9365711	9397013
OG_0018237	NC_062253.1	9381129	9401616
OG_0015893	NC_062253.1	9392151	9414363
OG_0008018	NC_062253.1	9421012	9489366
OG_0013648	NC_062253.1	9635139	9694005
OG_0017011	NC_062253.1	9677865	9700906
OG_0003493	NC_062253.1	9691186	9736194
OG_0018474	NC_062253.1	9755410	9785810
OG_0012116	NC_062253.1	9908428	9980500
OG_0018103	NC_062253.1	9963752	9986618
OG_0012210	NC_062253.1	9967480	10006849
OG_0003178	NC_062253.1	10000687	10042902
OG_0014480	NC_062253.1	10051455	10072756
OG_0008392	NC_062253.1	10104974	10179312
OG_0013966	NC_062253.1	10163447	10185405
OG_0009073	NC_062253.1	10376714	10397613
OG_0011543	NC_062253.1	10407958	10480528
OG_0001921	NC_062253.1	10462704	10484402
OG_0007839	NC_062253.1	10577408	10601077
OG_0018051	NC_062253.1	10592988	10614820
OG_0013407	NC_062253.1	10600959	10622745
OG_0002093	NC_062253.1	10604318	10626209
OG_0009647	NC_062253.1	10614246	10666178
OG_0002276	NC_062253.1	10647130	10669413
OG_0016095	NC_062253.1	10650443	10676265
OG_0018348	NC_062253.1	10662375	10683324
OG_0014316	NC_062253.1	10670592	10693030
OG_0002545	NC_062253.1	10686044	10727445
OG_0001091	NC_062253.1	10724594	10756964
OG_0015543	NC_062253.1	10740467	10761119
OG_0002000	NC_062253.1	10879824	10903384
OG_0002065	NC_062253.1	10928082	10951824
OG_0014498	NC_062253.1	10934319	10954774
OG_0016620	NC_062253.1	11019336	11048614
OG_0018414	NC_062253.1	11032956	11053459
OG_0013333	NC_062253.1	11037555	11061781
OG_0005582	NC_062253.1	11086420	11240216
OG_0011991	NC_062253.1	11223972	11244364
OG_0015558	NC_062253.1	11229056	11251821
OG_0006249	NC_062253.1	11235870	11257611
OG_0006648	NC_062253.1	11245189	11267748
OG_0019073	NC_062253.1	11255272	11276130
OG_0002290	NC_062253.1	11313309	11335433
OG_0003367	NC_062253.1	63471	92803
OG_0011254	NC_062253.1	91212	117518
OG_0001102	NC_062253.1	201553	236623
OG_0012871	NC_062253.1	283669	366111
OG_0013041	NC_062253.1	373968	412208
OG_0002474	NC_062253.1	399345	424717
OG_0013851	NC_062253.1	408983	430233
OG_0001354	NC_062253.1	421474	520740
OG_0003045	NC_062253.1	777909	803507
OG_0018832	NC_062253.1	835073	881959
OG_0003893	NC_062253.1	880201	915702
OG_0011266	NC_062253.1	907536	935988
OG_0008312	NC_062253.1	927151	957986
OG_0001655	NC_062253.1	983401	1005422
OG_0016429	NC_062253.1	1175713	1197347
OG_0007890	NC_062253.1	1185908	1207801
OG_0015797	NC_062253.1	1190049	1212375
OG_0017542	NC_062253.1	1197356	1231865
OG_0018075	NC_062253.1	1328861	1350152
OG_0003370	NC_062253.1	1356257	1391782
OG_0006660	NC_062253.1	1481266	1505235
OG_0001241	NC_062253.1	1566858	1615588
OG_0006991	NC_062253.1	1741853	1764916
OG_0017237	NC_062253.1	1945061	1974934
OG_0003340	NC_062253.1	2139289	2169982
OG_0009667	NC_062253.1	2233801	2274648
OG_0003376	NC_062253.1	2301362	2348458
OG_0000236	NC_062253.1	2382937	2406660
OG_0011937	NC_062253.1	2387109	2409167
OG_0015368	NC_062253.1	2390115	2411280
OG_0013849	NC_062253.1	2428154	2457869
OG_0013635	NC_062253.1	2645066	2670266
OG_0018680	NC_062253.1	2797407	2818263
OG_0011889	NC_062253.1	2806726	2846657
OG_0014283	NC_062253.1	2954856	2976147
OG_0018138	NC_062253.1	2969298	2991136
OG_0011880	NC_062253.1	3143631	3172712
OG_0013726	NC_062253.1	3168714	3190175
OG_0017447	NC_062253.1	3171044	3191644
OG_0000244	NC_062253.1	3185975	3213146
OG_0013388	NC_062253.1	3196498	3223703
OG_0005708	NC_062253.1	3207818	3230268
OG_0015991	NC_062253.1	3215796	3274721
OG_0013921	NC_062253.1	3351897	3375815
OG_0002582	NC_062253.1	3425526	3451574
OG_0003375	NC_062253.1	3435309	3473552
OG_0015441	NC_062253.1	3477100	3511511
OG_0012144	NC_062253.1	3500132	3525612
OG_0015386	NC_062253.1	3507755	3554899
OG_0009576	NC_062253.1	3537392	3586137
OG_0013275	NC_062253.1	3574502	3595783
OG_0013179	NC_062253.1	3600638	3622104
OG_0002495	NC_062253.1	3602184	3624048
OG_0000999	NC_062253.1	3854087	3887542
OG_0009487	NC_062253.1	3873476	3905426
OG_0012945	NC_062253.1	3991056	4090146
OG_0008216	NC_062253.1	4114501	4143259
OG_0005417	NC_062253.1	4126963	4149131
OG_0000387	NC_062253.1	4131349	4167480
OG_0000981	NC_062253.1	4156158	4182902
OG_0012089	NC_062253.1	4164039	4190748
OG_0001161	NC_062253.1	4171754	4195158
OG_0018052	NC_062253.1	4196545	4217158
OG_0001982	NC_062253.1	4198381	4221153
OG_0001199	NC_062253.1	4236273	4257959
OG_0009096	NC_062253.1	4241966	4275075
OG_0008146	NC_062253.1	4311353	4335132
OG_0001311	NC_062253.1	4372852	4407050
OG_0008232	NC_062253.1	4394758	4428483
OG_0016745	NC_062253.1	4415651	4440601
OG_0005813	NC_062253.1	4522084	4542788
OG_0012858	NC_062253.1	4538415	4560199
OG_0014191	NC_062253.1	5027252	5047821
OG_0007380	NC_062253.1	5072908	5094533
OG_0011255	NC_062253.1	5133488	5200873
OG_0012932	NC_062253.1	5198098	5236027
OG_0000959	NC_062253.1	5218929	5247509
OG_0001322	NC_062253.1	5240894	5309479
OG_0002537	NC_062253.1	5294192	5321513
OG_0012690	NC_062253.1	5309724	5330599
OG_0017545	NC_062253.1	5325471	5346367
OG_0014331	NC_062253.1	5349369	5369896
OG_0015311	NC_062253.1	5664280	5685497
OG_0015996	NC_062253.1	5666347	5699458
OG_0009333	NC_062253.1	5843114	5890217
OG_0015857	NC_062253.1	5875132	6028251
OG_0007615	NC_062253.1	6023897	6115067
OG_0007950	NC_062253.1	6298797	6322921
OG_0007177	NC_062253.1	6330809	6354394
OG_0013013	NC_062253.1	6338417	6374651
OG_0014399	NC_062253.1	6435442	6464003
OG_0002014	NC_062253.1	6447273	6484150
OG_0003328	NC_062253.1	6489277	6512067
OG_0012005	NC_062253.1	6495274	6532627
OG_0008344	NC_062253.1	6514132	6576454
OG_0014008	NC_062253.1	6560948	6588666
OG_0009499	NC_062253.1	6759080	6782001
OG_0001664	NC_062253.1	6853677	6875148
OG_0017302	NC_062253.1	6887911	6909246
OG_0009098	NC_062253.1	7112430	7134569
OG_0015539	NC_062253.1	7128504	7150559
OG_0012315	NC_062253.1	7137976	7165111
OG_0013579	NC_062253.1	7263409	7290953
OG_0017499	NC_062253.1	7286781	7314746
OG_0015819	NC_062253.1	7492226	7519068
OG_0006734	NC_062253.1	7546280	7568194
OG_0011296	NC_062253.1	7682998	7726435
OG_0006838	NC_062253.1	7746390	7767178
OG_0001002	NC_062253.1	7807688	7828723
OG_0012281	NC_062253.1	7847721	7882214
OG_0013430	NC_062253.1	7867279	7906123
OG_0012141	NC_062253.1	8017395	8049784
OG_0001079	NC_062253.1	8166208	8198593
OG_0015619	NC_062253.1	8603601	8637826
OG_0017604	NC_062253.1	8791768	8813162
OG_0007349	NC_062253.1	8889056	8960616
OG_0000161	NC_062253.1	9106630	9134155
OG_0014135	NC_062253.1	9256327	9293361
OG_0014133	NC_062253.1	9293226	9324222
OG_0014137	NC_062253.1	9309322	9348281
OG_0016299	NC_062253.1	9330356	9352939
OG_0013978	NC_062253.1	9357106	9381997
OG_0013580	NC_062253.1	9377303	9398721
OG_0000658	NC_062253.1	9384185	9410723
OG_0007940	NC_062253.1	9577921	9599792
OG_0017236	NC_062253.1	9602145	9623835
OG_0013546	NC_062253.1	9609328	9630236
OG_0016983	NC_062253.1	9619333	9641591
OG_0013467	NC_062253.1	9674599	9695556
OG_0011797	NC_062253.1	9681874	9702566
OG_0018610	NC_062253.1	9723668	9748285
OG_0017477	NC_062253.1	9729254	9751013
OG_0017138	NC_062253.1	9775001	9802291
OG_0016630	NC_062253.1	9794013	9824319
OG_0000355	NC_062253.1	9928949	9951144
OG_0012353	NC_062253.1	9987296	10014220
OG_0007046	NC_062253.1	10051351	10082080
OG_0001260	NC_062253.1	10065609	10092651
OG_0017524	NC_062253.1	10160399	10182783
OG_0000606	NC_062253.1	10166295	10282697
OG_0005923	NC_062253.1	10333096	10384487
OG_0018254	NC_062253.1	10402311	10426557
OG_0005688	NC_062253.1	10465568	10554098
OG_0002365	NC_062253.1	10563587	10585515
OG_0012280	NC_062253.1	10583042	10605999
OG_0002462	NC_062253.1	10589238	10612346
OG_0014244	NC_062253.1	10602898	10623794
OG_0013258	NC_062253.1	10607946	10628788
OG_0013845	NC_062253.1	10609479	10631102
OG_0018134	NC_062253.1	10649583	10670001
OG_0001730	NC_062253.1	10658161	10681101
OG_0013760	NC_062253.1	10673972	10696544
OG_0015348	NC_062253.1	10711821	10742906
OG_0017342	NC_062253.1	10738252	10759846
OG_0018319	NC_062253.1	10741269	10761728
OG_0018551	NC_062253.1	10742243	10763400
OG_0010667	NC_062253.1	10821085	10841894
OG_0015080	NC_062253.1	10939651	10978479
OG_0018118	NC_062253.1	11029366	11050143
OG_0011990	NC_062253.1	11225996	11246376
OG_0017290	NC_062253.1	11233147	11254717
OG_0002153	NC_062253.1	11238210	11260217
OG_0015899	NC_062253.1	11247827	11269856
OG_0006455	NC_062253.1	11256332	11277435
OG_0012295	NC_062253.1	11313872	11336115
OG_0012867	NC_062254.1	30296	51622
OG_0013838	NC_062254.1	84377	119849
OG_0017801	NC_062254.1	111194	141230
OG_0013324	NC_062254.1	162515	184698
OG_0000346	NC_062254.1	199841	257577
OG_0003349	NC_062254.1	274098	295651
OG_0015385	NC_062254.1	277297	304172
OG_0006865	NC_062254.1	438696	482624
OG_0014249	NC_062254.1	558676	579728
OG_0016540	NC_062254.1	747946	782120
OG_0016519	NC_062254.1	831952	868585
OG_0009289	NC_062254.1	1059326	1161967
OG_0014712	NC_062254.1	1242081	1263595
OG_0009727	NC_062254.1	1364217	1384981
OG_0009726	NC_062254.1	1366464	1394633
OG_0018941	NC_062254.1	1414266	1434944
OG_0017305	NC_062254.1	1428404	1450229
OG_0015471	NC_062254.1	1447630	1469207
OG_0000763	NC_062254.1	1461138	1483161
OG_0006335	NC_062254.1	1646335	1817880
OG_0005862	NC_062254.1	2159926	2180680
OG_0002538	NC_062254.1	2394179	2424128
OG_0015454	NC_062254.1	2416035	2440384
OG_0011602	NC_062254.1	2592939	2621270
OG_0018936	NC_062254.1	2649246	2669841
OG_0005540	NC_062254.1	2703683	2725536
OG_0001742	NC_062254.1	2761053	2795595
OG_0007149	NC_062254.1	2784785	2806362
OG_0011703	NC_062254.1	2811711	2844585
OG_0012725	NC_062254.1	2894228	2933629
OG_0014998	NC_062254.1	2920971	2945498
OG_0005657	NC_062254.1	3008755	3053940
OG_0009517	NC_062254.1	3038112	3069140
OG_0011438	NC_062254.1	3059406	3080023
OG_0007268	NC_062254.1	3287589	3330070
OG_0001708	NC_062254.1	3424116	3488983
OG_0014664	NC_062254.1	3577747	3608015
OG_0000340	NC_062254.1	3705818	3780765
OG_0007925	NC_062254.1	3963571	3986477
OG_0001035	NC_062254.1	4011777	4098342
OG_0017031	NC_062254.1	4132900	4167148
OG_0018511	NC_062254.1	4410781	4440237
OG_0018512	NC_062254.1	4422084	4447629
OG_0003343	NC_062254.1	4428775	4451877
OG_0006821	NC_062254.1	4442505	4464414
OG_0000698	NC_062254.1	4452433	4478027
OG_0011172	NC_062254.1	4459666	4493360
OG_0003299	NC_062254.1	4481397	4511611
OG_0009521	NC_062254.1	4664864	4687982
OG_0005608	NC_062254.1	4899039	4925109
OG_0017912	NC_062254.1	4911630	4931920
OG_0012582	NC_062254.1	5060587	5140228
OG_0012581	NC_062254.1	5181508	5264686
OG_0012043	NC_062254.1	5469864	5495401
OG_0007550	NC_062254.1	5482152	5508159
OG_0000292	NC_062254.1	5494226	5528033
OG_0005515	NC_062254.1	5538989	5562227
OG_0017041	NC_062254.1	5567759	5687676
OG_0003173	NC_062254.1	5680341	5718817
OG_0007047	NC_062254.1	5705435	5732850
OG_0005649	NC_062254.1	5753153	5859769
OG_0017785	NC_062254.1	5966184	6070896
OG_0017137	NC_062254.1	6054857	6075731
OG_0009748	NC_062254.1	6076967	6098004
OG_0007829	NC_062254.1	6275257	6300325
OG_0000349	NC_062254.1	6528507	6587527
OG_0007717	NC_062254.1	6648111	6688920
OG_0011688	NC_062254.1	6684740	6709555
OG_0014350	NC_062254.1	6703605	6730500
OG_0007216	NC_062254.1	6737716	6762518
OG_0018866	NC_062254.1	6748017	6768631
OG_0012589	NC_062254.1	6749816	6831159
OG_0018552	NC_062254.1	6828824	6849643
OG_0015437	NC_062254.1	6834980	6867669
OG_0017459	NC_062254.1	6876402	6902470
OG_0011866	NC_062254.1	6886268	6914971
OG_0005910	NC_062254.1	6907590	6932524
OG_0005911	NC_062254.1	6914103	6936865
OG_0018585	NC_062254.1	6918529	6943372
OG_0003294	NC_062254.1	7009402	7042616
OG_0011600	NC_062254.1	7029480	7057108
OG_0019000	NC_062254.1	7039004	7060637
OG_0001545	NC_062254.1	7044400	7066392
OG_0018258	NC_062254.1	7053247	7074313
OG_0012999	NC_062254.1	7073197	7106280
OG_0008297	NC_062254.1	7230276	7284174
OG_0007422	NC_062254.1	7270122	7300609
OG_0012485	NC_062254.1	7283459	7313130
OG_0002174	NC_062254.1	7310870	7337733
OG_0002172	NC_062254.1	7344331	7374848
OG_0002173	NC_062254.1	7370144	7399913
OG_0005675	NC_062254.1	7390401	7415113
OG_0012047	NC_062254.1	7401521	7444234
OG_0012048	NC_062254.1	7443905	7482959
OG_0012606	NC_062254.1	7607472	7631379
OG_0018453	NC_062254.1	7740521	7761009
OG_0012520	NC_062254.1	7923547	7961197
OG_0013240	NC_062254.1	7945477	7966025
OG_0017886	NC_062254.1	7983893	8004180
OG_0000429	NC_062254.1	8065504	8088138
OG_0015752	NC_062254.1	8303666	8340060
OG_0002123	NC_062254.1	8583576	8617193
OG_0001613	NC_062254.1	8615895	8639764
OG_0006892	NC_062254.1	8670117	8704084
OG_0006891	NC_062254.1	8692281	8738866
OG_0006893	NC_062254.1	8737586	8775879
OG_0006894	NC_062254.1	8760673	8799746
OG_0018339	NC_062254.1	8795965	8821564
OG_0008069	NC_062254.1	9144507	9197820
OG_0006824	NC_062254.1	9370809	9392199
OG_0000906	NC_062254.1	9412780	9451462
OG_0014488	NC_062254.1	10236485	10257471
OG_0015354	NC_062254.1	10606490	10641056
OG_0012097	NC_062254.1	10809082	10861761
OG_0018932	NC_062254.1	10843339	10865945
OG_0006585	NC_062254.1	10893197	10945459
OG_0013395	NC_062254.1	10942444	10966456
OG_0005777	NC_062254.1	10977199	11001948
OG_0008478	NC_062254.1	10984201	11009487
OG_0012051	NC_062254.1	11004510	11027192
OG_0006349	NC_062254.1	11007626	11043521
OG_0008138	NC_062254.1	11028012	11048761
OG_0014790	NC_062254.1	11029839	11069348
OG_0012463	NC_062254.1	11118451	11149639
OG_0013872	NC_062254.1	11132568	11161862
OG_0001000	NC_062254.1	11154733	11180198
OG_0014811	NC_062254.1	11183498	11206318
OG_0001954	NC_062254.1	11189946	11213145
OG_0002490	NC_062254.1	11200371	11222507
OG_0013468	NC_062254.1	11214986	11236747
OG_0018933	NC_062254.1	11220766	11242529
OG_0018649	NC_062254.1	11343421	11363945
OG_0011686	NC_062254.1	11349944	11373076
OG_0005647	NC_062254.1	11375352	11402059
OG_0012267	NC_062254.1	25688	47116
OG_0016897	NC_062254.1	35949	60654
OG_0013385	NC_062254.1	43584	64885
OG_0015079	NC_062254.1	407233	440032
OG_0000937	NC_062254.1	564314	656010
OG_0012660	NC_062254.1	714527	735975
OG_0011975	NC_062254.1	1290121	1311374
OG_0008179	NC_062254.1	1383721	1431532
OG_0000218	NC_062254.1	1417944	1447773
OG_0005828	NC_062254.1	1430883	1452218
OG_0015527	NC_062254.1	1435100	1459302
OG_0001578	NC_062254.1	1452963	1480725
OG_0007969	NC_062254.1	1473855	1502121
OG_0006466	NC_062254.1	1802627	1825383
OG_0000563	NC_062254.1	1810067	1871329
OG_0009065	NC_062254.1	1854365	1885162
OG_0007649	NC_062254.1	1870882	1961886
OG_0016772	NC_062254.1	1968859	2091259
OG_0001683	NC_062254.1	2088374	2138397
OG_0013239	NC_062254.1	2137420	2179470
OG_0015292	NC_062254.1	2162112	2222358
OG_0012189	NC_062254.1	2377428	2399820
OG_0012187	NC_062254.1	2382634	2404462
OG_0012188	NC_062254.1	2390672	2412924
OG_0000275	NC_062254.1	2405899	2434856
OG_0007733	NC_062254.1	2423257	2450913
OG_0012884	NC_062254.1	2434764	2486017
OG_0000329	NC_062254.1	2475096	2497063
OG_0018620	NC_062254.1	2505930	2526391
OG_0015174	NC_062254.1	2585397	2611457
OG_0015765	NC_062254.1	2663137	2721028
OG_0005547	NC_062254.1	2706533	2737659
OG_0017245	NC_062254.1	2777185	2804319
OG_0012070	NC_062254.1	2930252	3056058
OG_0001919	NC_062254.1	3050261	3073474
OG_0016146	NC_062254.1	3054929	3078255
OG_0007875	NC_062254.1	3254483	3275217
OG_0005920	NC_062254.1	3282592	3305423
OG_0012541	NC_062254.1	3326252	3349862
OG_0012829	NC_062254.1	3332994	3361249
OG_0001085	NC_062254.1	3570937	3597332
OG_0016262	NC_062254.1	3588754	3610328
OG_0011423	NC_062254.1	3623269	3645174
OG_0000339	NC_062254.1	3803314	3873415
OG_0017848	NC_062254.1	4103815	4125822
OG_0002049	NC_062254.1	4283242	4323377
OG_0015485	NC_062254.1	4420368	4441322
OG_0000728	NC_062254.1	4432155	4460047
OG_0006947	NC_062254.1	4495023	4517311
OG_0016963	NC_062254.1	4498620	4522460
OG_0015404	NC_062254.1	4906683	4928005
OG_0018285	NC_062254.1	4910341	4930971
OG_0002614	NC_062254.1	4912464	4935853
OG_0006733	NC_062254.1	4991079	5019206
OG_0014822	NC_062254.1	5178823	5200999
OG_0001534	NC_062254.1	5283240	5307230
OG_0014110	NC_062254.1	5442218	5467666
OG_0001477	NC_062254.1	5449917	5486919
OG_0017373	NC_062254.1	5477527	5499611
OG_0013198	NC_062254.1	5488406	5510347
OG_0007330	NC_062254.1	5559878	5585025
OG_0008134	NC_062254.1	5668760	5691529
OG_0008119	NC_062254.1	5672456	5695189
OG_0009656	NC_062254.1	5720001	5754312
OG_0001118	NC_062254.1	5878441	5902208
OG_0011733	NC_062254.1	5882755	5909114
OG_0016076	NC_062254.1	5942220	5963914
OG_0000264	NC_062254.1	5948176	5983318
OG_0013803	NC_062254.1	6058743	6096183
OG_0000543	NC_062254.1	6350724	6378196
OG_0000348	NC_062254.1	6366943	6419426
OG_0002414	NC_062254.1	6643224	6667536
OG_0005286	NC_062254.1	6671443	6696056
OG_0015116	NC_062254.1	6676868	6702498
OG_0015155	NC_062254.1	6691963	6721126
OG_0012995	NC_062254.1	6712314	6753583
OG_0014165	NC_062254.1	6743117	6765425
OG_0013266	NC_062254.1	6826576	6848324
OG_0005821	NC_062254.1	6851978	6876952
OG_0006986	NC_062254.1	6858984	6886106
OG_0014290	NC_062254.1	6867216	6889568
OG_0014288	NC_062254.1	6870513	6892884
OG_0008090	NC_062254.1	6925627	6956676
OG_0011589	NC_062254.1	7023890	7045877
OG_0017720	NC_062254.1	7048882	7072940
OG_0001623	NC_062254.1	7066512	7088899
OG_0005809	NC_062254.1	7086558	7107997
OG_0005925	NC_062254.1	7114449	7136712
OG_0001881	NC_062254.1	7152573	7178648
OG_0006729	NC_062254.1	7396699	7419637
OG_0015019	NC_062254.1	7547009	7572745
OG_0011773	NC_062254.1	7596252	7617910
OG_0007057	NC_062254.1	7600889	7621605
OG_0000251	NC_062254.1	7767327	7907713
OG_0017502	NC_062254.1	7900824	7929024
OG_0000899	NC_062254.1	7942310	7964979
OG_0000604	NC_062254.1	7950153	8000666
OG_0000761	NC_062254.1	8447501	8514552
OG_0012299	NC_062254.1	8561214	8586989
OG_0001787	NC_062254.1	8606340	8632331
OG_0001041	NC_062254.1	8894090	8916738
OG_0015750	NC_062254.1	8916599	8939069
OG_0015751	NC_062254.1	9064871	9091001
OG_0013435	NC_062254.1	9317311	9376104
OG_0000191	NC_062254.1	9372713	9427611
OG_0013878	NC_062254.1	9533244	9554575
OG_0011454	NC_062254.1	9604046	9666588
OG_0015748	NC_062254.1	9721631	9743857
OG_0015749	NC_062254.1	9954624	9977305
OG_0012368	NC_062254.1	10249570	10274401
OG_0002107	NC_062254.1	10341282	10617642
OG_0012202	NC_062254.1	10598378	10624062
OG_0016636	NC_062254.1	10623363	10644979
OG_0013187	NC_062254.1	10651327	10691624
OG_0013186	NC_062254.1	10675833	10728083
OG_0013882	NC_062254.1	10927107	10950147
OG_0015951	NC_062254.1	10948670	10991417
OG_0006620	NC_062254.1	11024373	11047375
OG_0006189	NC_062254.1	11077356	11098826
OG_0000668	NC_062254.1	11175077	11200209
OG_0010119	NC_062254.1	11196253	11218443
OG_0016558	NC_062254.1	11204258	11230370
OG_0011064	NC_062254.1	11211579	11233901
OG_0011964	NC_062254.1	11225494	11310133
OG_0002067	NC_062254.1	11345723	11368336
OG_0004399	NC_062254.1	11353620	11381343
OG_0015929	NC_062254.1	11365805	11391166
OG_0011907	NC_062254.1	11383101	11408820
OG_0009683	NC_062255.1	36055	61770
OG_0016460	NC_062255.1	446633	471412
OG_0018595	NC_062255.1	456135	477295
OG_0018175	NC_062255.1	509638	530402
OG_0016700	NC_062255.1	517792	550171
OG_0012972	NC_062255.1	531883	564481
OG_0012379	NC_062255.1	546480	571974
OG_0013088	NC_062255.1	559297	590450
OG_0005633	NC_062255.1	621780	660319
OG_0009347	NC_062255.1	648775	702979
OG_0018641	NC_062255.1	988457	1013039
OG_0009682	NC_062255.1	1090164	1203265
OG_0006442	NC_062255.1	1189552	1213388
OG_0001795	NC_062255.1	1194507	1218513
OG_0012123	NC_062255.1	1336514	1362470
OG_0008225	NC_062255.1	1353211	1375840
OG_0008224	NC_062255.1	1373255	1399730
OG_0000272	NC_062255.1	1397001	1419238
OG_0009588	NC_062255.1	1486062	1506865
OG_0008742	NC_062255.1	1585578	1608377
OG_0016593	NC_062255.1	1659115	1684463
OG_0014648	NC_062255.1	1725510	1757391
OG_0015486	NC_062255.1	1795602	1831279
OG_0006811	NC_062255.1	1879697	1900536
OG_0016743	NC_062255.1	1881120	1902034
OG_0013220	NC_062255.1	1915537	1936202
OG_0004539	NC_062255.1	2008342	2029034
OG_0018065	NC_062255.1	2020537	2041179
OG_0006850	NC_062255.1	2079608	2148242
OG_0014286	NC_062255.1	2136787	2158134
OG_0003319	NC_062255.1	2430233	2457372
OG_0016699	NC_062255.1	2447726	2473877
OG_0015215	NC_062255.1	2823212	2867603
OG_0006857	NC_062255.1	2887931	2908659
OG_0007898	NC_062255.1	2892630	2925863
OG_0000809	NC_062255.1	2912306	2944398
OG_0009329	NC_062255.1	2948769	2983865
OG_0000288	NC_062255.1	2970151	3010028
OG_0012742	NC_062255.1	2997322	3022710
OG_0006583	NC_062255.1	3013592	3048346
OG_0018625	NC_062255.1	3033474	3054204
OG_0016927	NC_062255.1	3050318	3093227
OG_0002309	NC_062255.1	3087205	3109358
OG_0014326	NC_062255.1	3089696	3122538
OG_0007804	NC_062255.1	3147564	3175352
OG_0009640	NC_062255.1	3164186	3194033
OG_0016525	NC_062255.1	3179175	3214209
OG_0017405	NC_062255.1	3223791	3244777
OG_0018105	NC_062255.1	3247700	3269739
OG_0016338	NC_062255.1	3306024	3344270
OG_0002642	NC_062255.1	3331528	3352298
OG_0015550	NC_062255.1	3339096	3360830
OG_0014272	NC_062255.1	3341439	3363171
OG_0000238	NC_062255.1	3343433	3369901
OG_0018759	NC_062255.1	3453698	3474528
OG_0017580	NC_062255.1	3478475	3501573
OG_0016187	NC_062255.1	3534621	3555658
OG_0011323	NC_062255.1	3563831	3587040
OG_0007190	NC_062255.1	4074772	4160291
OG_0007351	NC_062255.1	4149387	4172076
OG_0009621	NC_062255.1	4180931	4222190
OG_0003246	NC_062255.1	4224236	4246381
OG_0018273	NC_062255.1	4247903	4268521
OG_0012324	NC_062255.1	4263154	4286265
OG_0014453	NC_062255.1	4293572	4376090
OG_0002584	NC_062255.1	4514080	4535996
OG_0011170	NC_062255.1	4520463	4542410
OG_0001204	NC_062255.1	4927794	4948589
OG_0000850	NC_062255.1	4946697	5006837
OG_0017235	NC_062255.1	5002927	5027350
OG_0016541	NC_062255.1	5019586	5042064
OG_0005374	NC_062255.1	5036168	5109578
OG_0005692	NC_062255.1	5303625	5341983
OG_0009416	NC_062255.1	5348952	5385554
OG_0006661	NC_062255.1	5472287	5496195
OG_0014219	NC_062255.1	5484053	5505200
OG_0009638	NC_062255.1	5491380	5521365
OG_0013762	NC_062255.1	5508175	5530860
OG_0015383	NC_062255.1	5601231	5637150
OG_0005235	NC_062255.1	5675638	5702046
OG_0005236	NC_062255.1	5689818	5713389
OG_0016073	NC_062255.1	5807453	5894016
OG_0001119	NC_062255.1	6550898	6571512
OG_0018449	NC_062255.1	6610580	6631530
OG_0015127	NC_062255.1	6703279	6756716
OG_0009265	NC_062255.1	6746724	6786509
OG_0018346	NC_062255.1	6801390	6829040
OG_0007822	NC_062255.1	7281237	7338356
OG_0018708	NC_062255.1	7580031	7600453
OG_0008278	NC_062255.1	7660279	7681240
OG_0017760	NC_062255.1	7694244	7730580
OG_0018527	NC_062255.1	7718014	7744111
OG_0006465	NC_062255.1	7732959	7753818
OG_0016263	NC_062255.1	7739326	7763694
OG_0002579	NC_062255.1	7764289	7863772
OG_0011174	NC_062255.1	7939731	7962046
OG_0005299	NC_062255.1	7948769	7982979
OG_0018904	NC_062255.1	7972712	7998062
OG_0014639	NC_062255.1	8001143	8027481
OG_0015999	NC_062255.1	8026357	8056430
OG_0000682	NC_062255.1	8059393	8081375
OG_0003506	NC_062255.1	8080708	8108848
OG_0011179	NC_062255.1	8094230	8115054
OG_0016344	NC_062255.1	8103641	8132407
OG_0013212	NC_062255.1	8136397	8165813
OG_0006586	NC_062255.1	8148235	8173653
OG_0000754	NC_062255.1	8159184	8188583
OG_0000755	NC_062255.1	8287629	8317598
OG_0013918	NC_062255.1	8344395	8385943
OG_0001007	NC_062255.1	8427315	8450729
OG_0018447	NC_062255.1	8460569	8481153
OG_0000437	NC_062255.1	8501671	8523479
OG_0001046	NC_062255.1	8602423	8628387
OG_0002470	NC_062255.1	8618452	8639450
OG_0008318	NC_062255.1	8622124	8646637
OG_0006574	NC_062255.1	8628647	8682580
OG_0000202	NC_062255.1	8710426	8893833
OG_0011190	NC_062255.1	8897570	8963285
OG_0000211	NC_062255.1	8965828	8988239
OG_0007985	NC_062255.1	8991474	9028945
OG_0017738	NC_062255.1	9050254	9140305
OG_0017534	NC_062255.1	9138601	9198916
OG_0002556	NC_062255.1	9181110	9202858
OG_0007896	NC_062255.1	9273920	9325059
OG_0011177	NC_062255.1	9338975	9366217
OG_0001934	NC_062255.1	9413051	9461033
OG_0014781	NC_062255.1	9442813	9463371
OG_0009345	NC_062255.1	9444548	9478440
OG_0014617	NC_062255.1	9469323	9498131
OG_0014618	NC_062255.1	9480506	9509846
OG_0007972	NC_062255.1	9540579	9567864
OG_0013080	NC_062255.1	9601867	9643095
OG_0009388	NC_062255.1	9634533	9657245
OG_0003614	NC_062255.1	9682747	9714860
OG_0016193	NC_062255.1	9951206	9974985
OG_0007768	NC_062255.1	9975875	9996853
OG_0007581	NC_062255.1	10003173	10024891
OG_0014207	NC_062255.1	10011297	10033458
OG_0017571	NC_062255.1	10036317	10057752
OG_0016189	NC_062255.1	10043338	10065122
OG_0006694	NC_062255.1	10261854	10283106
OG_0011453	NC_062255.1	10275272	10300890
OG_0018272	NC_062255.1	10291898	10312699
OG_0001330	NC_062255.1	10296067	10319302
OG_0001904	NC_062255.1	10335387	10360678
OG_0008220	NC_062255.1	10405713	10426415
OG_0017416	NC_062255.1	10409883	10441121
OG_0004464	NC_062255.1	10641276	10663286
OG_0009684	NC_062255.1	130072	163796
OG_0018651	NC_062255.1	327904	383977
OG_0011660	NC_062255.1	417640	438191
OG_0011664	NC_062255.1	420794	441345
OG_0011467	NC_062255.1	429554	464542
OG_0013551	NC_062255.1	508140	529162
OG_0001108	NC_062255.1	595785	640051
OG_0006662	NC_062255.1	711399	732226
OG_0013649	NC_062255.1	748662	792310
OG_0007809	NC_062255.1	994133	1022207
OG_0015847	NC_062255.1	1095830	1119780
OG_0015671	NC_062255.1	1207356	1280124
OG_0013003	NC_062255.1	1263554	1293802
OG_0012001	NC_062255.1	1316162	1340612
OG_0016951	NC_062255.1	1322291	1344753
OG_0016952	NC_062255.1	1325058	1351477
OG_0007910	NC_062255.1	1382803	1413071
OG_0008363	NC_062255.1	1393954	1416273
OG_0012041	NC_062255.1	1407157	1502941
OG_0009698	NC_062255.1	1499926	1529638
OG_0016598	NC_062255.1	1518352	1549142
OG_0012640	NC_062255.1	1549307	1590300
OG_0009699	NC_062255.1	1574536	1604889
OG_0006500	NC_062255.1	1588578	1611850
OG_0006861	NC_062255.1	1672083	1714334
OG_0013866	NC_062255.1	1738553	1772384
OG_0017505	NC_062255.1	1793204	1814179
OG_0009465	NC_062255.1	1815168	1898725
OG_0013221	NC_062255.1	1913290	1933943
OG_0009139	NC_062255.1	1917253	2027740
OG_0006408	NC_062255.1	2016601	2039570
OG_0001844	NC_062255.1	2158954	2222373
OG_0013877	NC_062255.1	2363167	2384718
OG_0015584	NC_062255.1	2366285	2422054
OG_0016698	NC_062255.1	2437846	2463916
OG_0011696	NC_062255.1	2454445	2482735
OG_0017756	NC_062255.1	2859789	2907205
OG_0018981	NC_062255.1	2908516	2930549
OG_0011860	NC_062255.1	2928241	2967711
OG_0012689	NC_062255.1	2994349	3016469
OG_0017382	NC_062255.1	3006079	3032915
OG_0006582	NC_062255.1	3035575	3069502
OG_0001036	NC_062255.1	3076838	3097833
OG_0013217	NC_062255.1	3080598	3102249
OG_0013369	NC_062255.1	3135249	3164215
OG_0016256	NC_062255.1	3195129	3218467
OG_0016494	NC_062255.1	3379753	3469937
OG_0018068	NC_062255.1	3455712	3479240
OG_0013917	NC_062255.1	3463167	3497759
OG_0013797	NC_062255.1	3484735	3533987
OG_0018614	NC_062255.1	3568817	3592846
OG_0017772	NC_062255.1	3659815	3758033
OG_0017771	NC_062255.1	3901911	3966175
OG_0011305	NC_062255.1	4153423	4195460
OG_0013052	NC_062255.1	4178045	4199421
OG_0017566	NC_062255.1	4204854	4225666
OG_0015479	NC_062255.1	4226550	4247540
OG_0018516	NC_062255.1	4231378	4267035
OG_0016228	NC_062255.1	4248993	4281596
OG_0002634	NC_062255.1	4267310	4293495
OG_0003184	NC_062255.1	4425683	4470693
OG_0016533	NC_062255.1	4503754	4533744
OG_0018275	NC_062255.1	4516034	4536468
OG_0002037	NC_062255.1	4522586	4569451
OG_0005794	NC_062255.1	4620297	4677275
OG_0018262	NC_062255.1	4918152	4939268
OG_0014613	NC_062255.1	4928914	4954552
OG_0014612	NC_062255.1	4937522	4965130
OG_0013728	NC_062255.1	4994392	5020045
OG_0015804	NC_062255.1	5000960	5022632
OG_0007423	NC_062255.1	5008129	5039002
OG_0017397	NC_062255.1	5022280	5050623
OG_0016535	NC_062255.1	5247058	5275432
OG_0012283	NC_062255.1	5257016	5288489
OG_0007912	NC_062255.1	5323629	5346876
OG_0016359	NC_062255.1	5329461	5363278
OG_0011178	NC_062255.1	5455384	5485458
OG_0001157	NC_062255.1	5480672	5503187
OG_0018321	NC_062255.1	5486027	5506801
OG_0018361	NC_062255.1	5533264	5554004
OG_0015382	NC_062255.1	5550360	5585858
OG_0007281	NC_062255.1	5693590	5717553
OG_0007661	NC_062255.1	5714822	5740741
OG_0005239	NC_062255.1	5740607	5764257
OG_0009740	NC_062255.1	5904635	6031197
OG_0000505	NC_062255.1	6165513	6219780
OG_0014720	NC_062255.1	6226152	6264289
OG_0005852	NC_062255.1	6345210	6365890
OG_0007451	NC_062255.1	6349965	6553270
OG_0008381	NC_062255.1	6554264	6601585
OG_0018873	NC_062255.1	6607458	6628601
OG_0018885	NC_062255.1	6613103	6650379
OG_0018727	NC_062255.1	6633002	6655060
OG_0018470	NC_062255.1	6643686	6675227
OG_0009150	NC_062255.1	6738780	6761068
OG_0017242	NC_062255.1	6948893	6970431
OG_0015070	NC_062255.1	7006313	7045141
OG_0009655	NC_062255.1	7034537	7139132
OG_0007955	NC_062255.1	7326534	7361147
OG_0019021	NC_062255.1	7389216	7412530
OG_0018078	NC_062255.1	7394844	7420845
OG_0001846	NC_062255.1	7439787	7481702
OG_0007430	NC_062255.1	7658098	7680270
OG_0016524	NC_062255.1	7663450	7711962
OG_0001843	NC_062255.1	7726272	7751414
OG_0006725	NC_062255.1	7735544	7757272
OG_0018460	NC_062255.1	7755888	7777749
OG_0002146	NC_062255.1	7848859	7905462
OG_0001044	NC_062255.1	7889714	7917963
OG_0018120	NC_062255.1	7907267	7929068
OG_0007471	NC_062255.1	7930920	7956784
OG_0009166	NC_062255.1	7943480	7966178
OG_0016398	NC_062255.1	7986587	8020133
OG_0001565	NC_062255.1	8062037	8083389
OG_0012942	NC_062255.1	8114605	8137104
OG_0016369	NC_062255.1	8119894	8151552
OG_0018475	NC_062255.1	8147254	8167829
OG_0005738	NC_062255.1	8371679	8438548
OG_0017897	NC_062255.1	8454105	8477160
OG_0005481	NC_062255.1	8458612	8480206
OG_0009701	NC_062255.1	8463196	8520176
OG_0007740	NC_062255.1	8503885	8534265
OG_0018431	NC_062255.1	8515000	8535488
OG_0012853	NC_062255.1	8522269	8571994
OG_0014182	NC_062255.1	8566956	8616314
OG_0001437	NC_062255.1	8608502	8636762
OG_0007759	NC_062255.1	8665647	8689299
OG_0016282	NC_062255.1	8880394	8914999
OG_0013225	NC_062255.1	8949045	8971581
OG_0011428	NC_062255.1	8952900	8978094
OG_0011957	NC_062255.1	8968303	8999491
OG_0007487	NC_062255.1	8981172	9008740
OG_0008250	NC_062255.1	9010575	9032716
OG_0012491	NC_062255.1	9123444	9145716
OG_0003350	NC_062255.1	9193171	9219283
OG_0017379	NC_062255.1	9264023	9284982
OG_0012944	NC_062255.1	9321381	9349329
OG_0006551	NC_062255.1	9459172	9485405
OG_0000930	NC_062255.1	9492988	9558636
OG_0012680	NC_062255.1	9539321	9560112
OG_0007589	NC_062255.1	9625812	9681882
OG_0015986	NC_062255.1	9673499	9702106
OG_0013096	NC_062255.1	9701582	9722369
OG_0016190	NC_062255.1	9713712	9740693
OG_0016192	NC_062255.1	9722853	9746713
OG_0013895	NC_062255.1	9759313	9841170
OG_0016826	NC_062255.1	9979516	10010382
OG_0000940	NC_062255.1	9993822	10022543
OG_0015276	NC_062255.1	10006202	10029372
OG_0000180	NC_062255.1	10027992	10055876
OG_0006438	NC_062255.1	10038294	10060149
OG_0018316	NC_062255.1	10045797	10066943
OG_0002512	NC_062255.1	10167256	10190261
OG_0016281	NC_062255.1	10283427	10311388
OG_0011670	NC_062255.1	10300287	10335674
OG_0007156	NC_062255.1	10381407	10407704
OG_0017353	NC_062255.1	10391760	10414557
OG_0017006	NC_062255.1	10402136	10424020
OG_0017350	NC_062255.1	10406926	10429232
OG_0018541	NC_062255.1	10529703	10550606
OG_0014878	NC_062255.1	10599690	10620242
OG_0015504	NC_062255.1	10609316	10630931
OG_0017412	NC_062255.1	10624356	10646549
OG_0006976	NC_062255.1	10628579	10649546
OG_0011913	NC_062256.1	121799	161170
OG_0015173	NC_062256.1	154938	189184
OG_0001718	NC_062256.1	244688	290356
OG_0007252	NC_062256.1	296771	319619
OG_0009728	NC_062256.1	307915	333670
OG_0017172	NC_062256.1	333663	363947
OG_0015519	NC_062256.1	433005	454126
OG_0006383	NC_062256.1	449521	471617
OG_0018287	NC_062256.1	465901	488180
OG_0008368	NC_062256.1	573610	603574
OG_0016626	NC_062256.1	607330	648196
OG_0005903	NC_062256.1	629208	658336
OG_0014307	NC_062256.1	638540	661161
OG_0004383	NC_062256.1	656613	680429
OG_0007683	NC_062256.1	798603	826381
OG_0016548	NC_062256.1	815787	838725
OG_0000025	NC_062256.1	869633	934149
OG_0012536	NC_062256.1	1029623	1051080
OG_0015192	NC_062256.1	1045124	1085226
OG_0017501	NC_062256.1	1095299	1122544
OG_0015813	NC_062256.1	1124770	1146402
OG_0009843	NC_062256.1	1171700	1200580
OG_0001375	NC_062256.1	1240911	1263484
OG_0003147	NC_062256.1	1315786	1339535
OG_0017565	NC_062256.1	1321434	1342843
OG_0018892	NC_062256.1	1429396	1449821
OG_0018543	NC_062256.1	1436996	1458244
OG_0007616	NC_062256.1	1454072	1480167
OG_0007382	NC_062256.1	1499769	1524064
OG_0006484	NC_062256.1	1505750	1531369
OG_0006718	NC_062256.1	1531287	1553119
OG_0012224	NC_062256.1	1536330	1564387
OG_0005615	NC_062256.1	1546392	1568537
OG_0017173	NC_062256.1	1584297	1609795
OG_0012120	NC_062256.1	1655589	1682842
OG_0002196	NC_062256.1	1730913	1791005
OG_0005670	NC_062256.1	1836324	1866915
OG_0001238	NC_062256.1	1861241	1917224
OG_0005779	NC_062256.1	1950812	1978809
OG_0014041	NC_062256.1	1998882	2035981
OG_0008984	NC_062256.1	2050470	2077457
OG_0007463	NC_062256.1	2067859	2100472
OG_0002445	NC_062256.1	2099195	2124479
OG_0013874	NC_062256.1	2209122	2234563
OG_0011855	NC_062256.1	2217206	2249588
OG_0012774	NC_062256.1	2276656	2310853
OG_0005460	NC_062256.1	2337667	2359415
OG_0012892	NC_062256.1	2361282	2384066
OG_0012893	NC_062256.1	2369683	2395281
OG_0010123	NC_062256.1	2479094	2502409
OG_0010339	NC_062256.1	2556051	2579060
OG_0009964	NC_062256.1	2598621	2625298
OG_0010513	NC_062256.1	2616920	2639956
OG_0016405	NC_062256.1	2671324	2694285
OG_0011192	NC_062256.1	2725189	2752216
OG_0017716	NC_062256.1	2762979	2808848
OG_0018661	NC_062256.1	2946543	2976066
OG_0005721	NC_062256.1	3033470	3065132
OG_0005722	NC_062256.1	3061674	3091294
OG_0002122	NC_062256.1	3084960	3106962
OG_0009558	NC_062256.1	3088312	3109706
OG_0012022	NC_062256.1	3122224	3162450
OG_0011683	NC_062256.1	3165741	3195879
OG_0016648	NC_062256.1	3225609	3253005
OG_0018869	NC_062256.1	3260097	3281063
OG_0009508	NC_062256.1	3336613	3365021
OG_0016614	NC_062256.1	3388710	3421750
OG_0014395	NC_062256.1	3437566	3483843
OG_0001164	NC_062256.1	3475118	3531832
OG_0016939	NC_062256.1	3512687	3535707
OG_0009097	NC_062256.1	3567920	3589592
OG_0005706	NC_062256.1	3571116	3604389
OG_0011996	NC_062256.1	3619279	3664709
OG_0016638	NC_062256.1	3678184	3716511
OG_0000730	NC_062256.1	3828953	3861625
OG_0012804	NC_062256.1	3901006	3926635
OG_0002460	NC_062256.1	3917656	3938973
OG_0000110	NC_062256.1	3927317	3966126
OG_0015553	NC_062256.1	3984369	4013025
OG_0012731	NC_062256.1	3996661	4018156
OG_0001574	NC_062256.1	4034382	4055025
OG_0006420	NC_062256.1	4078107	4105816
OG_0018111	NC_062256.1	4089097	4110142
OG_0013732	NC_062256.1	4201984	4246563
OG_0007339	NC_062256.1	4260506	4294732
OG_0002378	NC_062256.1	4322125	4353424
OG_0006634	NC_062256.1	4361378	4399785
OG_0009115	NC_062256.1	4440220	4470716
OG_0005319	NC_062256.1	4490607	4537383
OG_0011813	NC_062256.1	4544092	4566021
OG_0003365	NC_062256.1	4593302	4627224
OG_0007666	NC_062256.1	4633103	4668359
OG_0013492	NC_062256.1	4701537	4724566
OG_0016204	NC_062256.1	4712971	4739074
OG_0006647	NC_062256.1	4728755	4752036
OG_0014293	NC_062256.1	4763805	4798319
OG_0009591	NC_062256.1	4809821	4833307
OG_0007206	NC_062256.1	4816300	4861149
OG_0006161	NC_062256.1	4865513	4887071
OG_0018714	NC_062256.1	4921476	4942644
OG_0000033	NC_062256.1	4947412	4968413
OG_0006550	NC_062256.1	5161975	5187499
OG_0010662	NC_062256.1	5216330	5236620
OG_0012388	NC_062256.1	5369109	5391958
OG_0013206	NC_062256.1	5526461	5549627
OG_0006294	NC_062256.1	5536564	5559514
OG_0015011	NC_062256.1	5595657	5617299
OG_0018793	NC_062256.1	5678652	5830460
OG_0000660	NC_062256.1	5858565	5880789
OG_0006471	NC_062256.1	5896504	5917352
OG_0005832	NC_062256.1	5911745	5947398
OG_0013533	NC_062256.1	5979954	6001533
OG_0005414	NC_062256.1	5995519	6026508
OG_0004962	NC_062256.1	6019108	6055725
OG_0011628	NC_062256.1	6049072	6109641
OG_0015566	NC_062256.1	6209805	6239404
OG_0012411	NC_062256.1	6336946	6364136
OG_0014921	NC_062256.1	6363242	6383739
OG_0012476	NC_062256.1	6367551	6408035
OG_0002059	NC_062256.1	6921570	6942829
OG_0002058	NC_062256.1	6924501	6951338
OG_0018005	NC_062256.1	6944452	6966868
OG_0005393	NC_062256.1	6992887	7031689
OG_0013915	NC_062256.1	7023787	7091053
OG_0014212	NC_062256.1	7073282	7094633
OG_0000825	NC_062256.1	7157861	7186615
OG_0007251	NC_062256.1	7176756	7247135
OG_0018652	NC_062256.1	7271167	7291604
OG_0005552	NC_062256.1	7287496	7311140
OG_0017491	NC_062256.1	7294793	7333177
OG_0009102	NC_062256.1	7326203	7390302
OG_0000450	NC_062256.1	7377276	7400200
OG_0015444	NC_062256.1	7411986	7438563
OG_0016454	NC_062256.1	7513222	7558256
OG_0012924	NC_062256.1	7627936	7654602
OG_0007582	NC_062256.1	7665533	7691898
OG_0000224	NC_062256.1	7933309	7965411
OG_0006525	NC_062256.1	7975520	7997095
OG_0013956	NC_062256.1	7981176	8010699
OG_0015229	NC_062256.1	8103826	8126032
OG_0012002	NC_062256.1	8108325	8150593
OG_0013745	NC_062256.1	8196102	8227986
OG_0016661	NC_062256.1	8546173	8567966
OG_0014442	NC_062256.1	8857932	8882433
OG_0015281	NC_062256.1	8866764	8901992
OG_0000839	NC_062256.1	8996515	9037952
OG_0019019	NC_062256.1	9039216	9059984
OG_0000263	NC_062256.1	9047176	9069701
OG_0011566	NC_062256.1	9070887	9092332
OG_0006716	NC_062256.1	9077355	9098559
OG_0014992	NC_062256.1	9106013	9131299
OG_0009059	NC_062256.1	9266661	9305228
OG_0009492	NC_062256.1	9317649	9339598
OG_0015216	NC_062256.1	9338187	9369884
OG_0002520	NC_062256.1	9351812	9411140
OG_0016770	NC_062256.1	9509255	9530335
OG_0005867	NC_062256.1	9557041	9598483
OG_0018963	NC_062256.1	9668248	9688954
OG_0011587	NC_062256.1	9670514	9698103
OG_0018837	NC_062256.1	9713049	9740895
OG_0002007	NC_062256.1	9817268	9840784
OG_0002401	NC_062256.1	9821005	9843973
OG_0007946	NC_062256.1	9867630	9890892
OG_0018572	NC_062256.1	9887276	9908515
OG_0015885	NC_062256.1	9895854	9919239
OG_0016690	NC_062256.1	9904983	9938586
OG_0007573	NC_062256.1	9930948	9966315
OG_0009753	NC_062256.1	9974382	9998536
OG_0000902	NC_062256.1	10012783	10043360
OG_0009599	NC_062256.1	10037170	10058380
OG_0005434	NC_062256.1	10050453	10071139
OG_0013666	NC_062256.1	10054794	10084446
OG_0016516	NC_062256.1	10089114	10120099
OG_0015364	NC_062256.1	10127715	10149082
OG_0018042	NC_062256.1	146706	167331
OG_0001617	NC_062256.1	206503	228060
OG_0007419	NC_062256.1	279638	310419
OG_0017167	NC_062256.1	345349	366422
OG_0012031	NC_062256.1	352175	375743
OG_0018479	NC_062256.1	377999	399190
OG_0015758	NC_062256.1	403314	434676
OG_0001659	NC_062256.1	439763	504465
OG_0013743	NC_062256.1	588851	616552
OG_0012958	NC_062256.1	642011	670155
OG_0001828	NC_062256.1	654245	675854
OG_0009297	NC_062256.1	663187	693768
OG_0012626	NC_062256.1	705483	736605
OG_0012067	NC_062256.1	821739	853265
OG_0014675	NC_062256.1	845187	873301
OG_0008576	NC_062256.1	940467	993508
OG_0007059	NC_062256.1	1027246	1048376
OG_0012279	NC_062256.1	1080590	1133394
OG_0001445	NC_062256.1	1138040	1160066
OG_0018898	NC_062256.1	1154305	1175329
OG_0004669	NC_062256.1	1157115	1180975
OG_0007805	NC_062256.1	1211647	1245722
OG_0011280	NC_062256.1	1233174	1256377
OG_0005004	NC_062256.1	1245441	1333198
OG_0007568	NC_062256.1	1338549	1387526
OG_0007966	NC_062256.1	1371235	1425118
OG_0000997	NC_062256.1	1410014	1448955
OG_0017917	NC_062256.1	1430571	1451283
OG_0007383	NC_062256.1	1440498	1472351
OG_0012561	NC_062256.1	1474199	1496472
OG_0017915	NC_062256.1	1512431	1534207
OG_0015472	NC_062256.1	1528704	1550359
OG_0007964	NC_062256.1	1557879	1663874
OG_0012354	NC_062256.1	1645585	1674915
OG_0014200	NC_062256.1	1669323	1792739
OG_0018335	NC_062256.1	1829249	1850253
OG_0001626	NC_062256.1	1908058	1964073
OG_0002268	NC_062256.1	1996447	2017803
OG_0018381	NC_062256.1	2136673	2226433
OG_0007750	NC_062256.1	2207789	2228721
OG_0014362	NC_062256.1	2246554	2285369
OG_0016363	NC_062256.1	2274366	2295013
OG_0000182	NC_062256.1	2293668	2314816
OG_0000181	NC_062256.1	2296634	2347866
OG_0007197	NC_062256.1	2341682	2377262
OG_0017461	NC_062256.1	2393898	2415069
OG_0006513	NC_062256.1	2396798	2422091
OG_0003510	NC_062256.1	2415361	2446367
OG_0014944	NC_062256.1	2622390	2645775
OG_0001699	NC_062256.1	2736965	2763954
OG_0002291	NC_062256.1	2795874	2895608
OG_0018125	NC_062256.1	2920567	2955663
OG_0018530	NC_062256.1	2966105	2990848
OG_0009143	NC_062256.1	3023320	3051085
OG_0011684	NC_062256.1	3091048	3125130
OG_0005250	NC_062256.1	3188930	3215845
OG_0008078	NC_062256.1	3247644	3271163
OG_0000877	NC_062256.1	3254159	3278857
OG_0001986	NC_062256.1	3262102	3283184
OG_0013518	NC_062256.1	3265697	3300421
OG_0006418	NC_062256.1	3304913	3344127
OG_0018627	NC_062256.1	3351097	3372103
OG_0016165	NC_062256.1	3373621	3407469
OG_0009714	NC_062256.1	3419349	3440425
OG_0012904	NC_062256.1	3425786	3454679
OG_0002664	NC_062256.1	3445577	3466536
OG_0000109	NC_062256.1	3475243	3510852
OG_0016029	NC_062256.1	3519688	3550758
OG_0016128	NC_062256.1	3545121	3584464
OG_0017298	NC_062256.1	3586464	3617942
OG_0015961	NC_062256.1	3695593	3719798
OG_0012402	NC_062256.1	3891608	3917809
OG_0002603	NC_062256.1	3910771	3935753
OG_0000419	NC_062256.1	3947960	3969708
OG_0016568	NC_062256.1	3954371	3986639
OG_0014176	NC_062256.1	4001593	4053478
OG_0013278	NC_062256.1	4035541	4064489
OG_0005371	NC_062256.1	4045762	4097286
OG_0000955	NC_062256.1	4138854	4163782
OG_0017194	NC_062256.1	4149211	4171296
OG_0013987	NC_062256.1	4231470	4255924
OG_0003194	NC_062256.1	4277944	4299275
OG_0016990	NC_062256.1	4303381	4324579
OG_0013382	NC_062256.1	4305424	4335051
OG_0008004	NC_062256.1	4336907	4363742
OG_0007400	NC_062256.1	4385599	4414343
OG_0015998	NC_062256.1	4456306	4487109
OG_0016312	NC_062256.1	4471686	4496138
OG_0006426	NC_062256.1	4481129	4503042
OG_0001585	NC_062256.1	4612050	4636835
OG_0014058	NC_062256.1	4651942	4719775
OG_0001883	NC_062256.1	4726182	4747315
OG_0016025	NC_062256.1	4732785	4775083
OG_0007885	NC_062256.1	4760134	4782805
OG_0000939	NC_062256.1	4784983	4808288
OG_0017516	NC_062256.1	4807132	4828040
OG_0011884	NC_062256.1	4843305	4876803
OG_0016110	NC_062256.1	4995776	5025435
OG_0016948	NC_062256.1	5169047	5189784
OG_0000111	NC_062256.1	5191856	5212795
OG_0000495	NC_062256.1	5304503	5325419
OG_0005580	NC_062256.1	5345182	5403246
OG_0017977	NC_062256.1	5433127	5455365
OG_0018655	NC_062256.1	5533167	5554060
OG_0013664	NC_062256.1	5547297	5578139
OG_0018994	NC_062256.1	5564171	5614849
OG_0011751	NC_062256.1	5866596	5914530
OG_0015637	NC_062256.1	5898183	5922072
OG_0018662	NC_062256.1	5981580	6002913
OG_0012342	NC_062256.1	6297421	6327649
OG_0001427	NC_062256.1	6349580	6380083
OG_0018259	NC_062256.1	6919618	6940682
OG_0015594	NC_062256.1	6934723	6961085
OG_0016006	NC_062256.1	6946900	6999472
OG_0014324	NC_062256.1	7015664	7041951
OG_0006214	NC_062256.1	7071737	7092801
OG_0001132	NC_062256.1	7076068	7101162
OG_0002260	NC_062256.1	7124775	7171415
OG_0012546	NC_062256.1	7230256	7258621
OG_0014043	NC_062256.1	7242716	7290598
OG_0008387	NC_062256.1	7271735	7306600
OG_0007744	NC_062256.1	7291225	7311919
OG_0018562	NC_062256.1	7417541	7438038
OG_0012900	NC_062256.1	7421160	7454230
OG_0015493	NC_062256.1	7645366	7673641
OG_0012777	NC_062256.1	7664729	7685094
OG_0014064	NC_062256.1	7817203	7874673
OG_0000225	NC_062256.1	7946396	7982264
OG_0016633	NC_062256.1	7967431	7991040
OG_0000276	NC_062256.1	7977374	8000475
OG_0002020	NC_062256.1	7991971	8019159
OG_0011604	NC_062256.1	8135076	8155780
OG_0000283	NC_062256.1	8370180	8443520
OG_0015238	NC_062256.1	8564450	8653638
OG_0007857	NC_062256.1	8710343	8846042
OG_0008395	NC_062256.1	8863698	8886002
OG_0009514	NC_062256.1	8898236	8958480
OG_0003269	NC_062256.1	8967961	9005209
OG_0001026	NC_062256.1	8986857	9015386
OG_0011790	NC_062256.1	9026099	9058681
OG_0014268	NC_062256.1	9050007	9070832
OG_0006740	NC_062256.1	9057214	9077792
OG_0014673	NC_062256.1	9072626	9095733
OG_0009058	NC_062256.1	9136582	9161599
OG_0008329	NC_062256.1	9512044	9534178
OG_0018441	NC_062256.1	9533922	9554410
OG_0006721	NC_062256.1	9553962	9574744
OG_0000551	NC_062256.1	9584306	9686164
OG_0000737	NC_062256.1	9679230	9723758
OG_0002024	NC_062256.1	9706061	9732634
OG_0017487	NC_062256.1	9749704	9773861
OG_0017328	NC_062256.1	9808758	9831166
OG_0012346	NC_062256.1	9813267	9836704
OG_0008399	NC_062256.1	9825838	9877794
OG_0007773	NC_062256.1	9884588	9905841
OG_0012316	NC_062256.1	9888962	9911128
OG_0002284	NC_062256.1	9922058	9947990
OG_0000441	NC_062256.1	10066978	10106552
OG_0002206	NC_062256.1	10127390	10154845
OG_0007079	NC_062257.1	0	14941
OG_0012712	NC_062257.1	33610	57778
OG_0013669	NC_062257.1	48912	183601
OG_0017537	NC_062257.1	222219	244824
OG_0007901	NC_062257.1	233276	255057
OG_0006949	NC_062257.1	236946	258665
OG_0007902	NC_062257.1	239863	260463
OG_0014583	NC_062257.1	342895	364979
OG_0000503	NC_062257.1	347407	383413
OG_0012407	NC_062257.1	367113	429339
OG_0006830	NC_062257.1	425938	448589
OG_0002670	NC_062257.1	440891	470328
OG_0012305	NC_062257.1	460142	497008
OG_0015856	NC_062257.1	480816	502259
OG_0012860	NC_062257.1	498569	545004
OG_0000994	NC_062257.1	531061	577719
OG_0015540	NC_062257.1	577849	599502
OG_0011413	NC_062257.1	598778	638197
OG_0011927	NC_062257.1	640243	760798
OG_0002232	NC_062257.1	753020	774302
OG_0006357	NC_062257.1	786610	817567
OG_0016759	NC_062257.1	892311	914614
OG_0007561	NC_062257.1	895095	920105
OG_0014642	NC_062257.1	902143	962390
OG_0000828	NC_062257.1	1152928	1184538
OG_0014298	NC_062257.1	1172986	1208311
OG_0013928	NC_062257.1	1201970	1234131
OG_0011574	NC_062257.1	1270123	1297192
OG_0007728	NC_062257.1	1318579	1357086
OG_0015105	NC_062257.1	1342017	1383217
OG_0012165	NC_062257.1	1385284	1421333
OG_0018971	NC_062257.1	1522181	1584721
OG_0006727	NC_062257.1	1592808	1624861
OG_0007869	NC_062257.1	1614178	1645221
OG_0011705	NC_062257.1	1632708	1656749
OG_0012706	NC_062257.1	2022659	2043942
OG_0018253	NC_062257.1	2048074	2068463
OG_0018255	NC_062257.1	2048581	2069611
OG_0016911	NC_062257.1	2073339	2095668
OG_0008171	NC_062257.1	2085089	2108007
OG_0012371	NC_062257.1	2090752	2123548
OG_0015842	NC_062257.1	2107938	2128900
OG_0007646	NC_062257.1	2196248	2265333
OG_0018802	NC_062257.1	2389417	2436471
OG_0014231	NC_062257.1	2503248	2543625
OG_0006922	NC_062257.1	2571857	2592312
OG_0007030	NC_062257.1	2600547	2651977
OG_0013929	NC_062257.1	2762737	2784272
OG_0002042	NC_062257.1	2768818	2801936
OG_0017239	NC_062257.1	2832678	2857291
OG_0011737	NC_062257.1	2929865	2982951
OG_0000197	NC_062257.1	3025179	3047644
OG_0000196	NC_062257.1	3027942	3049021
OG_0015217	NC_062257.1	3375368	3410457
OG_0005401	NC_062257.1	3425731	3453149
OG_0014647	NC_062257.1	3459628	3482441
OG_0013752	NC_062257.1	4104842	4185714
OG_0014000	NC_062257.1	4178379	4215648
OG_0012015	NC_062257.1	4223842	4277115
OG_0016408	NC_062257.1	4260747	4317952
OG_0001482	NC_062257.1	4365869	4388409
OG_0007489	NC_062257.1	4390916	4427567
OG_0013593	NC_062257.1	4415947	4486443
OG_0015791	NC_062257.1	4519851	4541321
OG_0014037	NC_062257.1	4529244	4603080
OG_0005939	NC_062257.1	4723947	4746839
OG_0000836	NC_062257.1	4732273	4777946
OG_0001957	NC_062257.1	4823508	4868676
OG_0005669	NC_062257.1	4864523	4896547
OG_0017572	NC_062257.1	4964219	4985221
OG_0018624	NC_062257.1	4971231	4993281
OG_0000823	NC_062257.1	5033383	5055407
OG_0017725	NC_062257.1	5064304	5085635
OG_0009670	NC_062257.1	5081170	5167271
OG_0006487	NC_062257.1	5707527	5760896
OG_0001633	NC_062257.1	5745866	5768362
OG_0015681	NC_062257.1	5874486	5912949
OG_0017507	NC_062257.1	5969720	6001538
OG_0011842	NC_062257.1	6003477	6067686
OG_0014817	NC_062257.1	6061082	6082609
OG_0016154	NC_062257.1	6235836	6258070
OG_0017327	NC_062257.1	6277386	6299737
OG_0001168	NC_062257.1	6386425	6413611
OG_0013923	NC_062257.1	6450469	6526871
OG_0014413	NC_062257.1	6535928	6557082
OG_0018383	NC_062257.1	6593118	6667337
OG_0005907	NC_062257.1	6662305	6759445
OG_0014156	NC_062257.1	7007821	7029572
OG_0014155	NC_062257.1	7127957	7149666
OG_0014948	NC_062257.1	7367091	7389199
OG_0000691	NC_062257.1	219401	241437
OG_0017185	NC_062257.1	235604	256590
OG_0018656	NC_062257.1	256995	279081
OG_0001105	NC_062257.1	311706	362246
OG_0018278	NC_062257.1	346030	366723
OG_0001931	NC_062257.1	411412	432059
OG_0013307	NC_062257.1	421163	441997
OG_0007436	NC_062257.1	423575	444822
OG_0012424	NC_062257.1	433538	460457
OG_0008389	NC_062257.1	452425	477840
OG_0008390	NC_062257.1	458211	479769
OG_0015476	NC_062257.1	479348	500381
OG_0016709	NC_062257.1	581096	613513
OG_0005660	NC_062257.1	756985	805505
OG_0007466	NC_062257.1	1066575	1094541
OG_0006726	NC_062257.1	1130497	1153944
OG_0001610	NC_062257.1	1191404	1221178
OG_0001971	NC_062257.1	1217258	1247724
OG_0011672	NC_062257.1	1236134	1282826
OG_0011676	NC_062257.1	1279291	1311214
OG_0014074	NC_062257.1	1313146	1337372
OG_0015977	NC_062257.1	1415569	1437275
OG_0018116	NC_062257.1	1565808	1586200
OG_0018066	NC_062257.1	1588139	1609100
OG_0019133	NC_062257.1	1637375	1657728
OG_0001746	NC_062257.1	1653566	1701488
OG_0001819	NC_062257.1	1987840	2008283
OG_0012343	NC_062257.1	1994509	2033567
OG_0007150	NC_062257.1	2050530	2088388
OG_0005440	NC_062257.1	2190562	2213449
OG_0015288	NC_062257.1	2353332	2405809
OG_0018803	NC_062257.1	2417554	2491708
OG_0008091	NC_062257.1	2494849	2515598
OG_0002593	NC_062257.1	2631986	2653089
OG_0006984	NC_062257.1	2736369	2759587
OG_0014089	NC_062257.1	2744379	2774825
OG_0014090	NC_062257.1	2758862	2779994
OG_0018637	NC_062257.1	2798063	2829377
OG_0002096	NC_062257.1	3061583	3083361
OG_0012654	NC_062257.1	3157029	3229826
OG_0011214	NC_062257.1	3228927	3263366
OG_0001128	NC_062257.1	3260981	3294652
OG_0009574	NC_062257.1	3373219	3394463
OG_0002182	NC_062257.1	3404318	3445240
OG_0016399	NC_062257.1	3452648	3479113
OG_0017727	NC_062257.1	3475791	3523830
OG_0007078	NC_062257.1	3698200	3778679
OG_0007073	NC_062257.1	3768399	3852396
OG_0007509	NC_062257.1	3907097	3992953
OG_0007700	NC_062257.1	4060073	4093318
OG_0012258	NC_062257.1	4198042	4221997
OG_0002053	NC_062257.1	4203538	4239299
OG_0007418	NC_062257.1	4300026	4321197
OG_0007776	NC_062257.1	4332386	4358077
OG_0005579	NC_062257.1	4340391	4380558
OG_0016177	NC_062257.1	4370792	4409945
OG_0006748	NC_062257.1	4521923	4543596
OG_0012235	NC_062257.1	4759582	4802462
OG_0018508	NC_062257.1	4789935	4842578
OG_0006416	NC_062257.1	4852238	4883417
OG_0011955	NC_062257.1	4876623	4907423
OG_0017635	NC_062257.1	4893389	4983070
OG_0003685	NC_062257.1	4965841	4988347
OG_0005646	NC_062257.1	4978626	5012608
OG_0000494	NC_062257.1	5056519	5078333
OG_0007552	NC_062257.1	5071500	5100323
OG_0015212	NC_062257.1	5148618	5170105
OG_0002564	NC_062257.1	5634940	5656037
OG_0008247	NC_062257.1	5757193	5801141
OG_0005606	NC_062257.1	5893360	5915258
OG_0004154	NC_062257.1	5903084	5989024
OG_0011450	NC_062257.1	5983952	6022379
OG_0018726	NC_062257.1	6052813	6074031
OG_0000647	NC_062257.1	6069598	6123486
OG_0006886	NC_062257.1	6226833	6253535
OG_0016589	NC_062257.1	6241840	6294487
OG_0009601	NC_062257.1	6283037	6323303
OG_0001099	NC_062257.1	6329442	6352416
OG_0006876	NC_062257.1	6507662	6533882
OG_0014278	NC_062257.1	6515334	6541462
OG_0018397	NC_062257.1	6529250	6553600
OG_0018703	NC_062257.1	7040021	7062777
OG_0016721	NC_062257.1	7340361	7361873
OG_0002792	NC_062258.1	1208082	1229809
OG_0001292	NC_062258.1	2145030	2167500
OG_0012652	NC_062258.1	1116426	1145288
OG_0014685	NC_062258.1	2584599	2606673
OG_0017839	NC_062259.1	118979	143068
OG_0012294	NC_062259.1	164400	200998
OG_0015118	NC_062259.1	190895	225439
OG_0015825	NC_062259.1	227283	255652
OG_0004431	NC_062259.1	289408	350596
OG_0006874	NC_062259.1	357159	379745
OG_0014626	NC_062259.1	361851	386053
OG_0014999	NC_062259.1	427075	460559
OG_0007211	NC_062259.1	447649	474117
OG_0018979	NC_062259.1	522324	559421
OG_0012314	NC_062259.1	555982	577004
OG_0013010	NC_062259.1	589823	644933
OG_0007352	NC_062259.1	868355	895477
OG_0015694	NC_062259.1	889976	920851
OG_0009551	NC_062259.1	948120	977470
OG_0015646	NC_062259.1	1047917	1076254
OG_0011414	NC_062259.1	1066156	1087469
OG_0014014	NC_062259.1	1282804	1315179
OG_0014120	NC_062259.1	1363176	1397933
OG_0008295	NC_062259.1	1386650	1431667
OG_0005471	NC_062259.1	1433973	1463174
OG_0012286	NC_062259.1	1514225	1575420
OG_0017570	NC_062259.1	1709411	1732418
OG_0012378	NC_062259.1	1766286	1810765
OG_0011459	NC_062259.1	1863643	1884534
OG_0007879	NC_062259.1	1877464	1899820
OG_0013243	NC_062259.1	1900609	1922793
OG_0002083	NC_062259.1	2078953	2099942
OG_0007975	NC_062259.1	2094858	2149521
OG_0009072	NC_062259.1	2162367	2194362
OG_0001310	NC_062259.1	2185460	2233244
OG_0013442	NC_062259.1	2217168	2283031
OG_0015209	NC_062259.1	2290068	2340396
OG_0001080	NC_062259.1	2384990	2410840
OG_0005570	NC_062259.1	2393103	2421531
OG_0008021	NC_062259.1	2448191	2489304
OG_0012605	NC_062259.1	2514675	2551696
OG_0008108	NC_062259.1	2564855	2585631
OG_0015698	NC_062259.1	2708104	2733059
OG_0005409	NC_062259.1	2772459	2815306
OG_0008242	NC_062259.1	2809410	2863025
OG_0015332	NC_062259.1	2849273	2871387
OG_0017068	NC_062259.1	2851925	2960759
OG_0013626	NC_062259.1	2961132	2984660
OG_0015603	NC_062259.1	3018526	3057456
OG_0011558	NC_062259.1	3091319	3117005
OG_0017252	NC_062259.1	3157944	3180392
OG_0014005	NC_062259.1	3173119	3220437
OG_0016917	NC_062259.1	3263700	3289706
OG_0007796	NC_062259.1	3272161	3294592
OG_0012869	NC_062259.1	3377484	3398476
OG_0017929	NC_062259.1	3391901	3413830
OG_0000603	NC_062259.1	3560263	3672930
OG_0016547	NC_062259.1	3749819	3773417
OG_0018745	NC_062259.1	3862423	3883915
OG_0009168	NC_062259.1	3877974	3901650
OG_0007861	NC_062259.1	3900694	3921309
OG_0009516	NC_062259.1	3913773	3943437
OG_0000748	NC_062259.1	3957372	4017172
OG_0005389	NC_062259.1	4043741	4070383
OG_0007656	NC_062259.1	4072017	4099579
OG_0007334	NC_062259.1	4200222	4226659
OG_0015931	NC_062259.1	4210169	4237299
OG_0000811	NC_062259.1	4222178	4344324
OG_0014376	NC_062259.1	4355733	4557637
OG_0016411	NC_062259.1	4636862	4659635
OG_0006554	NC_062259.1	4644180	4665970
OG_0011679	NC_062259.1	4742476	4836883
OG_0013796	NC_062259.1	4876222	4901429
OG_0000150	NC_062259.1	4979478	5000914
OG_0000151	NC_062259.1	4984606	5005841
OG_0006590	NC_062259.1	5061138	5152907
OG_0016349	NC_062259.1	5161095	5182309
OG_0009519	NC_062259.1	5170981	5206790
OG_0013011	NC_062259.1	5192258	5219813
OG_0014916	NC_062259.1	5225174	5247095
OG_0015836	NC_062259.1	5261618	5286746
OG_0013476	NC_062259.1	5329367	5358062
OG_0015785	NC_062259.1	5393609	5415001
OG_0001394	NC_062259.1	5398217	5425931
OG_0013441	NC_062259.1	5506139	5527249
OG_0011870	NC_062259.1	5582330	5619287
OG_0014122	NC_062259.1	5600550	5626486
OG_0014741	NC_062259.1	5694109	5720710
OG_0014581	NC_062259.1	5728041	5753701
OG_0018219	NC_062259.1	5749010	5771252
OG_0002165	NC_062259.1	5772292	5797165
OG_0018089	NC_062259.1	5809027	5830349
OG_0017337	NC_062259.1	5817192	5838202
OG_0000830	NC_062259.1	5867466	5912254
OG_0017364	NC_062259.1	5894199	5920046
OG_0005511	NC_062259.1	5954849	5979654
OG_0011735	NC_062259.1	5962574	5993763
OG_0002615	NC_062259.1	5981713	6007927
OG_0018582	NC_062259.1	6007462	6028484
OG_0006596	NC_062259.1	6112605	6139677
OG_0015349	NC_062259.1	6131096	6153618
OG_0013014	NC_062259.1	6290981	6312156
OG_0014241	NC_062259.1	6293113	6316278
OG_0016628	NC_062259.1	6348372	6374299
OG_0013836	NC_062259.1	6433624	6473868
OG_0013910	NC_062259.1	6456776	6494733
OG_0002629	NC_062259.1	6478692	6501741
OG_0009557	NC_062259.1	6563889	6586988
OG_0001878	NC_062259.1	6588951	6611615
OG_0007696	NC_062259.1	6733306	6755549
OG_0008145	NC_062259.1	6833701	6855132
OG_0001345	NC_062259.1	6871344	6894487
OG_0017219	NC_062259.1	6903111	6924561
OG_0001535	NC_062259.1	6985277	7029759
OG_0018394	NC_062259.1	7012323	7033318
OG_0001205	NC_062259.1	7022172	7056326
OG_0006785	NC_062259.1	7065491	7088317
OG_0013159	NC_062259.1	7079888	7138132
OG_0005406	NC_062259.1	7134245	7156789
OG_0002249	NC_062259.1	7158184	7185251
OG_0002226	NC_062259.1	7215965	7248101
OG_0000881	NC_062259.1	7243556	7304778
OG_0011345	NC_062259.1	7345881	7379902
OG_0017273	NC_062259.1	7446699	7475111
OG_0018334	NC_062259.1	7458861	7482854
OG_0011300	NC_062259.1	7467920	7495285
OG_0007704	NC_062259.1	7570477	7679485
OG_0006565	NC_062259.1	7672977	7709674
OG_0015962	NC_062259.1	7718008	7742499
OG_0011392	NC_062259.1	7740763	7763824
OG_0019039	NC_062259.1	7745177	7765936
OG_0000461	NC_062259.1	7919167	7942365
OG_0012542	NC_062259.1	7996157	8021549
OG_0014281	NC_062259.1	8088647	8111442
OG_0018213	NC_062259.1	8104701	8125701
OG_0012779	NC_062259.1	8108905	8139651
OG_0017351	NC_062259.1	8420291	8441280
OG_0013616	NC_062259.1	8429519	8456044
OG_0001996	NC_062259.1	8448317	8469849
OG_0013189	NC_062259.1	8538350	8560014
OG_0000967	NC_062259.1	8560941	8620888
OG_0014040	NC_062259.1	8636185	8666448
OG_0000589	NC_062259.1	8647457	8721501
OG_0015095	NC_062259.1	8710508	8738161
OG_0007522	NC_062259.1	8722195	8755155
OG_0007914	NC_062259.1	8735972	8756893
OG_0012518	NC_062259.1	8741354	8766817
OG_0006951	NC_062259.1	8748087	8770175
OG_0000780	NC_062259.1	8752546	8795024
OG_0007287	NC_062259.1	8795737	8827865
OG_0018016	NC_062259.1	8827659	8848156
OG_0011507	NC_062259.1	8838493	8873780
OG_0002604	NC_062259.1	8861981	8888078
OG_0000778	NC_062259.1	8869024	8931706
OG_0000777	NC_062259.1	8973513	9003764
OG_0016242	NC_062259.1	8988631	9037131
OG_0016841	NC_062259.1	9022895	9044610
OG_0001332	NC_062259.1	9028348	9077764
OG_0013863	NC_062259.1	9064719	9092457
OG_0013139	NC_062259.1	9078022	9106664
OG_0001051	NC_062259.1	9094076	9116220
OG_0000900	NC_062259.1	9102587	9125889
OG_0017490	NC_062259.1	9115963	9138846
OG_0013149	NC_062259.1	9121159	9189704
OG_0014363	NC_062259.1	9207412	9268302
OG_0013341	NC_062259.1	9252194	9287815
OG_0002750	NC_062259.1	9277973	9340860
OG_0012940	NC_062259.1	9462356	9487468
OG_0011316	NC_062259.1	9471033	9500863
OG_0013000	NC_062259.1	9488875	9518731
OG_0012442	NC_062259.1	9559710	9592131
OG_0001999	NC_062259.1	9603768	9626120
OG_0001005	NC_062259.1	9691855	9719791
OG_0016087	NC_062259.1	9709796	9748264
OG_0018868	NC_062259.1	9751359	9771904
OG_0012615	NC_062259.1	9766434	9794071
OG_0013356	NC_062259.1	9792501	9819183
OG_0000799	NC_062259.1	9856767	9903589
OG_0014988	NC_062259.1	9892532	9914070
OG_0006399	NC_062259.1	9897726	9922209
OG_0000123	NC_062259.1	9921231	10035590
OG_0006852	NC_062259.1	10028980	10057938
OG_0007958	NC_062259.1	10045967	10075240
OG_0014497	NC_062259.1	10106550	10129294
OG_0013914	NC_062259.1	10112265	10170258
OG_0016414	NC_062259.1	10163467	10192404
OG_0012466	NC_062259.1	10261315	10338540
OG_0014829	NC_062259.1	10388995	10412751
OG_0017686	NC_062259.1	10414980	10445959
OG_0013631	NC_062259.1	10433939	10493607
OG_0016111	NC_062259.1	10682612	10731210
OG_0011718	NC_062259.1	10855205	10919724
OG_0005252	NC_062259.1	10968972	11013129
OG_0015699	NC_062259.1	11110757	11141643
OG_0007511	NC_062259.1	11325674	11457576
OG_0005804	NC_062259.1	11509290	11539124
OG_0013758	NC_062259.1	11525244	11552531
OG_0001935	NC_062259.1	11576629	11652971
OG_0006672	NC_062259.1	11705091	11729064
OG_0018804	NC_062259.1	11726095	11756703
OG_0008262	NC_062259.1	11818511	11864437
OG_0014759	NC_062259.1	11849149	11875073
OG_0015520	NC_062259.1	11882878	11906356
OG_0000063	NC_062259.1	11912027	11939856
OG_0018872	NC_062259.1	11949015	11970209
OG_0000657	NC_062259.1	12020161	12050837
OG_0012947	NC_062259.1	12041126	12064598
OG_0018323	NC_062259.1	12072041	12094636
OG_0013475	NC_062259.1	12127456	12150989
OG_0008307	NC_062259.1	12227531	12311257
OG_0012931	NC_062259.1	12311170	12340870
OG_0009657	NC_062259.1	12327203	12360409
OG_0015461	NC_062259.1	12354465	12391169
OG_0013727	NC_062259.1	12372942	12397819
OG_0013434	NC_062259.1	12385767	12433690
OG_0001511	NC_062259.1	12420832	12457183
OG_0006480	NC_062259.1	12495000	12523160
OG_0011245	NC_062259.1	12643420	12677469
OG_0014943	NC_062259.1	12715100	12756074
OG_0000797	NC_062259.1	12815613	12847645
OG_0014222	NC_062259.1	12909023	12932007
OG_0018528	NC_062259.1	12919729	12941391
OG_0000976	NC_062259.1	12933652	12960884
OG_0007119	NC_062259.1	12945417	12967258
OG_0017115	NC_062259.1	12958449	12979748
OG_0007601	NC_062259.1	13018050	13048967
OG_0015883	NC_062259.1	13036642	13118865
OG_0008012	NC_062259.1	13128867	13160252
OG_0009303	NC_062259.1	13151364	13198441
OG_0007540	NC_062259.1	13291686	13319050
OG_0015689	NC_062259.1	13299657	13330110
OG_0002492	NC_062259.1	13327756	13349633
OG_0018302	NC_062259.1	13405132	13425506
OG_0015660	NC_062259.1	13423643	13454225
OG_0002242	NC_062259.1	13444672	13466800
OG_0001510	NC_062259.1	13541848	13566943
OG_0007350	NC_062259.1	13655279	13690242
OG_0012460	NC_062259.1	13813974	13842091
OG_0007578	NC_062259.1	13826709	13855278
OG_0006421	NC_062259.1	13859892	13885929
OG_0002371	NC_062259.1	131907	157788
OG_0012414	NC_062259.1	140562	182382
OG_0017081	NC_062259.1	268535	289377
OG_0007445	NC_062259.1	337784	367075
OG_0018939	NC_062259.1	375414	409278
OG_0004311	NC_062259.1	402282	432169
OG_0017945	NC_062259.1	441849	463697
OG_0001181	NC_062259.1	462477	486487
OG_0013775	NC_062259.1	473257	520156
OG_0014131	NC_062259.1	508275	535285
OG_0004139	NC_062259.1	561519	588272
OG_0011427	NC_062259.1	627807	656653
OG_0019003	NC_062259.1	876463	902060
OG_0001027	NC_062259.1	919428	944257
OG_0015398	NC_062259.1	959013	1008324
OG_0013953	NC_062259.1	1017638	1062158
OG_0007870	NC_062259.1	1264374	1287434
OG_0017423	NC_062259.1	1274198	1300444
OG_0017842	NC_062259.1	1338275	1359091
OG_0011465	NC_062259.1	1434352	1459892
OG_0012288	NC_062259.1	1588606	1624493
OG_0012917	NC_062259.1	1660704	1686967
OG_0015679	NC_062259.1	1697109	1726118
OG_0000284	NC_062259.1	1713892	1739401
OG_0016663	NC_062259.1	1741246	1772037
OG_0015092	NC_062259.1	1757454	1782154
OG_0012547	NC_062259.1	1837495	1914705
OG_0012548	NC_062259.1	1932198	1996549
OG_0006017	NC_062259.1	2072695	2093139
OG_0001804	NC_062259.1	2138671	2171896
OG_0000421	NC_062259.1	2152207	2174989
OG_0017726	NC_062259.1	2277360	2309724
OG_0016431	NC_062259.1	2342239	2393723
OG_0016619	NC_062259.1	2407269	2467140
OG_0019111	NC_062259.1	2477860	2499060
OG_0005342	NC_062259.1	2698831	2724842
OG_0008366	NC_062259.1	2715511	2768697
OG_0006851	NC_062259.1	2845658	2867747
OG_0018325	NC_062259.1	2848234	2868834
OG_0017905	NC_062259.1	2965031	2989607
OG_0014444	NC_062259.1	3002755	3036439
OG_0001515	NC_062259.1	3043332	3162535
OG_0016101	NC_062259.1	3220742	3241509
OG_0006753	NC_062259.1	3232500	3343006
OG_0011588	NC_062259.1	3369308	3395542
OG_0013352	NC_062259.1	3386247	3409285
OG_0005869	NC_062259.1	3390171	3410896
OG_0012173	NC_062259.1	3399587	3448053
OG_0007851	NC_062259.1	3466240	3524737
OG_0016957	NC_062259.1	3665023	3753659
OG_0015240	NC_062259.1	3758654	3787686
OG_0009082	NC_062259.1	3822147	3846030
OG_0007452	NC_062259.1	3864790	3895528
OG_0018292	NC_062259.1	3883312	3906594
OG_0006482	NC_062259.1	3894827	3919272
OG_0017171	NC_062259.1	3905730	3933158
OG_0000808	NC_062259.1	3925497	3952964
OG_0005871	NC_062259.1	3941927	3965963
OG_0003028	NC_062259.1	3970083	3990926
OG_0009286	NC_062259.1	4001461	4053956
OG_0002801	NC_062259.1	4083988	4159564
OG_0014632	NC_062259.1	4149261	4174455
OG_0013495	NC_062259.1	4180658	4202631
OG_0000398	NC_062259.1	4551660	4576917
OG_0001547	NC_062259.1	4622980	4656148
OG_0012018	NC_062259.1	4651376	4687057
OG_0006643	NC_062259.1	4722207	4755326
OG_0010840	NC_062259.1	4887830	4909290
OG_0018944	NC_062259.1	4906792	4927378
OG_0008082	NC_062259.1	4917462	4944539
OG_0002271	NC_062259.1	4956432	4987154
OG_0000669	NC_062259.1	4970441	4992177
OG_0009081	NC_062259.1	5146829	5175108
OG_0015898	NC_062259.1	5201056	5243792
OG_0001030	NC_062259.1	5275309	5324919
OG_0013051	NC_062259.1	5339062	5365036
OG_0003839	NC_062259.1	5348397	5392630
OG_0009630	NC_062259.1	5379446	5408390
OG_0000616	NC_062259.1	5408972	5431197
OG_0016996	NC_062259.1	5415351	5438650
OG_0007853	NC_062259.1	5457871	5518873
OG_0014512	NC_062259.1	5499842	5523767
OG_0002344	NC_062259.1	5539221	5561747
OG_0012312	NC_062259.1	5615199	5686796
OG_0006576	NC_062259.1	5672282	5710851
OG_0017549	NC_062259.1	5711939	5732967
OG_0016717	NC_062259.1	5719267	5742427
OG_0016750	NC_062259.1	5737808	5771901
OG_0017220	NC_062259.1	5765542	5790309
OG_0009086	NC_062259.1	5779588	5801734
OG_0009270	NC_062259.1	5788431	5826928
OG_0007566	NC_062259.1	5901966	5934876
OG_0000471	NC_062259.1	5930402	5972753
OG_0001302	NC_062259.1	5996468	6055084
OG_0016878	NC_062259.1	6043790	6098639
OG_0018721	NC_062259.1	6084477	6106994
OG_0005827	NC_062259.1	6096311	6128214
OG_0009114	NC_062259.1	6126369	6150140
OG_0008144	NC_062259.1	6140988	6219613
OG_0015223	NC_062259.1	6266199	6299875
OG_0005317	NC_062259.1	6334058	6364437
OG_0013792	NC_062259.1	6358526	6411906
OG_0016686	NC_062259.1	6410380	6437932
OG_0017651	NC_062259.1	6418528	6442580
OG_0015366	NC_062259.1	6423037	6444479
OG_0006652	NC_062259.1	6485720	6581514
OG_0000801	NC_062259.1	6573158	6608165
OG_0001775	NC_062259.1	6627060	6651371
OG_0001692	NC_062259.1	6636487	6707691
OG_0008261	NC_062259.1	6720086	6750971
OG_0001244	NC_062259.1	6770110	6820656
OG_0002781	NC_062259.1	6922073	6961771
OG_0016205	NC_062259.1	7038049	7074085
OG_0001060	NC_062259.1	7070677	7095996
OG_0016183	NC_062259.1	7121450	7144647
OG_0014482	NC_062259.1	7127766	7152239
OG_0014111	NC_062259.1	7139481	7167581
OG_0007282	NC_062259.1	7173974	7229240
OG_0000890	NC_062259.1	7232256	7255554
OG_0005703	NC_062259.1	7238077	7261348
OG_0000279	NC_062259.1	7293825	7353276
OG_0016243	NC_062259.1	7379072	7462094
OG_0014332	NC_062259.1	7478889	7581506
OG_0002272	NC_062259.1	7563668	7585505
OG_0014006	NC_062259.1	7603419	7624841
OG_0000824	NC_062259.1	7619812	7649119
OG_0018810	NC_062259.1	7694644	7757951
OG_0000066	NC_062259.1	7748000	7888695
OG_0000518	NC_062259.1	7877908	7904492
OG_0013860	NC_062259.1	7886059	7924957
OG_0014433	NC_062259.1	7925180	7971689
OG_0002243	NC_062259.1	8041873	8068577
OG_0012063	NC_062259.1	8128270	8306391
OG_0016172	NC_062259.1	8325975	8367112
OG_0017595	NC_062259.1	8357306	8427398
OG_0002437	NC_062259.1	8423836	8446509
OG_0015323	NC_062259.1	8443492	8466109
OG_0006021	NC_062259.1	8450873	8471352
OG_0016254	NC_062259.1	8455876	8489489
OG_0016497	NC_062259.1	8511505	8534812
OG_0007937	NC_062259.1	8535178	8557389
OG_0012868	NC_062259.1	8542631	8565074
OG_0015178	NC_062259.1	8613370	8650973
OG_0012859	NC_062259.1	8706292	8729402
OG_0005848	NC_062259.1	8719338	8741396
OG_0007913	NC_062259.1	8737831	8759489
OG_0003942	NC_062259.1	8781476	8809249
OG_0018286	NC_062259.1	8818411	8838873
OG_0016158	NC_062259.1	8830256	8858156
OG_0002125	NC_062259.1	9087849	9108991
OG_0011353	NC_062259.1	9321073	9343725
OG_0014437	NC_062259.1	9327923	9354222
OG_0017620	NC_062259.1	9345006	9423820
OG_0016000	NC_062259.1	9407184	9443055
OG_0001113	NC_062259.1	9432109	9456306
OG_0016346	NC_062259.1	9443175	9471009
OG_0016574	NC_062259.1	9454645	9480456
OG_0006908	NC_062259.1	9502188	9525436
OG_0012951	NC_062259.1	9508555	9533031
OG_0016757	NC_062259.1	9549005	9570063
OG_0012903	NC_062259.1	9581992	9622482
OG_0013665	NC_062259.1	9611928	9641238
OG_0016118	NC_062259.1	9756557	9783742
OG_0007045	NC_062259.1	9776452	9803132
OG_0001276	NC_062259.1	9805249	9867688
OG_0002073	NC_062259.1	9885763	9911045
OG_0013765	NC_062259.1	9902789	9924384
OG_0011997	NC_062259.1	9904555	9929115
OG_0018633	NC_062259.1	10021654	10046551
OG_0015837	NC_062259.1	10039862	10064029
OG_0017231	NC_062259.1	10063194	10085738
OG_0006591	NC_062259.1	10069477	10122160
OG_0014640	NC_062259.1	10175604	10205412
OG_0017646	NC_062259.1	10189436	10216321
OG_0015882	NC_062259.1	10250254	10279822
OG_0017538	NC_062259.1	10324735	10387254
OG_0007982	NC_062259.1	10399223	10432897
OG_0009739	NC_062259.1	10541637	10596223
OG_0013416	NC_062259.1	10607233	10696938
OG_0011713	NC_062259.1	11094774	11121687
OG_0016517	NC_062259.1	11149346	11199935
OG_0007514	NC_062259.1	11209762	11289738
OG_0007916	NC_062259.1	11505373	11528462
OG_0000649	NC_062259.1	11714101	11744172
OG_0015697	NC_062259.1	11743087	11769389
OG_0003175	NC_062259.1	11963531	12018638
OG_0013316	NC_062259.1	12016698	12038946
OG_0012213	NC_062259.1	12033350	12054093
OG_0008175	NC_062259.1	12046736	12071960
OG_0001989	NC_062259.1	12079919	12101220
OG_0018053	NC_062259.1	12086548	12110832
OG_0015780	NC_062259.1	12092857	12114924
OG_0018623	NC_062259.1	12096295	12120851
OG_0013603	NC_062259.1	12106556	12127599
OG_0013602	NC_062259.1	12115268	12140945
OG_0000460	NC_062259.1	12136440	12167063
OG_0001797	NC_062259.1	12169896	12223050
OG_0018825	NC_062259.1	12207877	12245253
OG_0001263	NC_062259.1	12343933	12369807
OG_0001362	NC_062259.1	12515218	12638065
OG_0007600	NC_062259.1	12660638	12689283
OG_0001493	NC_062259.1	12745512	12801299
OG_0015259	NC_062259.1	12844392	12923118
OG_0007991	NC_062259.1	12914214	12951129
OG_0012180	NC_062259.1	12952940	12975419
OG_0001808	NC_062259.1	13118827	13144734
OG_0015200	NC_062259.1	13179894	13207855
OG_0016150	NC_062259.1	13191094	13223969
OG_0001053	NC_062259.1	13269393	13297801
OG_0013381	NC_062259.1	13281844	13310129
OG_0009316	NC_062259.1	13315212	13343578
OG_0015023	NC_062259.1	13397916	13424245
OG_0007222	NC_062259.1	13406936	13441382
OG_0001685	NC_062259.1	13453756	13502046
OG_0015119	NC_062259.1	13483308	13508287
OG_0001512	NC_062259.1	13530393	13557061
OG_0015850	NC_062259.1	13550242	13573911
OG_0011755	NC_062259.1	13556319	13606598
OG_0016599	NC_062259.1	13596727	13643511
OG_0000215	NC_062259.1	13633287	13655426
OG_0001704	NC_062259.1	13676612	13699246
OG_0011212	NC_062259.1	13724957	13746125
OG_0015870	NC_062259.1	13736295	13807609
OG_0017991	NC_062259.1	13823759	13846013
OG_0018242	NW_025920860.1	1019712	1040710
OG_0006911	NW_025920862.1	0	11714
OG_0008935	NW_025920869.1	0	17295
OG_0000666	NW_025920872.1	0	13403
OG_0007187	NW_025920872.1	0	18238
OG_0007120	NW_025920874.1	4086	25347